sale_id,order_id,sale_date,customer_id,product_id,seller_id,region_id,quantity,unit_price,discount_pct
S0000001,PED000001,2025-10-02,C00638,P029,V014,R04,4,249.9,0.05
S0000002,PED000001,2025-10-02,C00638,P003,V014,R04,4,49.9,0.15
S0000003,PED000002,2023-11-12,C00545,P025,V014,R01,3,149.9,0.05
S0000004,PED000003,2023-05-19,C00350,P032,V007,R03,2,499.9,0.05
S0000005,PED000004,2025-11-24,C00689,P024,V005,R03,4,149.9,0.15
S0000006,PED000004,2025-11-24,C00689,P021,V005,R03,4,899.9,0.1
S0000007,PED000005,2023-07-09,C00527,P052,V006,R03,1,89.9,0.0
S0000008,PED000005,2023-07-09,C00527,P059,V006,R03,4,499.9,0.05
S0000009,PED000006,2023-08-29,C00614,P060,V003,R04,3,149.9,0.05
S0000010,PED000006,2023-08-29,C00614,P053,V003,R04,1,49.9,0.15
S0000011,PED000006,2023-08-29,C00614,P058,V003,R04,1,49.9,0.05
S0000012,PED000007,2023-11-26,C00514,P002,V011,R04,3,499.9,0.0
S0000013,PED000007,2023-11-26,C00514,P029,V011,R04,1,249.9,0.05
S0000014,PED000007,2023-11-26,C00514,P046,V011,R04,2,249.9,0.0
S0000015,PED000008,2024-08-27,C00660,P037,V001,R01,2,149.9,0.05
S0000016,PED000008,2024-08-27,C00660,P010,V001,R01,3,249.9,0.05
S0000017,PED000009,2025-09-19,C00603,P026,V012,R02,3,49.9,0.05
S0000018,PED000009,2025-09-19,C00603,P019,V012,R02,4,149.9,0.05
S0000019,PED000009,2025-09-19,C00603,P018,V012,R02,2,499.9,0.0
S0000020,PED000010,2025-04-29,C00543,P050,V016,R04,1,899.9,0.1
S0000021,PED000010,2025-04-29,C00543,P029,V016,R04,1,249.9,0.15
S0000022,PED000010,2025-04-29,C00543,P002,V016,R04,2,499.9,0.15
S0000023,PED000011,2025-02-24,C00476,P051,V019,R01,3,899.9,0.05
S0000024,PED000012,2023-08-03,C00482,P050,V020,R03,1,899.9,0.0
S0000025,PED000012,2023-08-03,C00482,P032,V020,R03,3,499.9,0.1
S0000026,PED000013,2024-02-01,C00680,P001,V021,R01,3,49.9,0.1
S0000027,PED000013,2024-02-01,C00680,P025,V021,R01,1,149.9,0.1
S0000028,PED000013,2024-02-01,C00680,P035,V021,R01,2,499.9,0.1
S0000029,PED000014,2024-06-27,C00528,P043,V003,R03,3,49.9,0.05
S0000030,PED000015,2023-06-30,C00669,P018,V010,R03,2,499.9,0.0
S0000031,PED000015,2023-06-30,C00669,P015,V010,R03,2,499.9,0.0
S0000032,PED000015,2023-06-30,C00669,P047,V010,R03,2,149.9,0.1
S0000033,PED000016,2023-11-13,C00491,P011,V003,R02,4,149.9,0.0
S0000034,PED000016,2023-11-13,C00491,P005,V003,R02,1,499.9,0.1
S0000035,PED000017,2023-12-10,C00575,P029,V011,R03,1,249.9,0.1
S0000036,PED000018,2023-06-07,C00651,P038,V008,R03,1,499.9,0.0
S0000037,PED000019,2024-09-19,C00563,P048,V018,R01,4,149.9,0.0
S0000038,PED000020,2025-02-19,C00662,P021,V002,R02,4,899.9,0.0
S0000039,PED000021,2023-03-31,C00651,P031,V012,R03,1,149.9,0.1
S0000040,PED000021,2023-03-31,C00651,P054,V012,R03,1,249.9,0.2
S0000041,PED000022,2024-06-30,C00540,P003,V015,R03,1,49.9,0.0
S0000042,PED000022,2024-06-30,C00540,P032,V015,R03,1,499.9,0.05
S0000043,PED000023,2025-05-25,C00509,P029,V004,R04,1,249.9,0.0
S0000044,PED000023,2025-05-25,C00509,P012,V004,R04,3,89.9,0.15
S0000045,PED000023,2025-05-25,C00509,P024,V004,R04,3,149.9,0.0
S0000046,PED000024,2025-04-13,C00490,P014,V017,R03,1,499.9,0.0
S0000047,PED000024,2025-04-13,C00490,P015,V017,R03,1,499.9,0.1
S0000048,PED000024,2025-04-13,C00490,P009,V017,R03,4,499.9,0.2
S0000049,PED000025,2025-07-01,C00493,P006,V022,R01,2,499.9,0.15
S0000050,PED000025,2025-07-01,C00493,P001,V022,R01,4,49.9,0.0
S0000051,PED000025,2025-07-01,C00493,P024,V022,R01,2,149.9,0.05
S0000052,PED000026,2024-05-24,C00558,P035,V021,R03,2,499.9,0.05
S0000053,PED000026,2024-05-24,C00558,P021,V021,R03,1,899.9,0.1
S0000054,PED000026,2024-05-24,C00558,P016,V021,R03,4,149.9,0.05
S0000055,PED000027,2025-07-08,C00625,P001,V005,R05,1,49.9,0.1
S0000056,PED000027,2025-07-08,C00625,P005,V005,R05,2,499.9,0.1
S0000057,PED000027,2025-07-08,C00625,P007,V005,R05,4,899.9,0.1
S0000058,PED000028,2023-10-15,C00615,P011,V024,R05,4,149.9,0.0
S0000059,PED000028,2023-10-15,C00615,P006,V024,R05,4,499.9,0.0
S0000060,PED000029,2024-02-05,C00644,P024,V007,R02,4,149.9,0.05
S0000061,PED000029,2024-02-05,C00644,P029,V007,R02,4,249.9,0.15
S0000062,PED000029,2024-02-05,C00644,P028,V007,R02,3,499.9,0.15
S0000063,PED000030,2023-08-04,C00565,P009,V012,R04,2,499.9,0.15
S0000064,PED000031,2024-06-15,C00459,P050,V019,R03,1,899.9,0.15
S0000065,PED000031,2024-06-15,C00459,P017,V019,R03,1,499.9,0.1
S0000066,PED000031,2024-06-15,C00459,P010,V019,R03,4,249.9,0.1
S0000067,PED000032,2024-03-17,C00511,P006,V013,R04,2,499.9,0.0
S0000068,PED000032,2024-03-17,C00511,P007,V013,R04,4,899.9,0.15
S0000069,PED000032,2024-03-17,C00511,P021,V013,R04,3,899.9,0.0
S0000070,PED000033,2023-10-15,C00625,P028,V020,R05,3,499.9,0.0
S0000071,PED000033,2023-10-15,C00625,P036,V020,R05,2,49.9,0.05
S0000072,PED000033,2023-10-15,C00625,P017,V020,R05,4,499.9,0.2
S0000073,PED000034,2025-04-18,C00604,P004,V021,R02,4,499.9,0.1
S0000074,PED000034,2025-04-18,C00604,P058,V021,R02,1,49.9,0.15
S0000075,PED000034,2025-04-18,C00604,P006,V021,R02,3,499.9,0.1
S0000076,PED000035,2023-12-15,C00539,P007,V004,R04,3,899.9,0.0
S0000077,PED000035,2023-12-15,C00539,P003,V004,R04,2,49.9,0.05
S0000078,PED000035,2023-12-15,C00539,P027,V004,R04,3,249.9,0.1
S0000079,PED000036,2023-11-12,C00615,P014,V008,R05,1,499.9,0.0
S0000080,PED000036,2023-11-12,C00615,P032,V008,R05,3,499.9,0.0
S0000081,PED000037,2023-06-12,C00521,P009,V023,R02,4,499.9,0.0
S0000082,PED000037,2023-06-12,C00521,P026,V023,R02,1,49.9,0.2
S0000083,PED000037,2023-06-12,C00521,P028,V023,R02,1,499.9,0.05
S0000084,PED000038,2024-05-12,C00529,P021,V004,R04,4,899.9,0.0
S0000085,PED000038,2024-05-12,C00529,P030,V004,R04,4,499.9,0.2
S0000086,PED000038,2024-05-12,C00529,P013,V004,R04,1,899.9,0.05
S0000087,PED000039,2023-12-05,C00510,P038,V019,R02,1,499.9,0.1
S0000088,PED000039,2023-12-05,C00510,P022,V019,R02,3,499.9,0.05
S0000089,PED000040,2024-02-17,C00647,P002,V001,R04,3,499.9,0.0
S0000090,PED000040,2024-02-17,C00647,P041,V001,R04,1,149.9,0.15
S0000091,PED000041,2023-10-10,C00503,P044,V005,R04,3,499.9,0.1
S0000092,PED000042,2025-05-02,C00677,P025,V001,R03,3,149.9,0.2
S0000093,PED000042,2025-05-02,C00677,P015,V001,R03,1,499.9,0.0
S0000094,PED000042,2025-05-02,C00677,P038,V001,R03,1,499.9,0.1
S0000095,PED000043,2025-11-05,C00599,P006,V009,R04,4,499.9,0.2
S0000096,PED000043,2025-11-05,C00599,P002,V009,R04,4,499.9,0.15
S0000097,PED000043,2025-11-05,C00599,P034,V009,R04,1,499.9,0.0
S0000098,PED000044,2024-07-21,C00458,P012,V001,R05,3,89.9,0.1
S0000099,PED000045,2024-12-11,C00603,P009,V006,R02,2,499.9,0.15
S0000100,PED000045,2024-12-11,C00603,P043,V006,R02,3,49.9,0.05
S0000101,PED000046,2025-09-01,C00497,P006,V024,R04,4,499.9,0.15
S0000102,PED000046,2025-09-01,C00497,P042,V024,R04,3,499.9,0.0
S0000103,PED000047,2025-12-30,C00076,P001,V006,R05,2,49.9,0.0
S0000104,PED000048,2024-11-17,C00634,P001,V024,R05,1,49.9,0.05
S0000105,PED000048,2024-11-17,C00634,P012,V024,R05,4,89.9,0.1
S0000106,PED000048,2024-11-17,C00634,P018,V024,R05,1,499.9,0.1
S0000107,PED000049,2025-09-26,C00617,P016,V004,R01,4,149.9,0.05
S0000108,PED000050,2025-10-16,C00466,P016,V022,R05,4,149.9,0.05
S0000109,PED000051,2025-06-04,C00692,P033,V006,R04,3,89.9,0.1
S0000110,PED000051,2025-06-04,C00692,P004,V006,R04,4,499.9,0.15
S0000111,PED000051,2025-06-04,C00692,P051,V006,R04,1,899.9,0.1
S0000112,PED000052,2024-06-07,C00558,P046,V006,R03,3,249.9,0.2
S0000113,PED000053,2023-04-14,C00458,P046,V006,R05,3,249.9,0.2
S0000114,PED000054,2023-01-21,C00559,P047,V002,R01,3,149.9,0.05
S0000115,PED000054,2023-01-21,C00559,P001,V002,R01,4,49.9,0.1
S0000116,PED000054,2023-01-21,C00559,P019,V002,R01,3,149.9,0.0
S0000117,PED000055,2024-06-26,C00502,P043,V017,R04,2,49.9,0.2
S0000118,PED000055,2024-06-26,C00502,P018,V017,R04,3,499.9,0.0
S0000119,PED000055,2024-06-26,C00502,P002,V017,R04,4,499.9,0.0
S0000120,PED000056,2024-07-16,C00555,P012,V012,R01,4,89.9,0.0
S0000121,PED000056,2024-07-16,C00555,P054,V012,R01,4,249.9,0.0
S0000122,PED000057,2024-04-04,C00697,P053,V002,R02,4,49.9,0.0
S0000123,PED000057,2024-04-04,C00697,P007,V002,R02,1,899.9,0.15
S0000124,PED000057,2024-04-04,C00697,P054,V002,R02,2,249.9,0.0
S0000125,PED000058,2024-10-08,C00613,P008,V012,R02,4,149.9,0.05
S0000126,PED000058,2024-10-08,C00613,P047,V012,R02,1,149.9,0.0
S0000127,PED000059,2024-09-21,C00607,P043,V015,R05,4,49.9,0.0
S0000128,PED000059,2024-09-21,C00607,P016,V015,R05,4,149.9,0.0
S0000129,PED000059,2024-09-21,C00607,P010,V015,R05,4,249.9,0.05
S0000130,PED000060,2025-07-27,C00540,P023,V007,R03,4,899.9,0.15
S0000131,PED000060,2025-07-27,C00540,P025,V007,R03,2,149.9,0.05
S0000132,PED000061,2023-05-17,C00692,P030,V018,R04,4,499.9,0.1
S0000133,PED000061,2023-05-17,C00692,P019,V018,R04,3,149.9,0.0
S0000134,PED000061,2023-05-17,C00692,P003,V018,R04,4,49.9,0.1
S0000135,PED000062,2023-09-29,C00507,P033,V003,R02,2,89.9,0.0
S0000136,PED000063,2025-06-06,C00470,P016,V005,R03,4,149.9,0.0
S0000137,PED000063,2025-06-06,C00470,P028,V005,R03,4,499.9,0.1
S0000138,PED000063,2025-06-06,C00470,P038,V005,R03,2,499.9,0.1
S0000139,PED000064,2025-08-10,C00481,P025,V002,R03,1,149.9,0.0
S0000140,PED000065,2025-12-27,C00660,P005,V023,R01,2,499.9,0.05
S0000141,PED000065,2025-12-27,C00660,P006,V023,R01,3,499.9,0.0
S0000142,PED000066,2025-09-08,C00700,P046,V006,R02,1,249.9,0.0
S0000143,PED000066,2025-09-08,C00700,P026,V006,R02,4,49.9,0.15
S0000144,PED000067,2025-09-27,C00633,P003,V021,R05,3,49.9,0.0
S0000145,PED000067,2025-09-27,C00633,P031,V021,R05,1,149.9,0.15
S0000146,PED000068,2023-12-15,C00479,P047,V021,R01,1,149.9,0.1
S0000147,PED000068,2023-12-15,C00479,P036,V021,R01,3,49.9,0.05
S0000148,PED000069,2024-03-28,C00639,P009,V023,R05,1,499.9,0.0
S0000149,PED000069,2024-03-28,C00639,P023,V023,R05,4,899.9,0.05
S0000150,PED000069,2024-03-28,C00639,P014,V023,R05,4,499.9,0.0
S0000151,PED000070,2023-11-09,C00530,P011,V005,R02,2,149.9,0.05
S0000152,PED000070,2023-11-09,C00530,P035,V005,R02,2,499.9,0.15
S0000153,PED000070,2023-11-09,C00530,P012,V005,R02,2,89.9,0.0
S0000154,PED000071,2024-11-12,C00662,P044,V020,R02,3,499.9,0.1
S0000155,PED000071,2024-11-12,C00662,P037,V020,R02,1,149.9,0.05
S0000156,PED000071,2024-11-12,C00662,P023,V020,R02,3,899.9,0.0
S0000157,PED000072,2025-11-11,C00553,P028,V005,R05,2,499.9,0.1
S0000158,PED000073,2024-01-15,C00633,P014,V018,R05,3,499.9,0.0
S0000159,PED000074,2024-09-27,C00461,P042,V007,R03,3,499.9,0.15
S0000160,PED000075,2023-11-30,C00546,P009,V024,R04,4,499.9,0.05
S0000161,PED000075,2023-11-30,C00546,P034,V024,R04,2,499.9,0.0
S0000162,PED000076,2023-07-27,C00656,P029,V007,R01,3,249.9,0.0
S0000163,PED000077,2023-08-27,C00678,P037,V003,R04,3,149.9,0.05
S0000164,PED000078,2023-03-16,C00698,P039,V001,R05,2,249.9,0.1
S0000165,PED000079,2025-11-19,C00653,P019,V001,R01,2,149.9,0.1
S0000166,PED000080,2024-03-30,C00532,P054,V003,R04,3,249.9,0.0
S0000167,PED000080,2024-03-30,C00532,P016,V003,R04,3,149.9,0.0
S0000168,PED000081,2025-07-24,C00651,P057,V022,R03,4,149.9,0.15
S0000169,PED000082,2025-01-19,C00671,P026,V004,R01,3,49.9,0.0
S0000170,PED000083,2023-08-23,C00517,P030,V011,R04,1,499.9,0.0
S0000171,PED000083,2023-08-23,C00517,P008,V011,R04,1,149.9,0.15
S0000172,PED000083,2023-08-23,C00517,P060,V011,R04,1,149.9,0.0
S0000173,PED000084,2023-08-03,C00478,P001,V006,R03,4,49.9,0.05
S0000174,PED000084,2023-08-03,C00478,P011,V006,R03,2,149.9,0.05
S0000175,PED000085,2025-06-28,C00688,P014,V020,R03,4,499.9,0.15
S0000176,PED000085,2025-06-28,C00688,P055,V020,R03,1,149.9,0.0
S0000177,PED000085,2025-06-28,C00688,P046,V020,R03,3,249.9,0.0
S0000178,PED000086,2023-11-06,C00617,P048,V021,R01,3,149.9,0.1
S0000179,PED000087,2025-10-20,C00558,P056,V004,R03,2,149.9,0.2
S0000180,PED000087,2025-10-20,C00558,P001,V004,R03,3,49.9,0.0
S0000181,PED000087,2025-10-20,C00558,P035,V004,R03,1,499.9,0.05
S0000182,PED000088,2023-06-22,C00475,P003,V019,R01,3,49.9,0.0
S0000183,PED000088,2023-06-22,C00475,P005,V019,R01,3,499.9,0.1
S0000184,PED000088,2023-06-22,C00475,P016,V019,R01,1,149.9,0.0
S0000185,PED000089,2025-01-14,C00586,P030,V019,R02,4,499.9,0.05
S0000186,PED000090,2025-07-01,C00566,P016,V003,R05,3,149.9,0.05
S0000187,PED000090,2025-07-01,C00566,P010,V003,R05,1,249.9,0.0
S0000188,PED000091,2023-10-09,C00528,P020,V014,R03,2,49.9,0.0
S0000189,PED000092,2023-11-15,C00479,P025,V005,R01,2,149.9,0.0
S0000190,PED000093,2025-12-01,C00686,P060,V013,R05,4,149.9,0.05
S0000191,PED000093,2025-12-01,C00686,P027,V013,R05,3,249.9,0.15
S0000192,PED000094,2023-11-06,C00544,P009,V023,R05,1,499.9,0.0
S0000193,PED000095,2024-05-02,C00641,P049,V017,R03,1,899.9,0.0
S0000194,PED000096,2024-05-05,C00608,P021,V013,R04,2,899.9,0.05
S0000195,PED000096,2024-05-05,C00608,P020,V013,R04,4,49.9,0.1
S0000196,PED000096,2024-05-05,C00608,P037,V013,R04,2,149.9,0.15
S0000197,PED000097,2023-10-27,C00456,P022,V018,R05,3,499.9,0.1
S0000198,PED000097,2023-10-27,C00456,P049,V018,R05,4,899.9,0.0
S0000199,PED000097,2023-10-27,C00456,P052,V018,R05,1,89.9,0.1
S0000200,PED000098,2025-05-17,C00462,P057,V015,R04,3,149.9,0.05
S0000201,PED000099,2025-05-12,C00633,P002,V007,R05,3,499.9,0.15
S0000202,PED000099,2025-05-12,C00633,P027,V007,R05,3,249.9,0.1
S0000203,PED000100,2024-02-29,C00542,P005,V018,R02,1,499.9,0.1
S0000204,PED000101,2025-07-26,C00697,P010,V010,R02,1,249.9,0.0
S0000205,PED000101,2025-07-26,C00697,P012,V010,R02,1,89.9,0.15
S0000206,PED000101,2025-07-26,C00697,P029,V010,R02,4,249.9,0.1
S0000207,PED000102,2023-09-16,C00490,P001,V023,R03,1,49.9,0.0
S0000208,PED000102,2023-09-16,C00490,P010,V023,R03,2,249.9,0.1
S0000209,PED000102,2023-09-16,C00490,P031,V023,R03,2,149.9,0.05
S0000210,PED000103,2023-01-06,C00619,P030,V012,R01,4,499.9,0.0
S0000211,PED000104,2024-10-11,C00580,P052,V021,R01,1,89.9,0.0
S0000212,PED000105,2025-12-26,C00576,P014,V012,R05,3,499.9,0.0
S0000213,PED000105,2025-12-26,C00576,P008,V012,R05,1,149.9,0.0
S0000214,PED000106,2023-02-20,C00631,P022,V006,R04,4,499.9,0.15
S0000215,PED000106,2023-02-20,C00631,P019,V006,R04,4,149.9,0.0
S0000216,PED000106,2023-02-20,C00631,P006,V006,R04,1,499.9,0.05
S0000217,PED000107,2023-09-10,C00543,P018,V015,R04,4,499.9,0.05
S0000218,PED000107,2023-09-10,C00543,P015,V015,R04,2,499.9,0.0
S0000219,PED000107,2023-09-10,C00543,P012,V015,R04,2,89.9,0.0
S0000220,PED000108,2024-08-15,C00480,P012,V023,R03,1,89.9,0.05
S0000221,PED000108,2024-08-15,C00480,P051,V023,R03,4,899.9,0.0
S0000222,PED000108,2024-08-15,C00480,P036,V023,R03,3,49.9,0.1
S0000223,PED000109,2025-06-25,C00489,P010,V005,R03,4,249.9,0.0
S0000224,PED000109,2025-06-25,C00489,P029,V005,R03,3,249.9,0.1
S0000225,PED000109,2025-06-25,C00489,P025,V005,R03,2,149.9,0.0
S0000226,PED000110,2023-04-23,C00596,P029,V023,R04,2,249.9,0.1
S0000227,PED000110,2023-04-23,C00596,P021,V023,R04,4,899.9,0.05
S0000228,PED000111,2024-03-20,C00661,P028,V012,R01,4,499.9,0.05
S0000229,PED000111,2024-03-20,C00661,P018,V012,R01,1,499.9,0.15
S0000230,PED000111,2024-03-20,C00661,P003,V012,R01,2,49.9,0.05
S0000231,PED000112,2025-04-12,C00649,P026,V005,R03,3,49.9,0.1
S0000232,PED000113,2024-02-20,C00679,P039,V016,R03,2,249.9,0.15
S0000233,PED000113,2024-02-20,C00679,P003,V016,R03,2,49.9,0.1
S0000234,PED000113,2024-02-20,C00679,P023,V016,R03,2,899.9,0.0
S0000235,PED000114,2023-08-19,C00473,P056,V009,R03,1,149.9,0.05
S0000236,PED000115,2023-08-27,C00580,P031,V007,R01,2,149.9,0.0
S0000237,PED000116,2024-04-07,C00520,P004,V017,R02,2,499.9,0.05
S0000238,PED000116,2024-04-07,C00520,P042,V017,R02,1,499.9,0.0
S0000239,PED000117,2024-06-28,C00504,P026,V013,R03,2,49.9,0.1
S0000240,PED000117,2024-06-28,C00504,P001,V013,R03,4,49.9,0.05
S0000241,PED000117,2024-06-28,C00504,P016,V013,R03,2,149.9,0.05
S0000242,PED000118,2025-08-26,C00544,P018,V009,R05,4,499.9,0.05
S0000243,PED000118,2025-08-26,C00544,P053,V009,R05,1,49.9,0.1
S0000244,PED000118,2025-08-26,C00544,P047,V009,R05,2,149.9,0.1
S0000245,PED000119,2024-12-10,C00331,P006,V004,R04,1,499.9,0.1
S0000246,PED000119,2024-12-10,C00331,P038,V004,R04,3,499.9,0.05
S0000247,PED000120,2025-01-31,C00499,P054,V017,R04,1,249.9,0.0
S0000248,PED000121,2025-12-17,C00686,P029,V007,R05,1,249.9,0.0
S0000249,PED000122,2024-04-10,C00466,P025,V017,R05,1,149.9,0.0
S0000250,PED000123,2024-03-30,C00099,P016,V003,R02,4,149.9,0.0
S0000251,PED000124,2025-10-31,C00674,P048,V002,R01,1,149.9,0.0
S0000252,PED000124,2025-10-31,C00674,P001,V002,R01,3,49.9,0.1
S0000253,PED000125,2023-10-20,C00687,P029,V020,R03,3,249.9,0.0
S0000254,PED000125,2023-10-20,C00687,P016,V020,R03,1,149.9,0.0
S0000255,PED000126,2025-03-22,C00694,P021,V014,R03,3,899.9,0.1
S0000256,PED000126,2025-03-22,C00694,P008,V014,R03,3,149.9,0.05
S0000257,PED000127,2025-04-22,C00648,P001,V011,R03,4,49.9,0.0
S0000258,PED000127,2025-04-22,C00648,P029,V011,R03,1,249.9,0.0
S0000259,PED000127,2025-04-22,C00648,P018,V011,R03,4,499.9,0.0
S0000260,PED000128,2023-05-04,C00661,P045,V004,R01,4,49.9,0.05
S0000261,PED000128,2023-05-04,C00661,P003,V004,R01,1,49.9,0.1
S0000262,PED000129,2024-06-16,C00504,P005,V010,R03,3,499.9,0.15
S0000263,PED000130,2023-09-02,C00544,P002,V007,R05,1,499.9,0.05
S0000264,PED000130,2023-09-02,C00544,P054,V007,R05,1,249.9,0.05
S0000265,PED000131,2023-08-15,C00611,P005,V005,R01,1,499.9,0.0
S0000266,PED000132,2024-06-11,C00465,P005,V010,R05,4,499.9,0.1
S0000267,PED000133,2023-11-25,C00596,P024,V008,R04,1,149.9,0.05
S0000268,PED000133,2023-11-25,C00596,P011,V008,R04,2,149.9,0.1
S0000269,PED000134,2025-06-10,C00496,P010,V022,R01,1,249.9,0.0
S0000270,PED000134,2025-06-10,C00496,P053,V022,R01,1,49.9,0.0
S0000271,PED000135,2025-10-15,C00598,P057,V018,R01,3,149.9,0.0
S0000272,PED000135,2025-10-15,C00598,P035,V018,R01,4,499.9,0.2
S0000273,PED000136,2025-06-17,C00676,P026,V018,R05,2,49.9,0.2
S0000274,PED000136,2025-06-17,C00676,P043,V018,R05,4,49.9,0.1
S0000275,PED000136,2025-06-17,C00676,P008,V018,R05,3,149.9,0.0
S0000276,PED000137,2023-11-07,C00622,P047,V023,R04,3,149.9,0.15
S0000277,PED000138,2023-11-13,C00619,P048,V010,R01,2,149.9,0.0
S0000278,PED000138,2023-11-13,C00619,P007,V010,R01,3,899.9,0.05
S0000279,PED000138,2023-11-13,C00619,P008,V010,R01,4,149.9,0.0
S0000280,PED000139,2023-10-29,C00678,P004,V016,R04,2,499.9,0.05
S0000281,PED000139,2023-10-29,C00678,P045,V016,R04,3,49.9,0.0
S0000282,PED000139,2023-10-29,C00678,P009,V016,R04,1,499.9,0.0
S0000283,PED000140,2023-06-16,C00113,P009,V007,R04,3,499.9,0.1
S0000284,PED000141,2025-11-15,C00692,P009,V004,R04,1,499.9,0.05
S0000285,PED000142,2024-03-29,C00501,P032,V011,R03,2,499.9,0.0
S0000286,PED000142,2024-03-29,C00501,P027,V011,R03,2,249.9,0.0
S0000287,PED000143,2023-09-29,C00560,P045,V015,R04,2,49.9,0.05
S0000288,PED000143,2023-09-29,C00560,P027,V015,R04,1,249.9,0.15
S0000289,PED000144,2025-08-08,C00613,P019,V009,R02,3,149.9,0.05
S0000290,PED000144,2025-08-08,C00613,P049,V009,R02,3,899.9,0.0
S0000291,PED000145,2024-03-25,C00138,P012,V005,R03,4,89.9,0.0
S0000292,PED000145,2024-03-25,C00138,P001,V005,R03,1,49.9,0.05
S0000293,PED000146,2023-02-15,C00555,P051,V010,R01,4,899.9,0.05
S0000294,PED000146,2023-02-15,C00555,P015,V010,R01,3,499.9,0.1
S0000295,PED000146,2023-02-15,C00555,P041,V010,R01,4,149.9,0.0
S0000296,PED000147,2023-07-18,C00654,P043,V001,R05,1,49.9,0.1
S0000297,PED000147,2023-07-18,C00654,P018,V001,R05,1,499.9,0.1
S0000298,PED000147,2023-07-18,C00654,P025,V001,R05,1,149.9,0.05
S0000299,PED000148,2024-12-07,C00458,P023,V024,R05,4,899.9,0.05
S0000300,PED000148,2024-12-07,C00458,P029,V024,R05,2,249.9,0.0
S0000301,PED000148,2024-12-07,C00458,P032,V024,R05,4,499.9,0.1
S0000302,PED000149,2025-05-25,C00674,P034,V001,R01,1,499.9,0.1
S0000303,PED000149,2025-05-25,C00674,P013,V001,R01,2,899.9,0.0
S0000304,PED000150,2023-09-13,C00464,P020,V023,R04,4,49.9,0.0
S0000305,PED000150,2023-09-13,C00464,P018,V023,R04,1,499.9,0.0
S0000306,PED000151,2025-10-25,C00516,P059,V022,R02,4,499.9,0.05
S0000307,PED000151,2025-10-25,C00516,P005,V022,R02,2,499.9,0.0
S0000308,PED000151,2025-10-25,C00516,P033,V022,R02,1,89.9,0.0
S0000309,PED000152,2025-08-13,C00625,P020,V020,R05,3,49.9,0.05
S0000310,PED000152,2025-08-13,C00625,P030,V020,R05,3,499.9,0.0
S0000311,PED000152,2025-08-13,C00625,P051,V020,R05,2,899.9,0.0
S0000312,PED000153,2025-08-10,C00527,P011,V023,R03,2,149.9,0.0
S0000313,PED000153,2025-08-10,C00527,P018,V023,R03,4,499.9,0.15
S0000314,PED000154,2023-10-02,C00683,P030,V005,R04,1,499.9,0.05
S0000315,PED000155,2023-03-07,C00638,P006,V022,R04,2,499.9,0.0
S0000316,PED000155,2023-03-07,C00638,P014,V022,R04,3,499.9,0.0
S0000317,PED000156,2025-09-02,C00465,P050,V011,R05,3,899.9,0.0
S0000318,PED000156,2025-09-02,C00465,P019,V011,R05,3,149.9,0.1
S0000319,PED000157,2023-12-08,C00538,P013,V005,R04,3,899.9,0.0
S0000320,PED000158,2024-11-21,C00605,P049,V006,R03,1,899.9,0.2
S0000321,PED000158,2024-11-21,C00605,P011,V006,R03,3,149.9,0.0
S0000322,PED000159,2025-04-28,C00699,P008,V008,R03,1,149.9,0.15
S0000323,PED000159,2025-04-28,C00699,P044,V008,R03,1,499.9,0.0
S0000324,PED000160,2023-06-09,C00251,P033,V006,R04,1,89.9,0.15
S0000325,PED000160,2023-06-09,C00251,P023,V006,R04,2,899.9,0.0
S0000326,PED000161,2025-05-23,C00499,P027,V017,R04,3,249.9,0.1
S0000327,PED000161,2025-05-23,C00499,P043,V017,R04,2,49.9,0.0
S0000328,PED000162,2025-11-11,C00678,P043,V024,R04,1,49.9,0.0
S0000329,PED000163,2025-03-20,C00563,P047,V017,R01,4,149.9,0.1
S0000330,PED000163,2025-03-20,C00563,P021,V017,R01,4,899.9,0.05
S0000331,PED000163,2025-03-20,C00563,P019,V017,R01,3,149.9,0.0
S0000332,PED000164,2024-05-15,C00597,P032,V009,R04,2,499.9,0.1
S0000333,PED000164,2024-05-15,C00597,P008,V009,R04,1,149.9,0.15
S0000334,PED000164,2024-05-15,C00597,P018,V009,R04,3,499.9,0.0
S0000335,PED000165,2025-09-12,C00478,P018,V009,R03,3,499.9,0.1
S0000336,PED000166,2024-08-25,C00667,P006,V003,R04,3,499.9,0.05
S0000337,PED000167,2025-04-09,C00532,P020,V019,R04,1,49.9,0.1
S0000338,PED000167,2025-04-09,C00532,P022,V019,R04,1,499.9,0.0
S0000339,PED000168,2025-07-08,C00668,P024,V017,R04,4,149.9,0.0
S0000340,PED000169,2025-04-15,C00538,P004,V022,R04,1,499.9,0.0
S0000341,PED000169,2025-04-15,C00538,P024,V022,R04,3,149.9,0.0
S0000342,PED000169,2025-04-15,C00538,P021,V022,R04,3,899.9,0.0
S0000343,PED000170,2023-11-23,C00642,P030,V016,R01,2,499.9,0.1
S0000344,PED000170,2023-11-23,C00642,P004,V016,R01,4,499.9,0.0
S0000345,PED000170,2023-11-23,C00642,P035,V016,R01,1,499.9,0.15
S0000346,PED000171,2023-05-28,C00469,P012,V013,R04,1,89.9,0.1
S0000347,PED000171,2023-05-28,C00469,P008,V013,R04,3,149.9,0.15
S0000348,PED000172,2023-10-12,C00623,P028,V021,R05,2,499.9,0.0
S0000349,PED000172,2023-10-12,C00623,P004,V021,R05,1,499.9,0.15
S0000350,PED000173,2024-07-27,C00553,P022,V003,R05,3,499.9,0.0
S0000351,PED000174,2024-07-29,C00516,P001,V011,R02,1,49.9,0.1
S0000352,PED000174,2024-07-29,C00516,P017,V011,R02,2,499.9,0.1
S0000353,PED000175,2024-10-23,C00656,P006,V019,R01,2,499.9,0.0
S0000354,PED000176,2024-03-20,C00584,P007,V023,R05,1,899.9,0.15
S0000355,PED000177,2025-05-30,C00565,P039,V023,R04,1,249.9,0.05
S0000356,PED000178,2025-10-20,C00658,P056,V010,R04,2,149.9,0.0
S0000357,PED000178,2025-10-20,C00658,P008,V010,R04,1,149.9,0.1
S0000358,PED000178,2025-10-20,C00658,P039,V010,R04,3,249.9,0.1
S0000359,PED000179,2023-10-21,C00639,P036,V022,R05,4,49.9,0.2
S0000360,PED000179,2023-10-21,C00639,P011,V022,R05,1,149.9,0.0
S0000361,PED000180,2025-03-30,C00580,P017,V010,R01,1,499.9,0.0
S0000362,PED000180,2025-03-30,C00580,P028,V010,R01,2,499.9,0.15
S0000363,PED000181,2025-01-15,C00625,P056,V022,R05,2,149.9,0.15
S0000364,PED000181,2025-01-15,C00625,P018,V022,R05,1,499.9,0.1
S0000365,PED000181,2025-01-15,C00625,P017,V022,R05,3,499.9,0.0
S0000366,PED000182,2024-08-20,C00462,P056,V008,R04,1,149.9,0.0
S0000367,PED000183,2023-08-19,C00643,P031,V010,R03,1,149.9,0.1
S0000368,PED000183,2023-08-19,C00643,P017,V010,R03,4,499.9,0.0
S0000369,PED000184,2025-06-09,C00463,P009,V001,R05,2,499.9,0.0
S0000370,PED000184,2025-06-09,C00463,P036,V001,R05,4,49.9,0.05
S0000371,PED000185,2025-11-28,C00509,P056,V005,R04,4,149.9,0.05
S0000372,PED000185,2025-11-28,C00509,P038,V005,R04,3,499.9,0.0
S0000373,PED000185,2025-11-28,C00509,P004,V005,R04,4,499.9,0.1
S0000374,PED000186,2025-03-13,C00592,P028,V022,R05,4,499.9,0.0
S0000375,PED000186,2025-03-13,C00592,P023,V022,R05,2,899.9,0.05
S0000376,PED000186,2025-03-13,C00592,P052,V022,R05,4,89.9,0.1
S0000377,PED000187,2025-10-25,C00695,P013,V021,R03,3,899.9,0.0
S0000378,PED000188,2025-12-18,C00485,P011,V018,R04,3,149.9,0.15
S0000379,PED000189,2024-01-25,C00552,P028,V022,R05,4,499.9,0.15
S0000380,PED000189,2024-01-25,C00552,P057,V022,R05,3,149.9,0.2
S0000381,PED000190,2024-12-07,C00623,P051,V011,R05,2,899.9,0.05
S0000382,PED000191,2024-06-22,C00531,P002,V007,R01,3,499.9,0.0
S0000383,PED000191,2024-06-22,C00531,P012,V007,R01,4,89.9,0.0
S0000384,PED000191,2024-06-22,C00531,P033,V007,R01,3,89.9,0.0
S0000385,PED000192,2025-12-20,C00642,P004,V003,R01,2,499.9,0.0
S0000386,PED000192,2025-12-20,C00642,P030,V003,R01,4,499.9,0.0
S0000387,PED000192,2025-12-20,C00642,P028,V003,R01,2,499.9,0.2
S0000388,PED000193,2023-04-29,C00485,P046,V007,R04,1,249.9,0.0
S0000389,PED000193,2023-04-29,C00485,P038,V007,R04,2,499.9,0.0
S0000390,PED000193,2023-04-29,C00485,P050,V007,R04,1,899.9,0.15
S0000391,PED000194,2024-04-10,C00536,P003,V009,R05,2,49.9,0.1
S0000392,PED000194,2024-04-10,C00536,P028,V009,R05,2,499.9,0.05
S0000393,PED000194,2024-04-10,C00536,P051,V009,R05,2,899.9,0.1
S0000394,PED000195,2025-09-11,C00502,P033,V004,R04,3,89.9,0.0
S0000395,PED000195,2025-09-11,C00502,P045,V004,R04,3,49.9,0.05
S0000396,PED000195,2025-09-11,C00502,P052,V004,R04,1,89.9,0.0
S0000397,PED000196,2023-11-21,C00485,P010,V023,R04,2,249.9,0.0
S0000398,PED000196,2023-11-21,C00485,P050,V023,R04,2,899.9,0.05
S0000399,PED000197,2025-05-31,C00697,P025,V013,R02,4,149.9,0.15
S0000400,PED000197,2025-05-31,C00697,P004,V013,R02,3,499.9,0.0
S0000401,PED000198,2024-03-05,C00484,P005,V021,R03,4,499.9,0.05
S0000402,PED000198,2024-03-05,C00484,P004,V021,R03,3,499.9,0.05
S0000403,PED000199,2025-12-14,C00586,P059,V022,R02,2,499.9,0.0
S0000404,PED000199,2025-12-14,C00586,P001,V022,R02,2,49.9,0.05
S0000405,PED000199,2025-12-14,C00586,P005,V022,R02,1,499.9,0.15
S0000406,PED000200,2025-09-20,C00650,P001,V018,R04,3,49.9,0.15
S0000407,PED000201,2023-12-04,C00688,P036,V008,R03,3,49.9,0.0
S0000408,PED000202,2025-05-10,C00484,P011,V011,R03,4,149.9,0.0
S0000409,PED000202,2025-05-10,C00484,P035,V011,R03,1,499.9,0.05
S0000410,PED000202,2025-05-10,C00484,P055,V011,R03,2,149.9,0.1
S0000411,PED000203,2024-01-05,C00549,P009,V009,R03,2,499.9,0.05
S0000412,PED000203,2024-01-05,C00549,P059,V009,R03,4,499.9,0.1
S0000413,PED000203,2024-01-05,C00549,P049,V009,R03,4,899.9,0.2
S0000414,PED000204,2024-11-12,C00517,P048,V003,R04,1,149.9,0.0
S0000415,PED000205,2024-12-24,C00229,P030,V008,R01,4,499.9,0.0
S0000416,PED000205,2024-12-24,C00229,P015,V008,R01,3,499.9,0.0
S0000417,PED000205,2024-12-24,C00229,P017,V008,R01,1,499.9,0.05
S0000418,PED000206,2025-07-19,C00604,P017,V017,R02,2,499.9,0.1
S0000419,PED000207,2023-02-01,C00624,P009,V003,R05,2,499.9,0.1
S0000420,PED000208,2023-09-23,C00560,P028,V003,R04,2,499.9,0.1
S0000421,PED000208,2023-09-23,C00560,P044,V003,R04,2,499.9,0.1
S0000422,PED000209,2025-03-01,C00469,P010,V007,R04,1,249.9,0.0
S0000423,PED000209,2025-03-01,C00469,P003,V007,R04,1,49.9,0.1
S0000424,PED000209,2025-03-01,C00469,P012,V007,R04,3,89.9,0.0
S0000425,PED000210,2024-10-04,C00699,P009,V010,R03,1,499.9,0.2
S0000426,PED000210,2024-10-04,C00699,P023,V010,R03,2,899.9,0.05
S0000427,PED000210,2024-10-04,C00699,P013,V010,R03,2,899.9,0.0
S0000428,PED000211,2024-07-18,C00602,P015,V004,R01,3,499.9,0.0
S0000429,PED000211,2024-07-18,C00602,P056,V004,R01,1,149.9,0.2
S0000430,PED000212,2023-03-13,C00566,P030,V010,R05,2,499.9,0.2
S0000431,PED000212,2023-03-13,C00566,P022,V010,R05,2,499.9,0.1
S0000432,PED000213,2024-01-20,C00682,P041,V006,R01,4,149.9,0.1
S0000433,PED000214,2025-08-30,C00675,P035,V020,R02,3,499.9,0.05
S0000434,PED000214,2025-08-30,C00675,P006,V020,R02,2,499.9,0.0
S0000435,PED000214,2025-08-30,C00675,P003,V020,R02,1,49.9,0.1
S0000436,PED000215,2023-02-09,C00633,P018,V023,R05,2,499.9,0.1
S0000437,PED000215,2023-02-09,C00633,P040,V023,R05,4,249.9,0.0
S0000438,PED000215,2023-02-09,C00633,P037,V023,R05,4,149.9,0.2
S0000439,PED000216,2024-03-22,C00514,P042,V016,R04,1,499.9,0.1
S0000440,PED000217,2025-11-16,C00634,P052,V017,R05,2,89.9,0.0
S0000441,PED000217,2025-11-16,C00634,P051,V017,R05,1,899.9,0.05
S0000442,PED000217,2025-11-16,C00634,P017,V017,R05,4,499.9,0.1
S0000443,PED000218,2023-03-08,C00700,P013,V008,R02,1,899.9,0.0
S0000444,PED000218,2023-03-08,C00700,P023,V008,R02,3,899.9,0.0
S0000445,PED000218,2023-03-08,C00700,P043,V008,R02,1,49.9,0.05
S0000446,PED000219,2025-04-16,C00636,P052,V019,R04,3,89.9,0.0
S0000447,PED000219,2025-04-16,C00636,P004,V019,R04,1,499.9,0.0
S0000448,PED000220,2023-11-01,C00690,P003,V008,R04,1,49.9,0.1
S0000449,PED000221,2025-09-01,C00489,P013,V002,R03,4,899.9,0.0
S0000450,PED000221,2025-09-01,C00489,P004,V002,R03,4,499.9,0.1
S0000451,PED000222,2025-04-11,C00470,P003,V022,R03,1,49.9,0.1
S0000452,PED000222,2025-04-11,C00470,P002,V022,R03,1,499.9,0.0
S0000453,PED000223,2025-09-22,C00456,P047,V005,R05,4,149.9,0.0
S0000454,PED000223,2025-09-22,C00456,P032,V005,R05,2,499.9,0.0
S0000455,PED000224,2023-09-19,C00532,P039,V014,R04,3,249.9,0.05
S0000456,PED000224,2023-09-19,C00532,P006,V014,R04,4,499.9,0.1
S0000457,PED000225,2024-08-29,C00606,P001,V001,R01,2,49.9,0.0
S0000458,PED000225,2024-08-29,C00606,P035,V001,R01,1,499.9,0.1
S0000459,PED000225,2024-08-29,C00606,P004,V001,R01,4,499.9,0.05
S0000460,PED000226,2025-05-21,C00581,P030,V015,R02,3,499.9,0.0
S0000461,PED000226,2025-05-21,C00581,P015,V015,R02,2,499.9,0.0
S0000462,PED000227,2023-10-20,C00487,P021,V010,R05,4,899.9,0.1
S0000463,PED000227,2023-10-20,C00487,P008,V010,R05,4,149.9,0.05
S0000464,PED000228,2023-10-05,C00560,P011,V022,R04,2,149.9,0.0
S0000465,PED000229,2023-02-04,C00569,P046,V011,R05,1,249.9,0.05
S0000466,PED000229,2023-02-04,C00569,P013,V011,R05,4,899.9,0.1
S0000467,PED000229,2023-02-04,C00569,P022,V011,R05,2,499.9,0.1
S0000468,PED000230,2025-11-26,C00532,P020,V017,R04,3,49.9,0.05
S0000469,PED000230,2025-11-26,C00532,P035,V017,R04,2,499.9,0.1
S0000470,PED000230,2025-11-26,C00532,P016,V017,R04,1,149.9,0.0
S0000471,PED000231,2025-02-26,C00592,P017,V024,R05,1,499.9,0.0
S0000472,PED000232,2024-12-04,C00484,P035,V006,R03,2,499.9,0.0
S0000473,PED000233,2025-04-08,C00596,P014,V005,R04,1,499.9,0.1
S0000474,PED000233,2025-04-08,C00596,P053,V005,R04,1,49.9,0.05
S0000475,PED000233,2025-04-08,C00596,P017,V005,R04,2,499.9,0.1
S0000476,PED000234,2024-08-30,C00547,P022,V001,R05,4,499.9,0.0
S0000477,PED000234,2024-08-30,C00547,P015,V001,R05,2,499.9,0.15
S0000478,PED000234,2024-08-30,C00547,P050,V001,R05,4,899.9,0.0
S0000479,PED000235,2024-06-25,C00634,P008,V007,R05,4,149.9,0.1
S0000480,PED000236,2024-05-25,C00475,P023,V003,R01,1,899.9,0.1
S0000481,PED000237,2024-12-09,C00053,P012,V016,R02,3,89.9,0.0
S0000482,PED000238,2023-09-03,C00697,P014,V005,R02,2,499.9,0.0
S0000483,PED000238,2023-09-03,C00697,P028,V005,R02,2,499.9,0.0
S0000484,PED000238,2023-09-03,C00697,P009,V005,R02,3,499.9,0.2
S0000485,PED000239,2025-09-25,C00529,P048,V007,R04,1,149.9,0.05
S0000486,PED000239,2025-09-25,C00529,P028,V007,R04,2,499.9,0.1
S0000487,PED000239,2025-09-25,C00529,P042,V007,R04,2,499.9,0.0
S0000488,PED000240,2025-06-28,C00510,P014,V012,R02,2,499.9,0.1
S0000489,PED000240,2025-06-28,C00510,P004,V012,R02,1,499.9,0.2
S0000490,PED000241,2024-01-22,C00639,P021,V005,R05,1,899.9,0.1
S0000491,PED000241,2024-01-22,C00639,P013,V005,R05,3,899.9,0.05
S0000492,PED000242,2024-10-19,C00655,P008,V007,R03,3,149.9,0.05
S0000493,PED000243,2023-06-23,C00567,P031,V016,R03,2,149.9,0.0
S0000494,PED000243,2023-06-23,C00567,P036,V016,R03,1,49.9,0.1
S0000495,PED000243,2023-06-23,C00567,P005,V016,R03,2,499.9,0.05
S0000496,PED000244,2025-12-07,C00513,P001,V009,R05,2,49.9,0.0
S0000497,PED000244,2025-12-07,C00513,P010,V009,R05,2,249.9,0.05
S0000498,PED000244,2025-12-07,C00513,P006,V009,R05,3,499.9,0.0
S0000499,PED000245,2025-10-10,C00653,P016,V012,R01,1,149.9,0.05
S0000500,PED000245,2025-10-10,C00653,P059,V012,R01,2,499.9,0.0
S0000501,PED000246,2025-10-29,C00571,P010,V014,R02,2,249.9,0.05
S0000502,PED000247,2023-12-31,C00648,P025,V001,R03,4,149.9,0.15
S0000503,PED000247,2023-12-31,C00648,P032,V001,R03,4,499.9,0.0
S0000504,PED000247,2023-12-31,C00648,P020,V001,R03,1,49.9,0.0
S0000505,PED000248,2023-07-27,C00606,P028,V013,R01,3,499.9,0.2
S0000506,PED000249,2023-09-14,C00673,P041,V006,R01,3,149.9,0.0
S0000507,PED000250,2023-04-24,C00468,P009,V005,R02,4,499.9,0.05
S0000508,PED000250,2023-04-24,C00468,P051,V005,R02,4,899.9,0.05
S0000509,PED000250,2023-04-24,C00468,P015,V005,R02,2,499.9,0.05
S0000510,PED000251,2023-05-30,C00688,P019,V016,R03,4,149.9,0.1
S0000511,PED000251,2023-05-30,C00688,P004,V016,R03,1,499.9,0.0
S0000512,PED000251,2023-05-30,C00688,P003,V016,R03,4,49.9,0.0
S0000513,PED000252,2023-04-01,C00490,P041,V013,R03,3,149.9,0.0
S0000514,PED000252,2023-04-01,C00490,P029,V013,R03,4,249.9,0.0
S0000515,PED000253,2025-12-23,C00678,P033,V010,R04,2,89.9,0.1
S0000516,PED000254,2023-04-05,C00457,P002,V002,R01,4,499.9,0.1
S0000517,PED000255,2023-06-13,C00638,P004,V008,R04,3,499.9,0.15
S0000518,PED000256,2025-07-16,C00534,P023,V022,R03,3,899.9,0.05
S0000519,PED000256,2025-07-16,C00534,P030,V022,R03,2,499.9,0.05
S0000520,PED000257,2024-10-21,C00664,P029,V020,R04,4,249.9,0.0
S0000521,PED000257,2024-10-21,C00664,P008,V020,R04,4,149.9,0.0
S0000522,PED000258,2025-05-15,C00682,P004,V024,R01,1,499.9,0.05
S0000523,PED000259,2024-11-30,C00120,P022,V019,R05,1,499.9,0.0
S0000524,PED000260,2025-09-18,C00542,P006,V009,R02,2,499.9,0.15
S0000525,PED000261,2024-12-07,C00532,P050,V013,R04,4,899.9,0.0
S0000526,PED000261,2024-12-07,C00532,P052,V013,R04,3,89.9,0.05
S0000527,PED000261,2024-12-07,C00532,P037,V013,R04,4,149.9,0.0
S0000528,PED000262,2024-08-18,C00560,P021,V008,R04,2,899.9,0.05
S0000529,PED000262,2024-08-18,C00560,P040,V008,R04,4,249.9,0.0
S0000530,PED000263,2025-03-02,C00697,P018,V020,R02,3,499.9,0.1
S0000531,PED000264,2024-05-23,C00523,P023,V019,R05,2,899.9,0.15
S0000532,PED000264,2024-05-23,C00523,P030,V019,R05,1,499.9,0.05
S0000533,PED000265,2024-01-17,C00580,P030,V016,R01,1,499.9,0.0
S0000534,PED000266,2024-06-15,C00501,P041,V009,R03,3,149.9,0.15
S0000535,PED000266,2024-06-15,C00501,P015,V009,R03,3,499.9,0.05
S0000536,PED000267,2023-07-27,C00347,P012,V003,R01,3,89.9,0.0
S0000537,PED000268,2025-06-10,C00614,P014,V021,R04,3,499.9,0.15
S0000538,PED000268,2025-06-10,C00614,P034,V021,R04,3,499.9,0.05
S0000539,PED000268,2025-06-10,C00614,P004,V021,R04,2,499.9,0.1
S0000540,PED000269,2023-11-03,C00473,P005,V015,R03,1,499.9,0.1
S0000541,PED000269,2023-11-03,C00473,P032,V015,R03,3,499.9,0.0
S0000542,PED000270,2023-07-08,C00330,P026,V008,R05,4,49.9,0.0
S0000543,PED000270,2023-07-08,C00330,P023,V008,R05,3,899.9,0.1
S0000544,PED000270,2023-07-08,C00330,P059,V008,R05,2,499.9,0.1
S0000545,PED000271,2023-10-20,C00648,P013,V023,R03,3,899.9,0.0
S0000546,PED000271,2023-10-20,C00648,P017,V023,R03,1,499.9,0.0
S0000547,PED000272,2025-08-03,C00648,P018,V011,R03,1,499.9,0.0
S0000548,PED000272,2025-08-03,C00648,P006,V011,R03,3,499.9,0.2
S0000549,PED000272,2025-08-03,C00648,P013,V011,R03,1,899.9,0.0
S0000550,PED000273,2023-12-29,C00524,P014,V020,R01,4,499.9,0.1
S0000551,PED000273,2023-12-29,C00524,P003,V020,R01,4,49.9,0.0
S0000552,PED000273,2023-12-29,C00524,P013,V020,R01,4,899.9,0.1
S0000553,PED000274,2025-01-25,C00560,P025,V016,R04,4,149.9,0.1
S0000554,PED000274,2025-01-25,C00560,P042,V016,R04,1,499.9,0.0
S0000555,PED000274,2025-01-25,C00560,P030,V016,R04,1,499.9,0.1
S0000556,PED000275,2025-08-20,C00500,P007,V007,R01,3,899.9,0.05
S0000557,PED000275,2025-08-20,C00500,P034,V007,R01,4,499.9,0.0
S0000558,PED000275,2025-08-20,C00500,P045,V007,R01,1,49.9,0.1
S0000559,PED000276,2023-04-09,C00488,P036,V008,R04,4,49.9,0.0
S0000560,PED000277,2025-05-04,C00493,P028,V013,R01,4,499.9,0.0
S0000561,PED000278,2023-12-09,C00584,P022,V018,R05,2,499.9,0.0
S0000562,PED000278,2023-12-09,C00584,P038,V018,R05,3,499.9,0.1
S0000563,PED000279,2023-09-20,C00608,P031,V012,R04,3,149.9,0.15
S0000564,PED000279,2023-09-20,C00608,P004,V012,R04,2,499.9,0.0
S0000565,PED000280,2025-01-29,C00588,P010,V017,R05,1,249.9,0.0
S0000566,PED000280,2025-01-29,C00588,P060,V017,R05,2,149.9,0.0
S0000567,PED000281,2025-10-17,C00669,P001,V001,R03,1,49.9,0.0
S0000568,PED000281,2025-10-17,C00669,P014,V001,R03,4,499.9,0.0
S0000569,PED000282,2023-11-29,C00569,P003,V002,R05,1,49.9,0.0
S0000570,PED000282,2023-11-29,C00569,P008,V002,R05,2,149.9,0.0
S0000571,PED000283,2024-10-09,C00634,P007,V022,R05,2,899.9,0.05
S0000572,PED000283,2024-10-09,C00634,P032,V022,R05,3,499.9,0.1
S0000573,PED000284,2023-11-25,C00508,P057,V016,R04,3,149.9,0.05
S0000574,PED000285,2024-09-24,C00637,P018,V015,R05,4,499.9,0.0
S0000575,PED000285,2024-09-24,C00637,P048,V015,R05,2,149.9,0.05
S0000576,PED000285,2024-09-24,C00637,P025,V015,R05,4,149.9,0.1
S0000577,PED000286,2024-11-23,C00508,P042,V004,R04,3,499.9,0.0
S0000578,PED000286,2024-11-23,C00508,P001,V004,R04,3,49.9,0.0
S0000579,PED000287,2024-11-15,C00668,P008,V009,R04,1,149.9,0.1
S0000580,PED000287,2024-11-15,C00668,P041,V009,R04,1,149.9,0.0
S0000581,PED000287,2024-11-15,C00668,P010,V009,R04,3,249.9,0.15
S0000582,PED000288,2024-11-25,C00601,P042,V018,R05,4,499.9,0.0
S0000583,PED000288,2024-11-25,C00601,P027,V018,R05,3,249.9,0.1
S0000584,PED000288,2024-11-25,C00601,P060,V018,R05,1,149.9,0.0
S0000585,PED000289,2023-06-16,C00479,P014,V013,R01,2,499.9,0.0
S0000586,PED000289,2023-06-16,C00479,P049,V013,R01,1,899.9,0.1
S0000587,PED000290,2025-02-04,C00506,P043,V017,R04,1,49.9,0.15
S0000588,PED000291,2025-01-11,C00482,P043,V013,R03,1,49.9,0.0
S0000589,PED000292,2025-01-21,C00633,P027,V011,R05,3,249.9,0.05
S0000590,PED000293,2023-04-05,C00691,P016,V014,R02,1,149.9,0.0
S0000591,PED000294,2024-05-22,C00481,P028,V020,R03,4,499.9,0.1
S0000592,PED000294,2024-05-22,C00481,P025,V020,R03,4,149.9,0.0
S0000593,PED000295,2024-04-06,C00641,P001,V014,R03,4,49.9,0.0
S0000594,PED000295,2024-04-06,C00641,P029,V014,R03,3,249.9,0.05
S0000595,PED000296,2023-04-20,C00614,P032,V022,R04,3,499.9,0.0
S0000596,PED000296,2023-04-20,C00614,P001,V022,R04,4,49.9,0.0
S0000597,PED000296,2023-04-20,C00614,P023,V022,R04,1,899.9,0.05
S0000598,PED000297,2023-09-26,C00621,P012,V001,R05,3,89.9,0.05
S0000599,PED000297,2023-09-26,C00621,P014,V001,R05,2,499.9,0.1
S0000600,PED000297,2023-09-26,C00621,P032,V001,R05,3,499.9,0.1
S0000601,PED000298,2024-05-15,C00479,P018,V007,R01,2,499.9,0.1
S0000602,PED000299,2025-04-07,C00690,P011,V022,R04,3,149.9,0.05
S0000603,PED000299,2025-04-07,C00690,P005,V022,R04,2,499.9,0.0
S0000604,PED000300,2023-10-11,C00649,P022,V021,R03,4,499.9,0.05
S0000605,PED000300,2023-10-11,C00649,P020,V021,R03,3,49.9,0.15
S0000606,PED000300,2023-10-11,C00649,P002,V021,R03,3,499.9,0.05
S0000607,PED000301,2025-07-19,C00619,P007,V003,R01,1,899.9,0.15
S0000608,PED000302,2024-09-14,C00514,P044,V018,R04,4,499.9,0.1
S0000609,PED000302,2024-09-14,C00514,P004,V018,R04,3,499.9,0.0
S0000610,PED000303,2025-04-29,C00204,P032,V010,R04,1,499.9,0.15
S0000611,PED000303,2025-04-29,C00204,P049,V010,R04,4,899.9,0.15
S0000612,PED000303,2025-04-29,C00204,P005,V010,R04,2,499.9,0.0
S0000613,PED000304,2024-06-21,C00666,P014,V015,R05,2,499.9,0.1
S0000614,PED000305,2024-07-22,C00563,P020,V001,R01,2,49.9,0.05
S0000615,PED000306,2024-11-22,C00689,P018,V021,R03,2,499.9,0.0
S0000616,PED000306,2024-11-22,C00689,P015,V021,R03,2,499.9,0.1
S0000617,PED000306,2024-11-22,C00689,P005,V021,R03,2,499.9,0.0
S0000618,PED000307,2025-11-03,C00654,P030,V002,R05,2,499.9,0.0
S0000619,PED000307,2025-11-03,C00654,P022,V002,R05,2,499.9,0.05
S0000620,PED000307,2025-11-03,C00654,P013,V002,R05,3,899.9,0.1
S0000621,PED000308,2024-07-13,C00489,P019,V006,R03,1,149.9,0.0
S0000622,PED000309,2024-08-26,C00503,P033,V020,R04,2,89.9,0.05
S0000623,PED000309,2024-08-26,C00503,P047,V020,R04,2,149.9,0.0
S0000624,PED000310,2024-11-09,C00697,P018,V011,R02,3,499.9,0.0
S0000625,PED000310,2024-11-09,C00697,P006,V011,R02,2,499.9,0.0
S0000626,PED000311,2025-04-01,C00485,P055,V012,R04,3,149.9,0.0
S0000627,PED000312,2023-04-02,C00171,P007,V006,R02,2,899.9,0.0
S0000628,PED000313,2024-08-11,C00372,P045,V024,R04,3,49.9,0.2
S0000629,PED000313,2024-08-11,C00372,P022,V024,R04,3,499.9,0.0
S0000630,PED000313,2024-08-11,C00372,P051,V024,R04,3,899.9,0.0
S0000631,PED000314,2024-07-01,C00584,P053,V007,R05,3,49.9,0.0
S0000632,PED000314,2024-07-01,C00584,P016,V007,R05,1,149.9,0.0
S0000633,PED000314,2024-07-01,C00584,P009,V007,R05,2,499.9,0.05
S0000634,PED000315,2025-10-29,C00481,P001,V018,R03,4,49.9,0.1
S0000635,PED000315,2025-10-29,C00481,P044,V018,R03,3,499.9,0.1
S0000636,PED000316,2024-07-15,C00691,P026,V021,R02,1,49.9,0.15
S0000637,PED000317,2024-06-16,C00536,P029,V016,R05,1,249.9,0.1
S0000638,PED000318,2025-11-29,C00575,P044,V006,R03,3,499.9,0.0
S0000639,PED000318,2025-11-29,C00575,P024,V006,R03,3,149.9,0.05
S0000640,PED000319,2024-05-26,C00551,P033,V008,R02,4,89.9,0.1
S0000641,PED000319,2024-05-26,C00551,P019,V008,R02,4,149.9,0.1
S0000642,PED000320,2023-08-10,C00490,P036,V011,R03,1,49.9,0.0
S0000643,PED000321,2023-09-20,C00361,P024,V011,R05,1,149.9,0.0
S0000644,PED000321,2023-09-20,C00361,P033,V011,R05,4,89.9,0.0
S0000645,PED000322,2023-05-01,C00685,P020,V006,R02,1,49.9,0.2
S0000646,PED000322,2023-05-01,C00685,P046,V006,R02,4,249.9,0.0
S0000647,PED000323,2023-01-01,C00618,P030,V006,R01,2,499.9,0.05
S0000648,PED000323,2023-01-01,C00618,P034,V006,R01,3,499.9,0.2
S0000649,PED000323,2023-01-01,C00618,P040,V006,R01,3,249.9,0.0
S0000650,PED000324,2024-05-04,C00470,P006,V018,R03,3,499.9,0.15
S0000651,PED000325,2025-05-09,C00634,P005,V020,R05,4,499.9,0.0
S0000652,PED000326,2025-03-27,C00493,P005,V015,R01,1,499.9,0.0
S0000653,PED000327,2023-02-11,C00645,P025,V001,R01,3,149.9,0.0
S0000654,PED000327,2023-02-11,C00645,P004,V001,R01,1,499.9,0.05
S0000655,PED000327,2023-02-11,C00645,P002,V001,R01,2,499.9,0.0
S0000656,PED000328,2024-10-10,C00491,P027,V013,R02,2,249.9,0.0
S0000657,PED000329,2023-07-09,C00462,P007,V016,R04,3,899.9,0.1
S0000658,PED000329,2023-07-09,C00462,P033,V016,R04,3,89.9,0.05
S0000659,PED000330,2025-11-13,C00542,P005,V018,R02,1,499.9,0.0
S0000660,PED000331,2023-07-25,C00554,P049,V016,R04,2,899.9,0.0
S0000661,PED000331,2023-07-25,C00554,P059,V016,R04,3,499.9,0.0
S0000662,PED000331,2023-07-25,C00554,P027,V016,R04,4,249.9,0.0
S0000663,PED000332,2024-11-27,C00545,P002,V019,R01,1,499.9,0.0
S0000664,PED000332,2024-11-27,C00545,P009,V019,R01,3,499.9,0.0
S0000665,PED000332,2024-11-27,C00545,P007,V019,R01,3,899.9,0.1
S0000666,PED000333,2023-12-26,C00662,P006,V017,R02,3,499.9,0.05
S0000667,PED000333,2023-12-26,C00662,P016,V017,R02,1,149.9,0.15
S0000668,PED000333,2023-12-26,C00662,P033,V017,R02,4,89.9,0.15
S0000669,PED000334,2024-12-09,C00544,P008,V004,R05,2,149.9,0.15
S0000670,PED000335,2024-04-10,C00639,P037,V013,R05,1,149.9,0.15
S0000671,PED000336,2025-04-28,C00622,P028,V012,R04,1,499.9,0.1
S0000672,PED000336,2025-04-28,C00622,P037,V012,R04,4,149.9,0.0
S0000673,PED000337,2023-10-05,C00651,P060,V020,R03,2,149.9,0.0
S0000674,PED000338,2025-10-13,C00646,P026,V003,R01,2,49.9,0.0
S0000675,PED000339,2024-07-23,C00474,P009,V019,R04,3,499.9,0.15
S0000676,PED000339,2024-07-23,C00474,P025,V019,R04,1,149.9,0.15
S0000677,PED000339,2024-07-23,C00474,P040,V019,R04,2,249.9,0.0
S0000678,PED000340,2025-04-23,C00527,P019,V015,R03,4,149.9,0.0
S0000679,PED000341,2025-08-12,C00545,P007,V015,R01,2,899.9,0.0
S0000680,PED000341,2025-08-12,C00545,P039,V015,R01,3,249.9,0.2
S0000681,PED000342,2025-12-30,C00602,P025,V017,R01,1,149.9,0.05
S0000682,PED000342,2025-12-30,C00602,P024,V017,R01,1,149.9,0.0
S0000683,PED000343,2023-09-28,C00496,P028,V002,R01,1,499.9,0.0
S0000684,PED000344,2023-11-23,C00467,P005,V003,R01,4,499.9,0.0
S0000685,PED000344,2023-11-23,C00467,P034,V003,R01,2,499.9,0.0
S0000686,PED000345,2023-10-25,C00543,P042,V001,R04,1,499.9,0.0
S0000687,PED000345,2023-10-25,C00543,P021,V001,R04,1,899.9,0.05
S0000688,PED000346,2023-11-05,C00679,P024,V003,R03,3,149.9,0.0
S0000689,PED000346,2023-11-05,C00679,P028,V003,R03,4,499.9,0.05
S0000690,PED000346,2023-11-05,C00679,P042,V003,R03,4,499.9,0.05
S0000691,PED000347,2024-10-23,C00695,P001,V014,R03,3,49.9,0.15
S0000692,PED000347,2024-10-23,C00695,P058,V014,R03,4,49.9,0.05
S0000693,PED000348,2025-12-26,C00480,P051,V017,R03,4,899.9,0.0
S0000694,PED000349,2025-12-23,C00594,P004,V015,R04,2,499.9,0.05
S0000695,PED000349,2025-12-23,C00594,P032,V015,R04,3,499.9,0.0
S0000696,PED000350,2024-08-24,C00645,P013,V010,R01,3,899.9,0.0
S0000697,PED000350,2024-08-24,C00645,P008,V010,R01,1,149.9,0.05
S0000698,PED000351,2024-12-07,C00518,P023,V014,R02,4,899.9,0.0
S0000699,PED000351,2024-12-07,C00518,P044,V014,R02,1,499.9,0.1
S0000700,PED000351,2024-12-07,C00518,P004,V014,R02,2,499.9,0.1
S0000701,PED000352,2025-08-24,C00622,P043,V016,R04,4,49.9,0.0
S0000702,PED000352,2025-08-24,C00622,P059,V016,R04,3,499.9,0.0
S0000703,PED000353,2025-11-07,C00627,P026,V012,R02,4,49.9,0.1
S0000704,PED000353,2025-11-07,C00627,P013,V012,R02,1,899.9,0.0
S0000705,PED000354,2023-09-05,C00482,P027,V019,R03,1,249.9,0.05
S0000706,PED000354,2023-09-05,C00482,P012,V019,R03,2,89.9,0.05
S0000707,PED000355,2024-08-26,C00593,P033,V003,R01,3,89.9,0.05
S0000708,PED000355,2024-08-26,C00593,P001,V003,R01,1,49.9,0.0
S0000709,PED000355,2024-08-26,C00593,P024,V003,R01,2,149.9,0.0
S0000710,PED000356,2025-07-23,C00507,P021,V009,R02,4,899.9,0.2
S0000711,PED000357,2023-12-06,C00481,P025,V008,R03,3,149.9,0.15
S0000712,PED000357,2023-12-06,C00481,P038,V008,R03,4,499.9,0.05
S0000713,PED000358,2024-05-14,C00457,P053,V022,R01,4,49.9,0.0
S0000714,PED000358,2024-05-14,C00457,P060,V022,R01,1,149.9,0.05
S0000715,PED000359,2025-12-19,C00577,P016,V016,R04,1,149.9,0.1
S0000716,PED000359,2025-12-19,C00577,P027,V016,R04,2,249.9,0.1
S0000717,PED000359,2025-12-19,C00577,P009,V016,R04,1,499.9,0.0
S0000718,PED000360,2025-12-19,C00601,P013,V013,R05,3,899.9,0.1
S0000719,PED000360,2025-12-19,C00601,P019,V013,R05,3,149.9,0.0
S0000720,PED000361,2025-10-13,C00631,P008,V015,R04,3,149.9,0.05
S0000721,PED000361,2025-10-13,C00631,P022,V015,R04,2,499.9,0.0
S0000722,PED000362,2025-06-12,C00653,P018,V006,R01,1,499.9,0.05
S0000723,PED000363,2023-11-09,C00483,P005,V014,R04,1,499.9,0.1
S0000724,PED000363,2023-11-09,C00483,P032,V014,R04,1,499.9,0.0
S0000725,PED000363,2023-11-09,C00483,P024,V014,R04,1,149.9,0.0
S0000726,PED000364,2023-12-21,C00427,P004,V014,R03,2,499.9,0.1
S0000727,PED000364,2023-12-21,C00427,P003,V014,R03,4,49.9,0.1
S0000728,PED000365,2024-09-16,C00630,P014,V006,R01,3,499.9,0.2
S0000729,PED000366,2024-10-01,C00626,P006,V001,R02,1,499.9,0.0
S0000730,PED000367,2024-07-30,C00560,P011,V006,R04,3,149.9,0.1
S0000731,PED000367,2024-07-30,C00560,P034,V006,R04,4,499.9,0.05
S0000732,PED000367,2024-07-30,C00560,P018,V006,R04,4,499.9,0.1
S0000733,PED000368,2024-12-05,C00685,P044,V020,R02,3,499.9,0.1
S0000734,PED000369,2024-04-05,C00534,P054,V015,R03,2,249.9,0.1
S0000735,PED000370,2025-04-15,C00583,P047,V015,R01,2,149.9,0.15
S0000736,PED000371,2024-01-01,C00647,P007,V007,R04,3,899.9,0.05
S0000737,PED000371,2024-01-01,C00647,P016,V007,R04,1,149.9,0.2
S0000738,PED000371,2024-01-01,C00647,P042,V007,R04,4,499.9,0.1
S0000739,PED000372,2023-12-29,C00576,P005,V018,R05,2,499.9,0.0
S0000740,PED000372,2023-12-29,C00576,P022,V018,R05,4,499.9,0.0
S0000741,PED000372,2023-12-29,C00576,P024,V018,R05,4,149.9,0.05
S0000742,PED000373,2023-06-07,C00663,P022,V019,R01,2,499.9,0.1
S0000743,PED000373,2023-06-07,C00663,P045,V019,R01,4,49.9,0.0
S0000744,PED000373,2023-06-07,C00663,P023,V019,R01,3,899.9,0.15
S0000745,PED000374,2023-08-19,C00166,P034,V005,R03,4,499.9,0.1
S0000746,PED000375,2025-08-13,C00689,P028,V005,R03,4,499.9,0.0
S0000747,PED000376,2024-05-21,C00559,P047,V010,R01,2,149.9,0.1
S0000748,PED000376,2024-05-21,C00559,P033,V010,R01,4,89.9,0.05
S0000749,PED000377,2023-10-02,C00413,P024,V012,R04,4,149.9,0.0
S0000750,PED000378,2025-04-27,C00659,P021,V019,R01,4,899.9,0.05
S0000751,PED000378,2025-04-27,C00659,P006,V019,R01,1,499.9,0.0
S0000752,PED000379,2024-09-23,C00519,P024,V016,R03,4,149.9,0.1
S0000753,PED000379,2024-09-23,C00519,P013,V016,R03,2,899.9,0.0
S0000754,PED000379,2024-09-23,C00519,P030,V016,R03,2,499.9,0.0
S0000755,PED000380,2023-01-28,C00098,P038,V023,R02,2,499.9,0.05
S0000756,PED000380,2023-01-28,C00098,P010,V023,R02,2,249.9,0.15
S0000757,PED000380,2023-01-28,C00098,P058,V023,R02,2,49.9,0.1
S0000758,PED000381,2023-12-17,C00576,P014,V024,R05,4,499.9,0.05
S0000759,PED000381,2023-12-17,C00576,P010,V024,R05,2,249.9,0.0
S0000760,PED000381,2023-12-17,C00576,P002,V024,R05,2,499.9,0.0
S0000761,PED000382,2023-08-05,C00524,P037,V007,R01,4,149.9,0.1
S0000762,PED000382,2023-08-05,C00524,P005,V007,R01,3,499.9,0.05
S0000763,PED000383,2024-12-22,C00597,P002,V021,R04,4,499.9,0.0
S0000764,PED000383,2024-12-22,C00597,P033,V021,R04,3,89.9,0.1
S0000765,PED000383,2024-12-22,C00597,P010,V021,R04,3,249.9,0.1
S0000766,PED000384,2023-11-14,C00016,P028,V015,R04,4,499.9,0.0
S0000767,PED000384,2023-11-14,C00016,P005,V015,R04,1,499.9,0.1
S0000768,PED000385,2023-03-25,C00601,P019,V002,R05,1,149.9,0.0
S0000769,PED000385,2023-03-25,C00601,P011,V002,R05,3,149.9,0.0
S0000770,PED000386,2023-03-13,C00615,P023,V001,R05,2,899.9,0.0
S0000771,PED000386,2023-03-13,C00615,P052,V001,R05,3,89.9,0.05
S0000772,PED000387,2024-10-22,C00588,P014,V014,R05,3,499.9,0.2
S0000773,PED000387,2024-10-22,C00588,P004,V014,R05,4,499.9,0.05
S0000774,PED000388,2023-01-28,C00649,P002,V012,R03,1,499.9,0.0
S0000775,PED000388,2023-01-28,C00649,P003,V012,R03,3,49.9,0.0
S0000776,PED000388,2023-01-28,C00649,P037,V012,R03,1,149.9,0.0
S0000777,PED000389,2025-08-11,C00583,P027,V008,R01,3,249.9,0.05
S0000778,PED000390,2023-07-10,C00638,P012,V009,R04,4,89.9,0.1
S0000779,PED000390,2023-07-10,C00638,P010,V009,R04,2,249.9,0.0
S0000780,PED000390,2023-07-10,C00638,P045,V009,R04,2,49.9,0.0
S0000781,PED000391,2024-11-12,C00684,P028,V001,R01,4,499.9,0.0
S0000782,PED000391,2024-11-12,C00684,P002,V001,R01,3,499.9,0.05
S0000783,PED000391,2024-11-12,C00684,P007,V001,R01,2,899.9,0.0
S0000784,PED000392,2024-05-19,C00505,P050,V020,R05,3,899.9,0.15
S0000785,PED000392,2024-05-19,C00505,P046,V020,R05,3,249.9,0.0
S0000786,PED000393,2024-05-17,C00695,P007,V004,R03,4,899.9,0.1
S0000787,PED000393,2024-05-17,C00695,P030,V004,R03,1,499.9,0.1
S0000788,PED000393,2024-05-17,C00695,P033,V004,R03,3,89.9,0.05
S0000789,PED000394,2023-04-02,C00474,P023,V003,R04,3,899.9,0.0
S0000790,PED000394,2023-04-02,C00474,P007,V003,R04,3,899.9,0.0
S0000791,PED000395,2025-06-17,C00531,P016,V009,R01,3,149.9,0.0
S0000792,PED000395,2025-06-17,C00531,P056,V009,R01,1,149.9,0.0
S0000793,PED000396,2025-09-30,C00563,P060,V004,R01,1,149.9,0.0
S0000794,PED000396,2025-09-30,C00563,P036,V004,R01,3,49.9,0.1
S0000795,PED000396,2025-09-30,C00563,P031,V004,R01,3,149.9,0.1
S0000796,PED000397,2023-01-15,C00655,P045,V022,R03,3,49.9,0.1
S0000797,PED000398,2023-08-07,C00646,P017,V011,R01,2,499.9,0.1
S0000798,PED000398,2023-08-07,C00646,P046,V011,R01,2,249.9,0.0
S0000799,PED000398,2023-08-07,C00646,P031,V011,R01,3,149.9,0.1
S0000800,PED000399,2025-10-11,C00578,P002,V005,R04,2,499.9,0.0
S0000801,PED000399,2025-10-11,C00578,P035,V005,R04,4,499.9,0.0
S0000802,PED000399,2025-10-11,C00578,P009,V005,R04,3,499.9,0.1
S0000803,PED000400,2024-09-19,C00484,P045,V012,R03,3,49.9,0.05
S0000804,PED000401,2023-07-04,C00512,P004,V005,R05,2,499.9,0.15
S0000805,PED000401,2023-07-04,C00512,P046,V005,R05,4,249.9,0.05
S0000806,PED000401,2023-07-04,C00512,P010,V005,R05,2,249.9,0.2
S0000807,PED000402,2023-09-04,C00622,P033,V017,R04,4,89.9,0.0
S0000808,PED000402,2023-09-04,C00622,P019,V017,R04,2,149.9,0.15
S0000809,PED000403,2024-12-25,C00634,P002,V014,R05,4,499.9,0.15
S0000810,PED000404,2025-03-16,C00514,P002,V008,R04,3,499.9,0.05
S0000811,PED000404,2025-03-16,C00514,P049,V008,R04,3,899.9,0.0
S0000812,PED000404,2025-03-16,C00514,P031,V008,R04,2,149.9,0.0
S0000813,PED000405,2024-11-07,C00665,P020,V003,R03,2,49.9,0.1
S0000814,PED000405,2024-11-07,C00665,P018,V003,R03,3,499.9,0.0
S0000815,PED000406,2025-11-22,C00508,P019,V019,R04,1,149.9,0.1
S0000816,PED000406,2025-11-22,C00508,P031,V019,R04,4,149.9,0.05
S0000817,PED000407,2024-07-16,C00699,P043,V011,R03,4,49.9,0.0
S0000818,PED000408,2023-12-03,C00471,P041,V013,R01,4,149.9,0.05
S0000819,PED000408,2023-12-03,C00471,P005,V013,R01,1,499.9,0.0
S0000820,PED000409,2024-06-26,C00492,P021,V015,R03,4,899.9,0.15
S0000821,PED000409,2024-06-26,C00492,P013,V015,R03,2,899.9,0.15
S0000822,PED000410,2024-02-04,C00556,P055,V018,R01,4,149.9,0.1
S0000823,PED000410,2024-02-04,C00556,P022,V018,R01,3,499.9,0.0
S0000824,PED000410,2024-02-04,C00556,P004,V018,R01,3,499.9,0.2
S0000825,PED000411,2023-09-28,C00649,P028,V007,R03,4,499.9,0.0
S0000826,PED000412,2023-03-02,C00662,P030,V020,R02,4,499.9,0.0
S0000827,PED000412,2023-03-02,C00662,P029,V020,R02,2,249.9,0.0
S0000828,PED000413,2024-01-25,C00536,P015,V003,R05,4,499.9,0.0
S0000829,PED000414,2025-02-28,C00687,P011,V012,R03,1,149.9,0.1
S0000830,PED000414,2025-02-28,C00687,P054,V012,R03,4,249.9,0.0
S0000831,PED000415,2023-01-24,C00633,P026,V016,R05,1,49.9,0.15
S0000832,PED000415,2023-01-24,C00633,P049,V016,R05,4,899.9,0.0
S0000833,PED000415,2023-01-24,C00633,P017,V016,R05,3,499.9,0.0
S0000834,PED000416,2024-05-13,C00572,P003,V018,R03,2,49.9,0.0
S0000835,PED000417,2024-12-12,C00495,P056,V023,R05,1,149.9,0.0
S0000836,PED000417,2024-12-12,C00495,P033,V023,R05,2,89.9,0.1
S0000837,PED000418,2024-11-15,C00472,P003,V009,R01,2,49.9,0.1
S0000838,PED000418,2024-11-15,C00472,P010,V009,R01,4,249.9,0.05
S0000839,PED000419,2025-05-18,C00544,P040,V005,R05,2,249.9,0.15
S0000840,PED000419,2025-05-18,C00544,P004,V005,R05,3,499.9,0.15
S0000841,PED000419,2025-05-18,C00544,P060,V005,R05,2,149.9,0.1
S0000842,PED000420,2025-06-26,C00464,P050,V014,R04,1,899.9,0.1
S0000843,PED000420,2025-06-26,C00464,P020,V014,R04,4,49.9,0.0
S0000844,PED000421,2025-02-28,C00566,P022,V023,R05,2,499.9,0.1
S0000845,PED000422,2023-05-10,C00700,P047,V005,R02,3,149.9,0.0
S0000846,PED000423,2024-06-23,C00681,P058,V012,R02,4,49.9,0.05
S0000847,PED000423,2024-06-23,C00681,P052,V012,R02,3,89.9,0.0
S0000848,PED000423,2024-06-23,C00681,P024,V012,R02,4,149.9,0.0
S0000849,PED000424,2024-11-10,C00604,P018,V007,R02,4,499.9,0.0
S0000850,PED000424,2024-11-10,C00604,P045,V007,R02,1,49.9,0.0
S0000851,PED000425,2023-10-20,C00480,P019,V003,R03,4,149.9,0.0
S0000852,PED000425,2023-10-20,C00480,P008,V003,R03,2,149.9,0.1
S0000853,PED000425,2023-10-20,C00480,P056,V003,R03,2,149.9,0.1
S0000854,PED000426,2023-02-25,C00542,P029,V004,R02,3,249.9,0.0
S0000855,PED000426,2023-02-25,C00542,P032,V004,R02,2,499.9,0.05
S0000856,PED000427,2023-09-27,C00515,P053,V016,R04,1,49.9,0.0
S0000857,PED000427,2023-09-27,C00515,P045,V016,R04,2,49.9,0.05
S0000858,PED000427,2023-09-27,C00515,P040,V016,R04,4,249.9,0.1
S0000859,PED000428,2024-05-31,C00515,P026,V016,R04,1,49.9,0.15
S0000860,PED000429,2024-04-12,C00691,P023,V013,R02,3,899.9,0.0
S0000861,PED000430,2023-08-05,C00644,P003,V016,R02,3,49.9,0.0
S0000862,PED000430,2023-08-05,C00644,P027,V016,R02,1,249.9,0.0
S0000863,PED000431,2025-07-13,C00640,P041,V001,R05,4,149.9,0.1
S0000864,PED000431,2025-07-13,C00640,P002,V001,R05,3,499.9,0.05
S0000865,PED000431,2025-07-13,C00640,P003,V001,R05,1,49.9,0.0
S0000866,PED000432,2025-11-02,C00652,P007,V012,R04,4,899.9,0.2
S0000867,PED000433,2023-09-03,C00500,P038,V020,R01,4,499.9,0.15
S0000868,PED000433,2023-09-03,C00500,P045,V020,R01,1,49.9,0.1
S0000869,PED000433,2023-09-03,C00500,P028,V020,R01,1,499.9,0.05
S0000870,PED000434,2025-11-04,C00602,P009,V002,R01,2,499.9,0.0
S0000871,PED000434,2025-11-04,C00602,P018,V002,R01,2,499.9,0.05
S0000872,PED000434,2025-11-04,C00602,P008,V002,R01,2,149.9,0.0
S0000873,PED000435,2023-01-23,C00481,P020,V005,R03,2,49.9,0.0
S0000874,PED000435,2023-01-23,C00481,P002,V005,R03,3,499.9,0.05
S0000875,PED000435,2023-01-23,C00481,P060,V005,R03,2,149.9,0.15
S0000876,PED000436,2025-11-01,C00465,P026,V009,R05,1,49.9,0.05
S0000877,PED000436,2025-11-01,C00465,P022,V009,R05,3,499.9,0.2
S0000878,PED000437,2025-11-21,C00597,P003,V012,R04,2,49.9,0.0
S0000879,PED000437,2025-11-21,C00597,P026,V012,R04,4,49.9,0.0
S0000880,PED000437,2025-11-21,C00597,P055,V012,R04,4,149.9,0.1
S0000881,PED000438,2023-01-16,C00334,P015,V010,R01,3,499.9,0.0
S0000882,PED000439,2025-05-02,C00678,P018,V020,R04,1,499.9,0.1
S0000883,PED000440,2025-12-06,C00609,P035,V013,R05,3,499.9,0.0
S0000884,PED000441,2025-10-13,C00532,P002,V001,R04,2,499.9,0.1
S0000885,PED000441,2025-10-13,C00532,P034,V001,R04,2,499.9,0.1
S0000886,PED000441,2025-10-13,C00532,P053,V001,R04,3,49.9,0.05
S0000887,PED000442,2025-12-06,C00065,P038,V003,R05,1,499.9,0.0
S0000888,PED000442,2025-12-06,C00065,P042,V003,R05,4,499.9,0.1
S0000889,PED000442,2025-12-06,C00065,P034,V003,R05,2,499.9,0.05
S0000890,PED000443,2024-09-19,C00542,P007,V005,R02,2,899.9,0.1
S0000891,PED000444,2023-04-10,C00648,P014,V020,R03,1,499.9,0.0
S0000892,PED000445,2025-08-12,C00564,P012,V008,R03,1,89.9,0.05
S0000893,PED000445,2025-08-12,C00564,P026,V008,R03,4,49.9,0.1
S0000894,PED000446,2024-11-17,C00273,P015,V015,R01,1,499.9,0.05
S0000895,PED000446,2024-11-17,C00273,P005,V015,R01,3,499.9,0.05
S0000896,PED000447,2024-11-18,C00239,P009,V009,R01,3,499.9,0.1
S0000897,PED000447,2024-11-18,C00239,P013,V009,R01,2,899.9,0.0
S0000898,PED000447,2024-11-18,C00239,P053,V009,R01,1,49.9,0.0
S0000899,PED000448,2024-04-16,C00643,P009,V021,R03,4,499.9,0.0
S0000900,PED000449,2024-10-12,C00596,P027,V013,R04,2,249.9,0.15
S0000901,PED000449,2024-10-12,C00596,P029,V013,R04,1,249.9,0.05
S0000902,PED000449,2024-10-12,C00596,P012,V013,R04,2,89.9,0.0
S0000903,PED000450,2023-07-08,C00576,P021,V002,R05,4,899.9,0.0
S0000904,PED000451,2025-04-03,C00238,P030,V009,R05,1,499.9,0.05
S0000905,PED000451,2025-04-03,C00238,P052,V009,R05,3,89.9,0.1
S0000906,PED000452,2023-04-06,C00648,P001,V006,R03,3,49.9,0.05
S0000907,PED000452,2023-04-06,C00648,P003,V006,R03,4,49.9,0.1
S0000908,PED000453,2025-03-22,C00517,P003,V014,R04,4,49.9,0.05
S0000909,PED000454,2025-08-11,C00504,P042,V015,R03,3,499.9,0.0
S0000910,PED000454,2025-08-11,C00504,P014,V015,R03,4,499.9,0.0
S0000911,PED000455,2024-06-20,C00521,P005,V013,R02,1,499.9,0.0
S0000912,PED000456,2024-08-04,C00526,P056,V019,R05,4,149.9,0.05
S0000913,PED000456,2024-08-04,C00526,P013,V019,R05,3,899.9,0.0
S0000914,PED000457,2023-12-13,C00390,P010,V008,R02,2,249.9,0.0
S0000915,PED000457,2023-12-13,C00390,P026,V008,R02,2,49.9,0.1
S0000916,PED000457,2023-12-13,C00390,P031,V008,R02,3,149.9,0.0
S0000917,PED000458,2025-12-05,C00593,P055,V006,R01,1,149.9,0.05
S0000918,PED000458,2025-12-05,C00593,P030,V006,R01,3,499.9,0.2
S0000919,PED000459,2025-03-26,C00582,P016,V007,R05,2,149.9,0.1
S0000920,PED000460,2024-02-16,C00668,P010,V003,R04,1,249.9,0.0
S0000921,PED000460,2024-02-16,C00668,P030,V003,R04,4,499.9,0.0
S0000922,PED000460,2024-02-16,C00668,P017,V003,R04,4,499.9,0.1
S0000923,PED000461,2023-08-02,C00660,P018,V004,R01,4,499.9,0.05
S0000924,PED000462,2023-09-23,C00140,P034,V003,R02,2,499.9,0.05
S0000925,PED000463,2024-06-11,C00542,P026,V017,R02,3,49.9,0.15
S0000926,PED000463,2024-06-11,C00542,P046,V017,R02,2,249.9,0.0
S0000927,PED000463,2024-06-11,C00542,P019,V017,R02,2,149.9,0.1
S0000928,PED000464,2025-11-14,C00647,P003,V001,R04,1,49.9,0.05
S0000929,PED000464,2025-11-14,C00647,P023,V001,R04,1,899.9,0.0
S0000930,PED000465,2025-03-27,C00482,P013,V006,R03,2,899.9,0.0
S0000931,PED000466,2023-09-18,C00605,P034,V019,R03,1,499.9,0.0
S0000932,PED000467,2025-08-24,C00606,P015,V002,R01,4,499.9,0.15
S0000933,PED000468,2024-02-29,C00477,P021,V016,R01,2,899.9,0.15
S0000934,PED000468,2024-02-29,C00477,P006,V016,R01,3,499.9,0.0
S0000935,PED000469,2025-08-14,C00594,P034,V019,R04,1,499.9,0.0
S0000936,PED000470,2023-10-16,C00684,P025,V013,R01,1,149.9,0.1
S0000937,PED000470,2023-10-16,C00684,P028,V013,R01,3,499.9,0.1
S0000938,PED000470,2023-10-16,C00684,P029,V013,R01,1,249.9,0.0
S0000939,PED000471,2024-11-21,C00556,P021,V015,R01,1,899.9,0.2
S0000940,PED000471,2024-11-21,C00556,P017,V015,R01,4,499.9,0.0
S0000941,PED000472,2025-11-02,C00690,P008,V015,R04,1,149.9,0.1
S0000942,PED000472,2025-11-02,C00690,P012,V015,R04,2,89.9,0.15
S0000943,PED000473,2023-11-01,C00184,P003,V022,R02,1,49.9,0.0
S0000944,PED000473,2023-11-01,C00184,P043,V022,R02,1,49.9,0.2
S0000945,PED000474,2025-02-03,C00471,P016,V004,R01,3,149.9,0.15
S0000946,PED000474,2025-02-03,C00471,P046,V004,R01,3,249.9,0.05
S0000947,PED000475,2025-12-20,C00582,P038,V006,R05,4,499.9,0.05
S0000948,PED000475,2025-12-20,C00582,P053,V006,R05,2,49.9,0.0
S0000949,PED000476,2023-07-04,C00497,P060,V005,R04,1,149.9,0.2
S0000950,PED000476,2023-07-04,C00497,P057,V005,R04,3,149.9,0.0
S0000951,PED000477,2023-04-22,C00676,P035,V019,R05,3,499.9,0.1
S0000952,PED000478,2025-01-10,C00503,P017,V013,R04,4,499.9,0.1
S0000953,PED000479,2024-01-09,C00527,P035,V004,R03,1,499.9,0.1
S0000954,PED000480,2023-04-01,C00535,P003,V021,R05,2,49.9,0.2
S0000955,PED000480,2023-04-01,C00535,P023,V021,R05,3,899.9,0.05
S0000956,PED000480,2023-04-01,C00535,P047,V021,R05,4,149.9,0.15
S0000957,PED000481,2024-06-24,C00545,P026,V004,R01,4,49.9,0.0
S0000958,PED000482,2025-04-21,C00562,P010,V012,R01,4,249.9,0.0
S0000959,PED000483,2023-11-21,C00502,P030,V016,R04,4,499.9,0.0
S0000960,PED000483,2023-11-21,C00502,P006,V016,R04,2,499.9,0.05
S0000961,PED000483,2023-11-21,C00502,P005,V016,R04,1,499.9,0.0
S0000962,PED000484,2024-01-03,C00530,P031,V002,R02,2,149.9,0.05
S0000963,PED000484,2024-01-03,C00530,P012,V002,R02,3,89.9,0.1
S0000964,PED000484,2024-01-03,C00530,P006,V002,R02,4,499.9,0.05
S0000965,PED000485,2025-08-07,C00480,P032,V015,R03,4,499.9,0.0
S0000966,PED000485,2025-08-07,C00480,P024,V015,R03,3,149.9,0.0
S0000967,PED000486,2024-08-16,C00650,P054,V008,R04,2,249.9,0.05
S0000968,PED000487,2025-08-04,C00513,P029,V024,R05,4,249.9,0.2
S0000969,PED000488,2024-05-21,C00621,P002,V007,R05,4,499.9,0.0
S0000970,PED000489,2025-11-22,C00486,P009,V018,R04,1,499.9,0.15
S0000971,PED000489,2025-11-22,C00486,P042,V018,R04,1,499.9,0.0
S0000972,PED000490,2024-12-18,C00533,P047,V022,R01,1,149.9,0.0
S0000973,PED000490,2024-12-18,C00533,P043,V022,R01,1,49.9,0.05
S0000974,PED000490,2024-12-18,C00533,P028,V022,R01,3,499.9,0.05
S0000975,PED000491,2023-05-25,C00540,P060,V013,R03,4,149.9,0.0
S0000976,PED000491,2023-05-25,C00540,P024,V013,R03,2,149.9,0.2
S0000977,PED000491,2023-05-25,C00540,P004,V013,R03,3,499.9,0.05
S0000978,PED000492,2025-09-21,C00599,P017,V002,R04,2,499.9,0.2
S0000979,PED000493,2024-07-10,C00479,P015,V015,R01,1,499.9,0.1
S0000980,PED000493,2024-07-10,C00479,P002,V015,R01,3,499.9,0.0
S0000981,PED000493,2024-07-10,C00479,P031,V015,R01,1,149.9,0.15
S0000982,PED000494,2023-06-24,C00541,P022,V019,R01,3,499.9,0.2
S0000983,PED000495,2023-07-07,C00402,P003,V016,R02,4,49.9,0.0
S0000984,PED000496,2025-01-27,C00506,P034,V001,R04,4,499.9,0.2
S0000985,PED000496,2025-01-27,C00506,P008,V001,R04,4,149.9,0.05
S0000986,PED000496,2025-01-27,C00506,P057,V001,R04,1,149.9,0.1
S0000987,PED000497,2023-03-03,C00693,P009,V001,R05,3,499.9,0.15
S0000988,PED000497,2023-03-03,C00693,P049,V001,R05,1,899.9,0.0
S0000989,PED000497,2023-03-03,C00693,P044,V001,R05,4,499.9,0.0
S0000990,PED000498,2023-11-22,C00557,P035,V015,R03,2,499.9,0.05
S0000991,PED000498,2023-11-22,C00557,P015,V015,R03,3,499.9,0.05
S0000992,PED000498,2023-11-22,C00557,P008,V015,R03,3,149.9,0.05
S0000993,PED000499,2023-06-22,C00680,P031,V009,R01,4,149.9,0.05
S0000994,PED000499,2023-06-22,C00680,P027,V009,R01,1,249.9,0.0
S0000995,PED000500,2024-05-15,C00031,P009,V014,R01,2,499.9,0.05
S0000996,PED000500,2024-05-15,C00031,P046,V014,R01,4,249.9,0.1
S0000997,PED000501,2024-04-13,C00529,P037,V014,R04,1,149.9,0.2
S0000998,PED000502,2024-08-18,C00642,P028,V001,R01,1,499.9,0.0
S0000999,PED000503,2023-11-17,C00692,P040,V014,R04,3,249.9,0.0
S0001000,PED000504,2023-02-11,C00640,P016,V009,R05,4,149.9,0.0
S0001001,PED000504,2023-02-11,C00640,P023,V009,R05,1,899.9,0.05
S0001002,PED000505,2024-11-18,C00680,P035,V008,R01,1,499.9,0.15
S0001003,PED000506,2024-02-23,C00654,P010,V020,R05,2,249.9,0.0
S0001004,PED000506,2024-02-23,C00654,P001,V020,R05,4,49.9,0.0
S0001005,PED000507,2024-12-18,C00560,P012,V003,R04,3,89.9,0.1
S0001006,PED000507,2024-12-18,C00560,P008,V003,R04,2,149.9,0.1
S0001007,PED000507,2024-12-18,C00560,P023,V003,R04,2,899.9,0.05
S0001008,PED000508,2023-05-17,C00457,P006,V008,R01,2,499.9,0.0
S0001009,PED000508,2023-05-17,C00457,P014,V008,R01,3,499.9,0.0
S0001010,PED000508,2023-05-17,C00457,P047,V008,R01,4,149.9,0.0
S0001011,PED000509,2023-01-18,C00605,P006,V013,R03,4,499.9,0.05
S0001012,PED000509,2023-01-18,C00605,P030,V013,R03,1,499.9,0.0
S0001013,PED000509,2023-01-18,C00605,P013,V013,R03,4,899.9,0.1
S0001014,PED000510,2023-10-22,C00458,P057,V001,R05,4,149.9,0.2
S0001015,PED000510,2023-10-22,C00458,P032,V001,R05,3,499.9,0.0
S0001016,PED000511,2024-06-02,C00529,P001,V001,R04,2,49.9,0.1
S0001017,PED000511,2024-06-02,C00529,P020,V001,R04,2,49.9,0.05
S0001018,PED000511,2024-06-02,C00529,P029,V001,R04,2,249.9,0.0
S0001019,PED000512,2024-03-19,C00538,P015,V024,R04,2,499.9,0.0
S0001020,PED000513,2025-06-26,C00604,P010,V024,R02,3,249.9,0.0
S0001021,PED000514,2024-02-28,C00491,P035,V002,R02,1,499.9,0.0
S0001022,PED000514,2024-02-28,C00491,P030,V002,R02,3,499.9,0.2
S0001023,PED000515,2024-08-28,C00665,P007,V012,R03,4,899.9,0.1
S0001024,PED000515,2024-08-28,C00665,P018,V012,R03,2,499.9,0.05
S0001025,PED000515,2024-08-28,C00665,P014,V012,R03,3,499.9,0.0
S0001026,PED000516,2024-11-02,C00461,P045,V004,R03,1,49.9,0.0
S0001027,PED000516,2024-11-02,C00461,P012,V004,R03,1,89.9,0.0
S0001028,PED000517,2023-01-28,C00586,P014,V024,R02,2,499.9,0.05
S0001029,PED000517,2023-01-28,C00586,P052,V024,R02,3,89.9,0.05
S0001030,PED000518,2024-08-10,C00682,P001,V015,R01,3,49.9,0.0
S0001031,PED000518,2024-08-10,C00682,P050,V015,R01,3,899.9,0.0
S0001032,PED000519,2024-01-15,C00517,P016,V015,R04,4,149.9,0.0
S0001033,PED000519,2024-01-15,C00517,P003,V015,R04,2,49.9,0.15
S0001034,PED000520,2024-04-21,C00550,P033,V007,R01,4,89.9,0.15
S0001035,PED000520,2024-04-21,C00550,P038,V007,R01,1,499.9,0.05
S0001036,PED000521,2023-05-07,C00547,P004,V001,R05,2,499.9,0.1
S0001037,PED000522,2025-05-25,C00484,P011,V019,R03,1,149.9,0.0
S0001038,PED000522,2025-05-25,C00484,P037,V019,R03,1,149.9,0.0
S0001039,PED000523,2025-11-14,C00511,P012,V012,R04,2,89.9,0.1
S0001040,PED000523,2025-11-14,C00511,P001,V012,R04,4,49.9,0.1
S0001041,PED000523,2025-11-14,C00511,P026,V012,R04,1,49.9,0.05
S0001042,PED000524,2023-01-29,C00493,P052,V010,R01,1,89.9,0.0
S0001043,PED000524,2023-01-29,C00493,P021,V010,R01,2,899.9,0.1
S0001044,PED000525,2024-11-08,C00625,P043,V016,R05,2,49.9,0.15
S0001045,PED000525,2024-11-08,C00625,P005,V016,R05,2,499.9,0.0
S0001046,PED000525,2024-11-08,C00625,P038,V016,R05,2,499.9,0.0
S0001047,PED000526,2025-05-03,C00581,P023,V017,R02,2,899.9,0.0
S0001048,PED000527,2023-11-21,C00469,P026,V004,R04,4,49.9,0.1
S0001049,PED000527,2023-11-21,C00469,P017,V004,R04,4,499.9,0.0
S0001050,PED000527,2023-11-21,C00469,P033,V004,R04,3,89.9,0.15
S0001051,PED000528,2025-05-31,C00492,P041,V014,R03,2,149.9,0.0
S0001052,PED000528,2025-05-31,C00492,P013,V014,R03,3,899.9,0.1
S0001053,PED000529,2024-12-01,C00653,P005,V020,R01,4,499.9,0.1
S0001054,PED000529,2024-12-01,C00653,P043,V020,R01,1,49.9,0.0
S0001055,PED000529,2024-12-01,C00653,P022,V020,R01,2,499.9,0.1
S0001056,PED000530,2025-11-04,C00685,P024,V014,R02,3,149.9,0.1
S0001057,PED000531,2025-12-15,C00250,P024,V008,R01,1,149.9,0.1
S0001058,PED000532,2023-02-25,C00579,P050,V006,R03,1,899.9,0.15
S0001059,PED000533,2024-05-20,C00630,P056,V013,R01,4,149.9,0.05
S0001060,PED000533,2024-05-20,C00630,P026,V013,R01,4,49.9,0.1
S0001061,PED000533,2024-05-20,C00630,P010,V013,R01,4,249.9,0.0
S0001062,PED000534,2024-09-16,C00697,P018,V022,R02,4,499.9,0.2
S0001063,PED000535,2023-06-30,C00692,P054,V016,R04,4,249.9,0.0
S0001064,PED000536,2024-01-05,C00619,P046,V017,R01,2,249.9,0.1
S0001065,PED000536,2024-01-05,C00619,P047,V017,R01,2,149.9,0.0
S0001066,PED000536,2024-01-05,C00619,P043,V017,R01,4,49.9,0.0
S0001067,PED000537,2025-12-21,C00509,P031,V003,R04,4,149.9,0.05
S0001068,PED000537,2025-12-21,C00509,P029,V003,R04,4,249.9,0.2
S0001069,PED000537,2025-12-21,C00509,P010,V003,R04,2,249.9,0.15
S0001070,PED000538,2023-01-21,C00672,P007,V011,R04,4,899.9,0.1
S0001071,PED000538,2023-01-21,C00672,P004,V011,R04,3,499.9,0.0
S0001072,PED000538,2023-01-21,C00672,P030,V011,R04,1,499.9,0.05
S0001073,PED000539,2024-05-29,C00552,P022,V002,R05,2,499.9,0.0
S0001074,PED000539,2024-05-29,C00552,P051,V002,R05,2,899.9,0.0
S0001075,PED000540,2025-08-04,C00559,P037,V003,R01,2,149.9,0.0
S0001076,PED000541,2023-12-24,C00685,P040,V022,R02,2,249.9,0.1
S0001077,PED000541,2023-12-24,C00685,P005,V022,R02,2,499.9,0.1
S0001078,PED000542,2024-06-29,C00673,P039,V022,R01,1,249.9,0.1
S0001079,PED000542,2024-06-29,C00673,P003,V022,R01,3,49.9,0.0
S0001080,PED000542,2024-06-29,C00673,P015,V022,R01,3,499.9,0.0
S0001081,PED000543,2025-12-12,C00558,P014,V017,R03,1,499.9,0.0
S0001082,PED000544,2024-06-23,C00602,P003,V002,R01,4,49.9,0.05
S0001083,PED000545,2023-06-12,C00525,P030,V015,R01,1,499.9,0.1
S0001084,PED000545,2023-06-12,C00525,P014,V015,R01,4,499.9,0.0
S0001085,PED000545,2023-06-12,C00525,P044,V015,R01,4,499.9,0.1
S0001086,PED000546,2023-03-09,C00567,P004,V013,R03,2,499.9,0.0
S0001087,PED000546,2023-03-09,C00567,P003,V013,R03,3,49.9,0.15
S0001088,PED000547,2025-11-16,C00562,P006,V024,R01,2,499.9,0.1
S0001089,PED000548,2023-11-07,C00554,P055,V010,R04,1,149.9,0.0
S0001090,PED000548,2023-11-07,C00554,P035,V010,R04,1,499.9,0.15
S0001091,PED000548,2023-11-07,C00554,P028,V010,R04,3,499.9,0.0
S0001092,PED000549,2024-07-28,C00558,P021,V005,R03,3,899.9,0.15
S0001093,PED000550,2023-04-25,C00535,P048,V009,R05,1,149.9,0.0
S0001094,PED000550,2023-04-25,C00535,P028,V009,R05,3,499.9,0.0
S0001095,PED000551,2024-04-24,C00693,P020,V020,R05,4,49.9,0.1
S0001096,PED000551,2024-04-24,C00693,P050,V020,R05,1,899.9,0.05
S0001097,PED000552,2025-11-05,C00585,P042,V018,R04,4,499.9,0.0
S0001098,PED000553,2024-07-26,C00646,P011,V008,R01,2,149.9,0.05
S0001099,PED000554,2025-12-06,C00629,P007,V010,R02,4,899.9,0.0
S0001100,PED000555,2023-11-02,C00480,P040,V008,R03,3,249.9,0.15
S0001101,PED000555,2023-11-02,C00480,P048,V008,R03,1,149.9,0.15
S0001102,PED000556,2024-07-29,C00456,P010,V013,R05,4,249.9,0.0
S0001103,PED000557,2025-08-23,C00578,P015,V019,R04,2,499.9,0.0
S0001104,PED000557,2025-08-23,C00578,P003,V019,R04,3,49.9,0.0
S0001105,PED000557,2025-08-23,C00578,P005,V019,R04,4,499.9,0.1
S0001106,PED000558,2024-05-24,C00567,P050,V001,R03,2,899.9,0.1
S0001107,PED000558,2024-05-24,C00567,P008,V001,R03,2,149.9,0.0
S0001108,PED000558,2024-05-24,C00567,P012,V001,R03,1,89.9,0.2
S0001109,PED000559,2023-11-17,C00480,P005,V008,R03,3,499.9,0.1
S0001110,PED000559,2023-11-17,C00480,P009,V008,R03,4,499.9,0.15
S0001111,PED000559,2023-11-17,C00480,P020,V008,R03,2,49.9,0.1
S0001112,PED000560,2025-08-19,C00617,P029,V011,R01,2,249.9,0.15
S0001113,PED000560,2025-08-19,C00617,P036,V011,R01,2,49.9,0.15
S0001114,PED000560,2025-08-19,C00617,P006,V011,R01,2,499.9,0.2
S0001115,PED000561,2024-03-14,C00538,P024,V001,R04,2,149.9,0.0
S0001116,PED000561,2024-03-14,C00538,P025,V001,R04,3,149.9,0.15
S0001117,PED000561,2024-03-14,C00538,P043,V001,R04,3,49.9,0.2
S0001118,PED000562,2024-08-29,C00465,P005,V001,R05,4,499.9,0.05
S0001119,PED000563,2025-12-11,C00584,P002,V005,R05,3,499.9,0.0
S0001120,PED000564,2023-08-16,C00473,P027,V006,R03,4,249.9,0.1
S0001121,PED000565,2023-12-04,C00456,P001,V015,R05,2,49.9,0.0
S0001122,PED000566,2023-02-10,C00682,P011,V009,R01,4,149.9,0.1
S0001123,PED000567,2024-03-16,C00303,P013,V019,R03,4,899.9,0.15
S0001124,PED000568,2023-09-01,C00472,P039,V013,R01,3,249.9,0.05
S0001125,PED000568,2023-09-01,C00472,P010,V013,R01,4,249.9,0.15
S0001126,PED000568,2023-09-01,C00472,P042,V013,R01,4,499.9,0.05
S0001127,PED000569,2025-01-17,C00700,P047,V001,R02,2,149.9,0.0
S0001128,PED000569,2025-01-17,C00700,P030,V001,R02,1,499.9,0.15
S0001129,PED000569,2025-01-17,C00700,P048,V001,R02,3,149.9,0.1
S0001130,PED000570,2023-08-10,C00299,P047,V008,R05,1,149.9,0.05
S0001131,PED000570,2023-08-10,C00299,P040,V008,R05,1,249.9,0.0
S0001132,PED000571,2025-01-11,C00543,P007,V008,R04,1,899.9,0.0
S0001133,PED000571,2025-01-11,C00543,P009,V008,R04,4,499.9,0.1
S0001134,PED000572,2023-11-05,C00540,P016,V010,R03,1,149.9,0.15
S0001135,PED000572,2023-11-05,C00540,P007,V010,R03,1,899.9,0.1
S0001136,PED000572,2023-11-05,C00540,P034,V010,R03,4,499.9,0.15
S0001137,PED000573,2024-01-29,C00548,P035,V017,R05,3,499.9,0.0
S0001138,PED000573,2024-01-29,C00548,P018,V017,R05,3,499.9,0.1
S0001139,PED000574,2024-01-21,C00467,P055,V005,R01,1,149.9,0.0
S0001140,PED000574,2024-01-21,C00467,P003,V005,R01,4,49.9,0.15
S0001141,PED000574,2024-01-21,C00467,P036,V005,R01,4,49.9,0.1
S0001142,PED000575,2025-03-06,C00677,P031,V023,R03,4,149.9,0.0
S0001143,PED000575,2025-03-06,C00677,P022,V023,R03,2,499.9,0.0
S0001144,PED000575,2025-03-06,C00677,P032,V023,R03,4,499.9,0.1
S0001145,PED000576,2024-06-14,C00547,P057,V022,R05,3,149.9,0.05
S0001146,PED000576,2024-06-14,C00547,P009,V022,R05,3,499.9,0.0
S0001147,PED000577,2024-02-06,C00526,P053,V012,R05,2,49.9,0.1
S0001148,PED000577,2024-02-06,C00526,P011,V012,R05,4,149.9,0.1
S0001149,PED000578,2025-08-15,C00569,P011,V004,R05,2,149.9,0.2
S0001150,PED000578,2025-08-15,C00569,P057,V004,R05,1,149.9,0.1
S0001151,PED000578,2025-08-15,C00569,P003,V004,R05,3,49.9,0.0
S0001152,PED000579,2024-10-12,C00684,P044,V010,R01,4,499.9,0.05
S0001153,PED000579,2024-10-12,C00684,P014,V010,R01,1,499.9,0.0
S0001154,PED000579,2024-10-12,C00684,P008,V010,R01,4,149.9,0.0
S0001155,PED000580,2023-09-16,C00540,P055,V003,R03,3,149.9,0.0
S0001156,PED000580,2023-09-16,C00540,P056,V003,R03,4,149.9,0.05
S0001157,PED000580,2023-09-16,C00540,P033,V003,R03,4,89.9,0.05
S0001158,PED000581,2025-10-07,C00583,P044,V018,R01,1,499.9,0.0
S0001159,PED000582,2024-01-13,C00493,P027,V024,R01,2,249.9,0.0
S0001160,PED000583,2023-02-20,C00206,P020,V007,R01,4,49.9,0.05
S0001161,PED000584,2024-07-17,C00603,P023,V010,R02,2,899.9,0.0
S0001162,PED000584,2024-07-17,C00603,P002,V010,R02,1,499.9,0.15
S0001163,PED000585,2023-06-04,C00630,P022,V018,R01,1,499.9,0.05
S0001164,PED000585,2023-06-04,C00630,P028,V018,R01,3,499.9,0.2
S0001165,PED000586,2023-10-13,C00521,P023,V002,R02,2,899.9,0.0
S0001166,PED000586,2023-10-13,C00521,P026,V002,R02,3,49.9,0.1
S0001167,PED000586,2023-10-13,C00521,P007,V002,R02,3,899.9,0.0
S0001168,PED000587,2025-04-12,C00677,P043,V024,R03,1,49.9,0.1
S0001169,PED000587,2025-04-12,C00677,P025,V024,R03,4,149.9,0.0
S0001170,PED000588,2023-06-11,C00491,P031,V012,R02,3,149.9,0.15
S0001171,PED000589,2025-06-22,C00509,P021,V010,R04,1,899.9,0.0
S0001172,PED000589,2025-06-22,C00509,P040,V010,R04,4,249.9,0.1
S0001173,PED000589,2025-06-22,C00509,P016,V010,R04,2,149.9,0.0
S0001174,PED000590,2025-11-10,C00483,P021,V008,R04,1,899.9,0.0
S0001175,PED000590,2025-11-10,C00483,P006,V008,R04,3,499.9,0.0
S0001176,PED000591,2024-11-12,C00641,P028,V003,R03,2,499.9,0.05
S0001177,PED000591,2024-11-12,C00641,P002,V003,R03,2,499.9,0.2
S0001178,PED000591,2024-11-12,C00641,P019,V003,R03,4,149.9,0.05
S0001179,PED000592,2025-02-27,C00572,P022,V022,R03,3,499.9,0.05
S0001180,PED000592,2025-02-27,C00572,P040,V022,R03,3,249.9,0.15
S0001181,PED000593,2025-03-03,C00500,P022,V001,R01,4,499.9,0.0
S0001182,PED000593,2025-03-03,C00500,P028,V001,R01,4,499.9,0.15
S0001183,PED000593,2025-03-03,C00500,P020,V001,R01,1,49.9,0.05
S0001184,PED000594,2025-12-25,C00691,P012,V020,R02,2,89.9,0.0
S0001185,PED000595,2024-01-11,C00462,P053,V005,R04,2,49.9,0.05
S0001186,PED000595,2024-01-11,C00462,P047,V005,R04,4,149.9,0.05
S0001187,PED000596,2023-07-19,C00647,P033,V013,R04,3,89.9,0.0
S0001188,PED000596,2023-07-19,C00647,P024,V013,R04,1,149.9,0.2
S0001189,PED000597,2024-08-15,C00524,P015,V016,R01,4,499.9,0.05
S0001190,PED000598,2024-09-01,C00594,P012,V007,R04,4,89.9,0.1
S0001191,PED000599,2023-08-06,C00693,P007,V004,R05,1,899.9,0.05
S0001192,PED000600,2024-11-17,C00501,P029,V019,R03,4,249.9,0.05
S0001193,PED000601,2023-01-19,C00213,P042,V018,R05,1,499.9,0.1
S0001194,PED000602,2025-11-03,C00680,P009,V011,R01,1,499.9,0.0
S0001195,PED000603,2023-11-06,C00573,P023,V022,R01,3,899.9,0.0
S0001196,PED000603,2023-11-06,C00573,P022,V022,R01,4,499.9,0.1
S0001197,PED000603,2023-11-06,C00573,P039,V022,R01,1,249.9,0.0
S0001198,PED000604,2023-02-21,C00463,P010,V007,R05,2,249.9,0.15
S0001199,PED000605,2023-05-16,C00491,P056,V019,R02,4,149.9,0.1
S0001200,PED000605,2023-05-16,C00491,P014,V019,R02,1,499.9,0.2
S0001201,PED000605,2023-05-16,C00491,P017,V019,R02,1,499.9,0.0
S0001202,PED000606,2023-10-14,C00525,P051,V011,R01,3,899.9,0.05
S0001203,PED000606,2023-10-14,C00525,P031,V011,R01,4,149.9,0.05
S0001204,PED000607,2023-11-13,C00474,P023,V016,R04,4,899.9,0.0
S0001205,PED000608,2023-02-12,C00675,P055,V007,R02,4,149.9,0.15
S0001206,PED000608,2023-02-12,C00675,P014,V007,R02,3,499.9,0.0
S0001207,PED000608,2023-02-12,C00675,P029,V007,R02,1,249.9,0.15
S0001208,PED000609,2023-11-17,C00538,P025,V014,R04,4,149.9,0.0
S0001209,PED000610,2023-08-24,C00589,P032,V022,R01,4,499.9,0.05
S0001210,PED000610,2023-08-24,C00589,P052,V022,R01,4,89.9,0.05
S0001211,PED000611,2024-02-29,C00515,P031,V014,R04,4,149.9,0.0
S0001212,PED000612,2024-03-08,C00567,P047,V022,R03,3,149.9,0.05
S0001213,PED000612,2024-03-08,C00567,P019,V022,R03,3,149.9,0.1
S0001214,PED000613,2024-01-08,C00496,P018,V002,R01,1,499.9,0.0
S0001215,PED000613,2024-01-08,C00496,P039,V002,R01,1,249.9,0.05
S0001216,PED000613,2024-01-08,C00496,P059,V002,R01,1,499.9,0.0
S0001217,PED000614,2023-12-27,C00482,P031,V011,R03,1,149.9,0.0
S0001218,PED000615,2023-04-24,C00592,P021,V024,R05,4,899.9,0.1
S0001219,PED000615,2023-04-24,C00592,P041,V024,R05,2,149.9,0.1
S0001220,PED000616,2023-02-02,C00664,P033,V005,R04,3,89.9,0.1
S0001221,PED000616,2023-02-02,C00664,P020,V005,R04,2,49.9,0.05
S0001222,PED000617,2023-09-03,C00523,P008,V024,R05,4,149.9,0.0
S0001223,PED000618,2025-04-24,C00645,P007,V024,R01,3,899.9,0.1
S0001224,PED000619,2025-12-24,C00151,P024,V017,R02,3,149.9,0.0
S0001225,PED000620,2025-11-04,C00551,P028,V013,R02,2,499.9,0.0
S0001226,PED000620,2025-11-04,C00551,P014,V013,R02,3,499.9,0.0
S0001227,PED000620,2025-11-04,C00551,P049,V013,R02,3,899.9,0.15
S0001228,PED000621,2024-07-28,C00459,P050,V005,R03,4,899.9,0.2
S0001229,PED000622,2024-08-30,C00552,P005,V019,R05,1,499.9,0.1
S0001230,PED000623,2023-12-15,C00690,P011,V002,R04,3,149.9,0.15
S0001231,PED000624,2025-05-15,C00058,P048,V017,R05,3,149.9,0.1
S0001232,PED000624,2025-05-15,C00058,P026,V017,R05,2,49.9,0.1
S0001233,PED000624,2025-05-15,C00058,P039,V017,R05,1,249.9,0.2
S0001234,PED000625,2025-05-04,C00492,P029,V010,R03,3,249.9,0.0
S0001235,PED000625,2025-05-04,C00492,P023,V010,R03,2,899.9,0.2
S0001236,PED000626,2025-08-05,C00285,P026,V008,R05,3,49.9,0.1
S0001237,PED000626,2025-08-05,C00285,P048,V008,R05,1,149.9,0.0
S0001238,PED000627,2025-10-03,C00466,P007,V015,R05,2,899.9,0.0
S0001239,PED000628,2024-05-07,C00646,P060,V002,R01,3,149.9,0.0
S0001240,PED000628,2024-05-07,C00646,P052,V002,R01,3,89.9,0.2
S0001241,PED000629,2025-05-06,C00517,P002,V013,R04,4,499.9,0.0
S0001242,PED000630,2025-06-21,C00520,P007,V015,R02,4,899.9,0.2
S0001243,PED000630,2025-06-21,C00520,P014,V015,R02,2,499.9,0.15
S0001244,PED000630,2025-06-21,C00520,P027,V015,R02,4,249.9,0.1
S0001245,PED000631,2023-12-10,C00666,P005,V020,R05,3,499.9,0.05
S0001246,PED000631,2023-12-10,C00666,P035,V020,R05,2,499.9,0.0
S0001247,PED000632,2025-11-04,C00626,P042,V017,R02,4,499.9,0.0
S0001248,PED000632,2025-11-04,C00626,P016,V017,R02,4,149.9,0.0
S0001249,PED000633,2023-04-30,C00477,P004,V004,R01,2,499.9,0.05
S0001250,PED000633,2023-04-30,C00477,P035,V004,R01,2,499.9,0.2
S0001251,PED000633,2023-04-30,C00477,P041,V004,R01,4,149.9,0.05
S0001252,PED000634,2025-12-27,C00503,P031,V002,R04,1,149.9,0.1
S0001253,PED000634,2025-12-27,C00503,P018,V002,R04,3,499.9,0.05
S0001254,PED000635,2025-05-10,C00602,P012,V003,R01,2,89.9,0.05
S0001255,PED000635,2025-05-10,C00602,P016,V003,R01,3,149.9,0.1
S0001256,PED000635,2025-05-10,C00602,P043,V003,R01,1,49.9,0.0
S0001257,PED000636,2023-04-28,C00457,P006,V004,R01,4,499.9,0.1
S0001258,PED000636,2023-04-28,C00457,P003,V004,R01,2,49.9,0.0
S0001259,PED000637,2024-12-22,C00693,P012,V002,R05,1,89.9,0.0
S0001260,PED000637,2024-12-22,C00693,P009,V002,R05,1,499.9,0.2
S0001261,PED000638,2023-02-14,C00576,P009,V007,R05,2,499.9,0.0
S0001262,PED000639,2025-05-10,C00527,P018,V012,R03,3,499.9,0.1
S0001263,PED000639,2025-05-10,C00527,P049,V012,R03,4,899.9,0.0
S0001264,PED000640,2025-06-13,C00607,P041,V010,R05,2,149.9,0.0
S0001265,PED000640,2025-06-13,C00607,P002,V010,R05,4,499.9,0.0
S0001266,PED000640,2025-06-13,C00607,P032,V010,R05,2,499.9,0.0
S0001267,PED000641,2024-11-09,C00549,P010,V014,R03,3,249.9,0.0
S0001268,PED000642,2025-08-20,C00538,P029,V020,R04,2,249.9,0.05
S0001269,PED000643,2023-05-04,C00594,P001,V013,R04,3,49.9,0.0
S0001270,PED000643,2023-05-04,C00594,P024,V013,R04,3,149.9,0.0
S0001271,PED000643,2023-05-04,C00594,P023,V013,R04,3,899.9,0.0
S0001272,PED000644,2023-11-14,C00495,P010,V018,R05,4,249.9,0.0
S0001273,PED000644,2023-11-14,C00495,P033,V018,R05,4,89.9,0.05
S0001274,PED000645,2024-04-13,C00511,P017,V018,R04,3,499.9,0.0
S0001275,PED000645,2024-04-13,C00511,P015,V018,R04,1,499.9,0.0
S0001276,PED000645,2024-04-13,C00511,P044,V018,R04,3,499.9,0.0
S0001277,PED000646,2023-02-25,C00579,P016,V012,R03,2,149.9,0.05
S0001278,PED000646,2023-02-25,C00579,P030,V012,R03,4,499.9,0.05
S0001279,PED000647,2024-05-23,C00622,P040,V009,R04,1,249.9,0.1
S0001280,PED000647,2024-05-23,C00622,P048,V009,R04,3,149.9,0.05
S0001281,PED000648,2023-11-06,C00615,P007,V014,R05,4,899.9,0.1
S0001282,PED000648,2023-11-06,C00615,P057,V014,R05,2,149.9,0.05
S0001283,PED000648,2023-11-06,C00615,P027,V014,R05,2,249.9,0.1
S0001284,PED000649,2024-03-17,C00691,P025,V020,R02,2,149.9,0.0
S0001285,PED000649,2024-03-17,C00691,P023,V020,R02,1,899.9,0.2
S0001286,PED000649,2024-03-17,C00691,P038,V020,R02,2,499.9,0.2
S0001287,PED000650,2024-04-26,C00492,P011,V002,R03,4,149.9,0.0
S0001288,PED000650,2024-04-26,C00492,P049,V002,R03,2,899.9,0.15
S0001289,PED000650,2024-04-26,C00492,P004,V002,R03,1,499.9,0.0
S0001290,PED000651,2025-09-15,C00649,P005,V011,R03,2,499.9,0.05
S0001291,PED000651,2025-09-15,C00649,P036,V011,R03,3,49.9,0.05
S0001292,PED000652,2023-11-10,C00459,P054,V006,R03,1,249.9,0.0
S0001293,PED000653,2025-10-01,C00531,P059,V010,R01,2,499.9,0.05
S0001294,PED000653,2025-10-01,C00531,P041,V010,R01,2,149.9,0.1
S0001295,PED000653,2025-10-01,C00531,P004,V010,R01,2,499.9,0.2
S0001296,PED000654,2024-04-27,C00606,P023,V016,R01,4,899.9,0.1
S0001297,PED000654,2024-04-27,C00606,P016,V016,R01,4,149.9,0.05
S0001298,PED000654,2024-04-27,C00606,P030,V016,R01,1,499.9,0.0
S0001299,PED000655,2023-12-27,C00465,P006,V004,R05,4,499.9,0.1
S0001300,PED000655,2023-12-27,C00465,P042,V004,R05,4,499.9,0.1
S0001301,PED000655,2023-12-27,C00465,P016,V004,R05,4,149.9,0.1
S0001302,PED000656,2024-07-26,C00154,P036,V005,R05,2,49.9,0.1
S0001303,PED000656,2024-07-26,C00154,P039,V005,R05,3,249.9,0.0
S0001304,PED000657,2024-04-17,C00698,P053,V006,R05,3,49.9,0.15
S0001305,PED000657,2024-04-17,C00698,P025,V006,R05,3,149.9,0.15
S0001306,PED000657,2024-04-17,C00698,P038,V006,R05,4,499.9,0.15
S0001307,PED000658,2023-11-01,C00531,P019,V006,R01,2,149.9,0.0
S0001308,PED000659,2024-07-26,C00508,P032,V006,R04,2,499.9,0.05
S0001309,PED000659,2024-07-26,C00508,P060,V006,R04,3,149.9,0.0
S0001310,PED000659,2024-07-26,C00508,P006,V006,R04,3,499.9,0.05
S0001311,PED000660,2023-07-06,C00658,P037,V018,R04,2,149.9,0.1
S0001312,PED000660,2023-07-06,C00658,P058,V018,R04,1,49.9,0.05
S0001313,PED000660,2023-07-06,C00658,P042,V018,R04,3,499.9,0.05
S0001314,PED000661,2024-01-25,C00043,P008,V016,R02,3,149.9,0.05
S0001315,PED000662,2024-10-06,C00209,P047,V008,R03,2,149.9,0.1
S0001316,PED000662,2024-10-06,C00209,P007,V008,R03,4,899.9,0.05
S0001317,PED000663,2024-04-12,C00487,P008,V011,R05,1,149.9,0.1
S0001318,PED000663,2024-04-12,C00487,P024,V011,R05,2,149.9,0.0
S0001319,PED000663,2024-04-12,C00487,P010,V011,R05,3,249.9,0.0
S0001320,PED000664,2025-07-12,C00684,P035,V020,R01,2,499.9,0.05
S0001321,PED000664,2025-07-12,C00684,P004,V020,R01,3,499.9,0.05
S0001322,PED000664,2025-07-12,C00684,P052,V020,R01,2,89.9,0.0
S0001323,PED000665,2023-10-31,C00634,P007,V016,R05,1,899.9,0.15
S0001324,PED000665,2023-10-31,C00634,P008,V016,R05,2,149.9,0.15
S0001325,PED000665,2023-10-31,C00634,P030,V016,R05,1,499.9,0.1
S0001326,PED000666,2025-12-05,C00191,P015,V002,R02,1,499.9,0.05
S0001327,PED000666,2025-12-05,C00191,P005,V002,R02,4,499.9,0.1
S0001328,PED000666,2025-12-05,C00191,P038,V002,R02,2,499.9,0.0
S0001329,PED000667,2025-05-28,C00527,P015,V020,R03,3,499.9,0.05
S0001330,PED000668,2025-12-03,C00638,P019,V005,R04,4,149.9,0.05
S0001331,PED000668,2025-12-03,C00638,P049,V005,R04,4,899.9,0.05
S0001332,PED000668,2025-12-03,C00638,P058,V005,R04,3,49.9,0.0
S0001333,PED000669,2025-07-29,C00633,P049,V023,R05,2,899.9,0.1
S0001334,PED000670,2023-06-24,C00511,P008,V002,R04,2,149.9,0.0
S0001335,PED000670,2023-06-24,C00511,P007,V002,R04,3,899.9,0.05
S0001336,PED000670,2023-06-24,C00511,P035,V002,R04,4,499.9,0.05
S0001337,PED000671,2024-08-24,C00517,P027,V006,R04,1,249.9,0.05
S0001338,PED000671,2024-08-24,C00517,P015,V006,R04,1,499.9,0.05
S0001339,PED000671,2024-08-24,C00517,P029,V006,R04,1,249.9,0.0
S0001340,PED000672,2023-07-28,C00470,P001,V005,R03,4,49.9,0.05
S0001341,PED000672,2023-07-28,C00470,P011,V005,R03,4,149.9,0.1
S0001342,PED000672,2023-07-28,C00470,P024,V005,R03,4,149.9,0.1
S0001343,PED000673,2025-07-05,C00568,P002,V011,R02,2,499.9,0.05
S0001344,PED000673,2025-07-05,C00568,P043,V011,R02,3,49.9,0.05
S0001345,PED000674,2024-10-24,C00069,P024,V017,R05,3,149.9,0.15
S0001346,PED000675,2023-11-05,C00501,P057,V003,R03,1,149.9,0.15
S0001347,PED000676,2025-11-05,C00616,P018,V021,R01,2,499.9,0.0
S0001348,PED000676,2025-11-05,C00616,P041,V021,R01,1,149.9,0.0
S0001349,PED000677,2023-05-24,C00569,P023,V013,R05,1,899.9,0.2
S0001350,PED000678,2024-10-04,C00686,P024,V020,R05,1,149.9,0.0
S0001351,PED000679,2025-03-12,C00685,P060,V005,R02,4,149.9,0.0
S0001352,PED000679,2025-03-12,C00685,P010,V005,R02,2,249.9,0.05
S0001353,PED000680,2023-03-17,C00515,P006,V002,R04,3,499.9,0.1
S0001354,PED000680,2023-03-17,C00515,P019,V002,R04,1,149.9,0.1
S0001355,PED000681,2024-11-06,C00637,P043,V011,R05,2,49.9,0.0
S0001356,PED000681,2024-11-06,C00637,P007,V011,R05,3,899.9,0.0
S0001357,PED000681,2024-11-06,C00637,P048,V011,R05,4,149.9,0.1
S0001358,PED000682,2025-07-02,C00458,P027,V001,R05,4,249.9,0.1
S0001359,PED000682,2025-07-02,C00458,P001,V001,R05,3,49.9,0.05
S0001360,PED000683,2023-03-28,C00522,P038,V007,R01,3,499.9,0.05
S0001361,PED000684,2024-08-07,C00598,P051,V017,R01,3,899.9,0.0
S0001362,PED000684,2024-08-07,C00598,P033,V017,R01,2,89.9,0.05
S0001363,PED000684,2024-08-07,C00598,P014,V017,R01,4,499.9,0.1
S0001364,PED000685,2023-11-01,C00593,P030,V013,R01,4,499.9,0.0
S0001365,PED000686,2024-12-28,C00558,P025,V018,R03,2,149.9,0.05
S0001366,PED000687,2023-05-29,C00603,P034,V004,R02,1,499.9,0.0
S0001367,PED000687,2023-05-29,C00603,P003,V004,R02,1,49.9,0.0
S0001368,PED000687,2023-05-29,C00603,P033,V004,R02,1,89.9,0.1
S0001369,PED000688,2025-11-10,C00676,P040,V005,R05,1,249.9,0.0
S0001370,PED000688,2025-11-10,C00676,P038,V005,R05,2,499.9,0.0
S0001371,PED000689,2025-10-02,C00597,P042,V003,R04,4,499.9,0.0
S0001372,PED000690,2023-08-16,C00534,P002,V011,R03,2,499.9,0.0
S0001373,PED000691,2023-12-23,C00651,P014,V003,R03,1,499.9,0.05
S0001374,PED000691,2023-12-23,C00651,P018,V003,R03,4,499.9,0.05
S0001375,PED000691,2023-12-23,C00651,P021,V003,R03,2,899.9,0.0
S0001376,PED000692,2024-10-28,C00684,P027,V023,R01,1,249.9,0.0
S0001377,PED000693,2025-03-08,C00643,P038,V008,R03,3,499.9,0.0
S0001378,PED000693,2025-03-08,C00643,P058,V008,R03,1,49.9,0.0
S0001379,PED000693,2025-03-08,C00643,P022,V008,R03,4,499.9,0.05
S0001380,PED000694,2024-05-17,C00667,P026,V019,R04,2,49.9,0.0
S0001381,PED000695,2023-07-11,C00459,P008,V001,R03,4,149.9,0.05
S0001382,PED000695,2023-07-11,C00459,P014,V001,R03,2,499.9,0.0
S0001383,PED000696,2023-05-11,C00643,P022,V004,R03,4,499.9,0.0
S0001384,PED000696,2023-05-11,C00643,P019,V004,R03,4,149.9,0.15
S0001385,PED000697,2025-12-31,C00499,P054,V006,R04,2,249.9,0.0
S0001386,PED000697,2025-12-31,C00499,P044,V006,R04,4,499.9,0.1
S0001387,PED000698,2024-06-01,C00667,P013,V002,R04,2,899.9,0.05
S0001388,PED000698,2024-06-01,C00667,P024,V002,R04,4,149.9,0.05
S0001389,PED000699,2025-09-07,C00535,P039,V023,R05,1,249.9,0.05
S0001390,PED000699,2025-09-07,C00535,P005,V023,R05,2,499.9,0.05
S0001391,PED000699,2025-09-07,C00535,P036,V023,R05,2,49.9,0.15
S0001392,PED000700,2024-07-02,C00636,P003,V010,R04,1,49.9,0.05
S0001393,PED000701,2025-10-30,C00570,P010,V015,R03,2,249.9,0.1
S0001394,PED000702,2023-04-22,C00452,P018,V006,R05,1,499.9,0.05
S0001395,PED000702,2023-04-22,C00452,P025,V006,R05,3,149.9,0.1
S0001396,PED000702,2023-04-22,C00452,P056,V006,R05,1,149.9,0.0
S0001397,PED000703,2023-05-23,C00595,P050,V023,R01,2,899.9,0.15
S0001398,PED000703,2023-05-23,C00595,P047,V023,R01,1,149.9,0.1
S0001399,PED000704,2025-11-05,C00567,P014,V016,R03,4,499.9,0.05
S0001400,PED000705,2025-11-18,C00660,P039,V022,R01,2,249.9,0.0
S0001401,PED000705,2025-11-18,C00660,P019,V022,R01,3,149.9,0.05
S0001402,PED000706,2023-12-16,C00593,P040,V018,R01,3,249.9,0.1
S0001403,PED000706,2023-12-16,C00593,P023,V018,R01,1,899.9,0.2
S0001404,PED000706,2023-12-16,C00593,P017,V018,R01,1,499.9,0.15
S0001405,PED000707,2024-01-29,C00500,P023,V020,R01,4,899.9,0.05
S0001406,PED000708,2024-05-28,C00597,P045,V018,R04,2,49.9,0.0
S0001407,PED000709,2024-04-15,C00552,P044,V020,R05,3,499.9,0.05
S0001408,PED000710,2023-08-20,C00669,P018,V013,R03,4,499.9,0.0
S0001409,PED000710,2023-08-20,C00669,P009,V013,R03,3,499.9,0.05
S0001410,PED000711,2025-10-06,C00700,P002,V013,R02,2,499.9,0.0
S0001411,PED000711,2025-10-06,C00700,P049,V013,R02,3,899.9,0.0
S0001412,PED000712,2023-10-27,C00598,P036,V003,R01,4,49.9,0.0
S0001413,PED000712,2023-10-27,C00598,P030,V003,R01,1,499.9,0.05
S0001414,PED000712,2023-10-27,C00598,P046,V003,R01,2,249.9,0.2
S0001415,PED000713,2025-02-20,C00500,P042,V012,R01,3,499.9,0.0
S0001416,PED000714,2023-03-27,C00619,P059,V008,R01,3,499.9,0.05
S0001417,PED000714,2023-03-27,C00619,P007,V008,R01,4,899.9,0.1
S0001418,PED000715,2023-02-20,C00650,P011,V013,R04,4,149.9,0.1
S0001419,PED000715,2023-02-20,C00650,P008,V013,R04,2,149.9,0.1
S0001420,PED000715,2023-02-20,C00650,P016,V013,R04,4,149.9,0.0
S0001421,PED000716,2024-12-20,C00568,P039,V006,R02,2,249.9,0.0
S0001422,PED000716,2024-12-20,C00568,P007,V006,R02,2,899.9,0.0
S0001423,PED000716,2024-12-20,C00568,P006,V006,R02,4,499.9,0.15
S0001424,PED000717,2024-01-08,C00587,P026,V001,R04,4,49.9,0.05
S0001425,PED000718,2024-12-22,C00460,P001,V010,R03,4,49.9,0.2
S0001426,PED000718,2024-12-22,C00460,P002,V010,R03,3,499.9,0.0
S0001427,PED000719,2023-04-29,C00576,P039,V010,R05,4,249.9,0.05
S0001428,PED000719,2023-04-29,C00576,P023,V010,R05,1,899.9,0.1
S0001429,PED000719,2023-04-29,C00576,P049,V010,R05,3,899.9,0.0
S0001430,PED000720,2025-11-20,C00259,P027,V023,R02,4,249.9,0.0
S0001431,PED000721,2025-04-14,C00375,P027,V017,R04,2,249.9,0.2
S0001432,PED000721,2025-04-14,C00375,P004,V017,R04,4,499.9,0.1
S0001433,PED000721,2025-04-14,C00375,P041,V017,R04,1,149.9,0.15
S0001434,PED000722,2025-09-12,C00523,P017,V002,R05,1,499.9,0.05
S0001435,PED000722,2025-09-12,C00523,P044,V002,R05,1,499.9,0.0
S0001436,PED000723,2023-06-18,C00490,P002,V010,R03,1,499.9,0.0
S0001437,PED000724,2023-12-20,C00662,P036,V017,R02,3,49.9,0.05
S0001438,PED000724,2023-12-20,C00662,P046,V017,R02,1,249.9,0.1
S0001439,PED000725,2024-02-15,C00671,P004,V011,R01,1,499.9,0.15
S0001440,PED000725,2024-02-15,C00671,P028,V011,R01,3,499.9,0.1
S0001441,PED000725,2024-02-15,C00671,P022,V011,R01,4,499.9,0.2
S0001442,PED000726,2024-09-05,C00650,P004,V015,R04,1,499.9,0.0
S0001443,PED000726,2024-09-05,C00650,P042,V015,R04,3,499.9,0.0
S0001444,PED000727,2023-11-30,C00534,P039,V004,R03,1,249.9,0.0
S0001445,PED000727,2023-11-30,C00534,P045,V004,R03,1,49.9,0.05
S0001446,PED000727,2023-11-30,C00534,P046,V004,R03,2,249.9,0.0
S0001447,PED000728,2023-03-19,C00698,P006,V013,R05,3,499.9,0.1
S0001448,PED000728,2023-03-19,C00698,P037,V013,R05,1,149.9,0.1
S0001449,PED000728,2023-03-19,C00698,P060,V013,R05,3,149.9,0.0
S0001450,PED000729,2024-02-16,C00478,P030,V013,R03,3,499.9,0.05
S0001451,PED000730,2023-10-29,C00126,P052,V004,R03,1,89.9,0.15
S0001452,PED000730,2023-10-29,C00126,P007,V004,R03,4,899.9,0.0
S0001453,PED000730,2023-10-29,C00126,P026,V004,R03,4,49.9,0.05
S0001454,PED000731,2024-03-09,C00653,P036,V007,R01,3,49.9,0.0
S0001455,PED000732,2023-08-29,C00513,P033,V008,R05,3,89.9,0.0
S0001456,PED000732,2023-08-29,C00513,P040,V008,R05,2,249.9,0.0
S0001457,PED000733,2023-11-04,C00627,P047,V013,R02,4,149.9,0.2
S0001458,PED000734,2024-11-27,C00558,P011,V011,R03,4,149.9,0.05
S0001459,PED000735,2024-03-12,C00654,P039,V011,R05,4,249.9,0.15
S0001460,PED000735,2024-03-12,C00654,P012,V011,R05,4,89.9,0.05
S0001461,PED000735,2024-03-12,C00654,P048,V011,R05,4,149.9,0.2
S0001462,PED000736,2024-01-16,C00596,P019,V017,R04,3,149.9,0.05
S0001463,PED000736,2024-01-16,C00596,P044,V017,R04,1,499.9,0.0
S0001464,PED000736,2024-01-16,C00596,P038,V017,R04,4,499.9,0.05
S0001465,PED000737,2024-09-01,C00602,P015,V006,R01,2,499.9,0.0
S0001466,PED000737,2024-09-01,C00602,P014,V006,R01,2,499.9,0.1
S0001467,PED000737,2024-09-01,C00602,P016,V006,R01,1,149.9,0.0
S0001468,PED000738,2025-05-12,C00461,P008,V001,R03,1,149.9,0.05
S0001469,PED000738,2025-05-12,C00461,P002,V001,R03,1,499.9,0.05
S0001470,PED000738,2025-05-12,C00461,P054,V001,R03,2,249.9,0.0
S0001471,PED000739,2024-03-01,C00592,P006,V015,R05,4,499.9,0.0
S0001472,PED000740,2024-10-28,C00481,P005,V013,R03,1,499.9,0.1
S0001473,PED000741,2025-12-02,C00526,P043,V013,R05,1,49.9,0.0
S0001474,PED000741,2025-12-02,C00526,P005,V013,R05,1,499.9,0.05
S0001475,PED000742,2024-08-18,C00664,P033,V013,R04,4,89.9,0.0
S0001476,PED000742,2024-08-18,C00664,P031,V013,R04,3,149.9,0.1
S0001477,PED000742,2024-08-18,C00664,P047,V013,R04,3,149.9,0.1
S0001478,PED000743,2025-10-17,C00052,P021,V006,R01,2,899.9,0.05
S0001479,PED000744,2025-06-07,C00364,P020,V002,R05,2,49.9,0.0
S0001480,PED000744,2025-06-07,C00364,P042,V002,R05,2,499.9,0.0
S0001481,PED000744,2025-06-07,C00364,P060,V002,R05,2,149.9,0.0
S0001482,PED000745,2023-03-17,C00648,P025,V020,R03,4,149.9,0.0
S0001483,PED000745,2023-03-17,C00648,P018,V020,R03,2,499.9,0.05
S0001484,PED000746,2024-05-01,C00630,P031,V010,R01,2,149.9,0.0
S0001485,PED000747,2025-02-10,C00645,P016,V012,R01,4,149.9,0.0
S0001486,PED000748,2025-12-20,C00676,P019,V020,R05,2,149.9,0.1
S0001487,PED000749,2024-06-04,C00645,P021,V012,R01,4,899.9,0.0
S0001488,PED000749,2024-06-04,C00645,P002,V012,R01,2,499.9,0.0
S0001489,PED000750,2023-04-28,C00554,P012,V009,R04,2,89.9,0.05
S0001490,PED000750,2023-04-28,C00554,P001,V009,R04,2,49.9,0.0
S0001491,PED000751,2024-10-02,C00527,P004,V017,R03,1,499.9,0.15
S0001492,PED000752,2023-06-07,C00640,P018,V022,R05,2,499.9,0.0
S0001493,PED000752,2023-06-07,C00640,P045,V022,R05,3,49.9,0.0
S0001494,PED000752,2023-06-07,C00640,P024,V022,R05,1,149.9,0.1
S0001495,PED000753,2025-04-18,C00644,P007,V013,R02,2,899.9,0.0
S0001496,PED000754,2024-08-01,C00681,P024,V016,R02,4,149.9,0.1
S0001497,PED000755,2025-03-15,C00474,P019,V006,R04,3,149.9,0.05
S0001498,PED000755,2025-03-15,C00474,P004,V006,R04,3,499.9,0.0
S0001499,PED000756,2025-09-04,C00515,P047,V010,R04,4,149.9,0.1
S0001500,PED000756,2025-09-04,C00515,P040,V010,R04,1,249.9,0.0
S0001501,PED000756,2025-09-04,C00515,P022,V010,R04,1,499.9,0.0
S0001502,PED000757,2024-11-29,C00669,P030,V009,R03,3,499.9,0.05
S0001503,PED000758,2024-11-16,C00627,P028,V023,R02,3,499.9,0.1
S0001504,PED000758,2024-11-16,C00627,P007,V023,R02,3,899.9,0.0
S0001505,PED000758,2024-11-16,C00627,P009,V023,R02,2,499.9,0.0
S0001506,PED000759,2025-04-22,C00495,P009,V009,R05,1,499.9,0.15
S0001507,PED000759,2025-04-22,C00495,P006,V009,R05,2,499.9,0.1
S0001508,PED000760,2025-08-03,C00407,P022,V002,R01,1,499.9,0.1
S0001509,PED000760,2025-08-03,C00407,P012,V002,R01,1,89.9,0.15
S0001510,PED000761,2025-09-04,C00518,P057,V002,R02,1,149.9,0.15
S0001511,PED000761,2025-09-04,C00518,P039,V002,R02,3,249.9,0.05
S0001512,PED000762,2023-02-17,C00479,P042,V003,R01,2,499.9,0.1
S0001513,PED000762,2023-02-17,C00479,P046,V003,R01,1,249.9,0.0
S0001514,PED000762,2023-02-17,C00479,P022,V003,R01,1,499.9,0.05
S0001515,PED000763,2024-09-26,C00538,P038,V009,R04,1,499.9,0.05
S0001516,PED000763,2024-09-26,C00538,P024,V009,R04,4,149.9,0.0
S0001517,PED000764,2023-09-19,C00620,P045,V015,R01,1,49.9,0.1
S0001518,PED000765,2025-08-24,C00546,P042,V018,R04,2,499.9,0.0
S0001519,PED000766,2024-12-15,C00677,P021,V017,R03,1,899.9,0.05
S0001520,PED000766,2024-12-15,C00677,P009,V017,R03,2,499.9,0.05
S0001521,PED000767,2024-04-20,C00683,P012,V021,R04,2,89.9,0.2
S0001522,PED000768,2023-08-18,C00502,P045,V005,R04,1,49.9,0.2
S0001523,PED000769,2024-01-08,C00655,P025,V015,R03,2,149.9,0.0
S0001524,PED000769,2024-01-08,C00655,P043,V015,R03,3,49.9,0.05
S0001525,PED000769,2024-01-08,C00655,P048,V015,R03,4,149.9,0.0
S0001526,PED000770,2025-02-18,C00528,P054,V002,R03,1,249.9,0.0
S0001527,PED000770,2025-02-18,C00528,P019,V002,R03,3,149.9,0.05
S0001528,PED000770,2025-02-18,C00528,P035,V002,R03,4,499.9,0.15
S0001529,PED000771,2023-09-06,C00556,P030,V011,R01,4,499.9,0.05
S0001530,PED000771,2023-09-06,C00556,P024,V011,R01,4,149.9,0.0
S0001531,PED000771,2023-09-06,C00556,P054,V011,R01,4,249.9,0.1
S0001532,PED000772,2023-04-29,C00505,P022,V021,R05,4,499.9,0.05
S0001533,PED000773,2025-09-25,C00629,P053,V018,R02,2,49.9,0.0
S0001534,PED000774,2025-05-03,C00678,P018,V002,R04,4,499.9,0.0
S0001535,PED000774,2025-05-03,C00678,P015,V002,R04,2,499.9,0.05
S0001536,PED000775,2023-09-01,C00633,P015,V024,R05,1,499.9,0.0
S0001537,PED000775,2023-09-01,C00633,P018,V024,R05,2,499.9,0.0
S0001538,PED000775,2023-09-01,C00633,P009,V024,R05,3,499.9,0.1
S0001539,PED000776,2023-11-27,C00489,P023,V009,R03,3,899.9,0.1
S0001540,PED000776,2023-11-27,C00489,P020,V009,R03,3,49.9,0.1
S0001541,PED000777,2025-12-07,C00565,P020,V019,R04,1,49.9,0.05
S0001542,PED000777,2025-12-07,C00565,P043,V019,R04,2,49.9,0.1
S0001543,PED000777,2025-12-07,C00565,P053,V019,R04,2,49.9,0.2
S0001544,PED000778,2025-02-24,C00524,P044,V009,R01,1,499.9,0.0
S0001545,PED000778,2025-02-24,C00524,P035,V009,R01,2,499.9,0.05
S0001546,PED000779,2024-11-15,C00682,P039,V016,R01,2,249.9,0.0
S0001547,PED000780,2023-12-09,C00515,P005,V016,R04,2,499.9,0.05
S0001548,PED000781,2023-12-02,C00684,P041,V007,R01,3,149.9,0.05
S0001549,PED000781,2023-12-02,C00684,P003,V007,R01,4,49.9,0.05
S0001550,PED000782,2023-02-21,C00349,P041,V020,R05,1,149.9,0.0
S0001551,PED000783,2025-03-21,C00461,P025,V024,R03,1,149.9,0.0
S0001552,PED000784,2023-02-26,C00459,P008,V008,R03,1,149.9,0.1
S0001553,PED000784,2023-02-26,C00459,P003,V008,R03,1,49.9,0.0
S0001554,PED000784,2023-02-26,C00459,P001,V008,R03,2,49.9,0.15
S0001555,PED000785,2023-01-07,C00560,P019,V014,R04,2,149.9,0.05
S0001556,PED000786,2025-03-22,C00644,P027,V012,R02,4,249.9,0.1
S0001557,PED000786,2025-03-22,C00644,P058,V012,R02,1,49.9,0.05
S0001558,PED000787,2025-11-19,C00592,P036,V015,R05,3,49.9,0.0
S0001559,PED000787,2025-11-19,C00592,P038,V015,R05,1,499.9,0.0
S0001560,PED000787,2025-11-19,C00592,P001,V015,R05,4,49.9,0.1
S0001561,PED000788,2025-04-24,C00470,P019,V003,R03,2,149.9,0.0
S0001562,PED000788,2025-04-24,C00470,P010,V003,R03,4,249.9,0.0
S0001563,PED000788,2025-04-24,C00470,P043,V003,R03,1,49.9,0.1
S0001564,PED000789,2024-06-20,C00494,P015,V020,R05,4,499.9,0.1
S0001565,PED000789,2024-06-20,C00494,P009,V020,R05,1,499.9,0.1
S0001566,PED000789,2024-06-20,C00494,P033,V020,R05,4,89.9,0.05
S0001567,PED000790,2024-07-06,C00656,P053,V018,R01,4,49.9,0.1
S0001568,PED000791,2024-05-09,C00457,P050,V004,R01,3,899.9,0.1
S0001569,PED000791,2024-05-09,C00457,P033,V004,R01,1,89.9,0.1
S0001570,PED000792,2023-12-24,C00110,P037,V016,R02,2,149.9,0.0
S0001571,PED000792,2023-12-24,C00110,P043,V016,R02,3,49.9,0.05
S0001572,PED000792,2023-12-24,C00110,P015,V016,R02,4,499.9,0.05
S0001573,PED000793,2024-08-18,C00472,P042,V020,R01,1,499.9,0.05
S0001574,PED000794,2024-05-03,C00689,P039,V001,R03,4,249.9,0.15
S0001575,PED000794,2024-05-03,C00689,P009,V001,R03,4,499.9,0.1
S0001576,PED000795,2024-11-06,C00529,P008,V003,R04,2,149.9,0.05
S0001577,PED000795,2024-11-06,C00529,P038,V003,R04,1,499.9,0.0
S0001578,PED000795,2024-11-06,C00529,P051,V003,R04,1,899.9,0.05
S0001579,PED000796,2025-10-05,C00590,P030,V001,R01,3,499.9,0.0
S0001580,PED000796,2025-10-05,C00590,P020,V001,R01,4,49.9,0.0
S0001581,PED000797,2025-12-27,C00500,P011,V010,R01,3,149.9,0.0
S0001582,PED000797,2025-12-27,C00500,P056,V010,R01,1,149.9,0.1
S0001583,PED000798,2023-04-11,C00644,P024,V022,R02,4,149.9,0.0
S0001584,PED000799,2024-03-08,C00504,P023,V005,R03,1,899.9,0.0
S0001585,PED000800,2023-08-09,C00617,P038,V011,R01,1,499.9,0.0
S0001586,PED000800,2023-08-09,C00617,P010,V011,R01,4,249.9,0.0
S0001587,PED000800,2023-08-09,C00617,P008,V011,R01,3,149.9,0.05
S0001588,PED000801,2024-01-25,C00638,P024,V013,R04,3,149.9,0.05
S0001589,PED000802,2023-11-23,C00561,P043,V004,R03,2,49.9,0.0
S0001590,PED000802,2023-11-23,C00561,P058,V004,R03,3,49.9,0.1
S0001591,PED000803,2023-08-02,C00470,P053,V004,R03,2,49.9,0.05
S0001592,PED000803,2023-08-02,C00470,P008,V004,R03,1,149.9,0.05
S0001593,PED000803,2023-08-02,C00470,P005,V004,R03,3,499.9,0.0
S0001594,PED000804,2025-05-03,C00519,P054,V016,R03,1,249.9,0.05
S0001595,PED000804,2025-05-03,C00519,P010,V016,R03,1,249.9,0.05
S0001596,PED000804,2025-05-03,C00519,P001,V016,R03,1,49.9,0.0
S0001597,PED000805,2024-07-19,C00621,P019,V009,R05,1,149.9,0.0
S0001598,PED000805,2024-07-19,C00621,P006,V009,R05,2,499.9,0.1
S0001599,PED000806,2025-10-26,C00469,P007,V016,R04,4,899.9,0.0
S0001600,PED000807,2023-02-12,C00694,P021,V005,R03,4,899.9,0.2
S0001601,PED000808,2023-03-27,C00458,P004,V018,R05,4,499.9,0.0
S0001602,PED000808,2023-03-27,C00458,P007,V018,R05,1,899.9,0.05
S0001603,PED000809,2024-03-30,C00642,P005,V002,R01,1,499.9,0.2
S0001604,PED000809,2024-03-30,C00642,P032,V002,R01,3,499.9,0.0
S0001605,PED000809,2024-03-30,C00642,P001,V002,R01,2,49.9,0.05
S0001606,PED000810,2023-04-12,C00692,P022,V011,R04,2,499.9,0.0
S0001607,PED000810,2023-04-12,C00692,P015,V011,R04,2,499.9,0.1
S0001608,PED000811,2023-11-05,C00193,P032,V013,R05,4,499.9,0.05
S0001609,PED000812,2025-12-19,C00557,P020,V020,R03,3,49.9,0.0
S0001610,PED000812,2025-12-19,C00557,P021,V020,R03,1,899.9,0.05
S0001611,PED000812,2025-12-19,C00557,P030,V020,R03,2,499.9,0.0
S0001612,PED000813,2023-09-11,C00584,P021,V018,R05,4,899.9,0.0
S0001613,PED000814,2023-08-30,C00634,P055,V022,R05,4,149.9,0.0
S0001614,PED000815,2024-10-14,C00611,P013,V007,R01,3,899.9,0.1
S0001615,PED000815,2024-10-14,C00611,P040,V007,R01,3,249.9,0.0
S0001616,PED000816,2024-07-21,C00623,P018,V020,R05,2,499.9,0.05
S0001617,PED000817,2024-10-21,C00459,P020,V012,R03,4,49.9,0.15
S0001618,PED000818,2024-02-27,C00522,P013,V008,R01,2,899.9,0.0
S0001619,PED000819,2025-07-15,C00588,P014,V019,R05,1,499.9,0.1
S0001620,PED000819,2025-07-15,C00588,P011,V019,R05,1,149.9,0.1
S0001621,PED000820,2023-06-20,C00660,P020,V006,R01,2,49.9,0.2
S0001622,PED000820,2023-06-20,C00660,P011,V006,R01,1,149.9,0.1
S0001623,PED000820,2023-06-20,C00660,P052,V006,R01,4,89.9,0.1
S0001624,PED000821,2024-04-30,C00660,P013,V007,R01,4,899.9,0.05
S0001625,PED000821,2024-04-30,C00660,P017,V007,R01,3,499.9,0.15
S0001626,PED000821,2024-04-30,C00660,P008,V007,R01,4,149.9,0.0
S0001627,PED000822,2025-01-30,C00621,P018,V004,R05,2,499.9,0.1
S0001628,PED000822,2025-01-30,C00621,P005,V004,R05,3,499.9,0.05
S0001629,PED000822,2025-01-30,C00621,P033,V004,R05,2,89.9,0.05
S0001630,PED000823,2025-09-03,C00582,P042,V024,R05,2,499.9,0.0
S0001631,PED000823,2025-09-03,C00582,P035,V024,R05,4,499.9,0.0
S0001632,PED000823,2025-09-03,C00582,P005,V024,R05,2,499.9,0.0
S0001633,PED000824,2024-02-17,C00500,P008,V002,R01,1,149.9,0.15
S0001634,PED000824,2024-02-17,C00500,P041,V002,R01,3,149.9,0.1
S0001635,PED000825,2024-10-08,C00474,P027,V008,R04,4,249.9,0.15
S0001636,PED000825,2024-10-08,C00474,P012,V008,R04,3,89.9,0.1
S0001637,PED000825,2024-10-08,C00474,P057,V008,R04,1,149.9,0.0
S0001638,PED000826,2023-03-30,C00629,P007,V022,R02,3,899.9,0.1
S0001639,PED000827,2023-07-28,C00631,P041,V011,R04,1,149.9,0.1
S0001640,PED000828,2023-03-30,C00561,P002,V010,R03,3,499.9,0.1
S0001641,PED000828,2023-03-30,C00561,P014,V010,R03,2,499.9,0.05
S0001642,PED000829,2025-03-20,C00614,P043,V022,R04,2,49.9,0.05
S0001643,PED000830,2023-11-24,C00590,P046,V021,R01,4,249.9,0.0
S0001644,PED000830,2023-11-24,C00590,P004,V021,R01,2,499.9,0.0
S0001645,PED000831,2025-03-15,C00655,P040,V006,R03,3,249.9,0.05
S0001646,PED000831,2025-03-15,C00655,P050,V006,R03,1,899.9,0.0
S0001647,PED000832,2023-03-26,C00644,P005,V004,R02,2,499.9,0.1
S0001648,PED000832,2023-03-26,C00644,P057,V004,R02,1,149.9,0.0
S0001649,PED000833,2025-08-27,C00665,P053,V011,R03,4,49.9,0.0
S0001650,PED000833,2025-08-27,C00665,P010,V011,R03,1,249.9,0.0
S0001651,PED000833,2025-08-27,C00665,P050,V011,R03,4,899.9,0.05
S0001652,PED000834,2025-07-26,C00546,P044,V016,R04,4,499.9,0.0
S0001653,PED000834,2025-07-26,C00546,P013,V016,R04,3,899.9,0.0
S0001654,PED000834,2025-07-26,C00546,P045,V016,R04,1,49.9,0.0
S0001655,PED000835,2023-04-23,C00595,P006,V003,R01,3,499.9,0.05
S0001656,PED000836,2023-01-31,C00681,P012,V003,R02,3,89.9,0.05
S0001657,PED000836,2023-01-31,C00681,P013,V003,R02,1,899.9,0.2
S0001658,PED000837,2023-03-14,C00568,P054,V007,R02,2,249.9,0.0
S0001659,PED000837,2023-03-14,C00568,P029,V007,R02,1,249.9,0.0
S0001660,PED000837,2023-03-14,C00568,P050,V007,R02,2,899.9,0.0
S0001661,PED000838,2025-08-17,C00632,P027,V004,R05,4,249.9,0.0
S0001662,PED000838,2025-08-17,C00632,P055,V004,R05,3,149.9,0.15
S0001663,PED000838,2025-08-17,C00632,P026,V004,R05,1,49.9,0.0
S0001664,PED000839,2023-10-09,C00681,P010,V009,R02,4,249.9,0.1
S0001665,PED000840,2024-09-17,C00520,P001,V004,R02,1,49.9,0.15
S0001666,PED000840,2024-09-17,C00520,P003,V004,R02,1,49.9,0.05
S0001667,PED000841,2024-04-27,C00624,P042,V003,R05,1,499.9,0.1
S0001668,PED000842,2025-06-09,C00658,P024,V022,R04,1,149.9,0.0
S0001669,PED000843,2024-07-10,C00674,P034,V018,R01,2,499.9,0.1
S0001670,PED000843,2024-07-10,C00674,P002,V018,R01,4,499.9,0.1
S0001671,PED000844,2024-07-24,C00461,P040,V004,R03,4,249.9,0.1
S0001672,PED000845,2025-12-22,C00699,P017,V017,R03,1,499.9,0.0
S0001673,PED000846,2023-07-04,C00544,P030,V006,R05,1,499.9,0.0
S0001674,PED000847,2025-07-20,C00500,P012,V006,R01,1,89.9,0.1
S0001675,PED000848,2023-03-09,C00625,P052,V001,R05,4,89.9,0.0
S0001676,PED000849,2024-06-26,C00472,P029,V020,R01,1,249.9,0.0
S0001677,PED000849,2024-06-26,C00472,P026,V020,R01,3,49.9,0.05
S0001678,PED000849,2024-06-26,C00472,P013,V020,R01,3,899.9,0.05
S0001679,PED000850,2025-09-23,C00633,P007,V013,R05,3,899.9,0.1
S0001680,PED000851,2024-12-30,C00676,P004,V005,R05,4,499.9,0.15
S0001681,PED000852,2025-01-24,C00545,P027,V015,R01,1,249.9,0.1
S0001682,PED000853,2023-11-05,C00627,P031,V018,R02,2,149.9,0.0
S0001683,PED000853,2023-11-05,C00627,P046,V018,R02,2,249.9,0.0
S0001684,PED000853,2023-11-05,C00627,P029,V018,R02,1,249.9,0.2
S0001685,PED000854,2024-04-18,C00622,P039,V017,R04,1,249.9,0.1
S0001686,PED000854,2024-04-18,C00622,P032,V017,R04,4,499.9,0.0
S0001687,PED000855,2024-02-13,C00657,P007,V010,R05,2,899.9,0.0
S0001688,PED000855,2024-02-13,C00657,P009,V010,R05,2,499.9,0.0
S0001689,PED000856,2024-08-18,C00680,P015,V021,R01,3,499.9,0.0
S0001690,PED000857,2024-06-09,C00469,P038,V024,R04,3,499.9,0.0
S0001691,PED000857,2024-06-09,C00469,P050,V024,R04,3,899.9,0.05
S0001692,PED000857,2024-06-09,C00469,P024,V024,R04,1,149.9,0.0
S0001693,PED000858,2023-12-26,C00585,P047,V001,R04,3,149.9,0.0
S0001694,PED000858,2023-12-26,C00585,P005,V001,R04,1,499.9,0.0
S0001695,PED000858,2023-12-26,C00585,P035,V001,R04,1,499.9,0.1
S0001696,PED000859,2023-12-08,C00552,P009,V020,R05,3,499.9,0.0
S0001697,PED000859,2023-12-08,C00552,P015,V020,R05,4,499.9,0.0
S0001698,PED000860,2023-10-25,C00567,P014,V010,R03,4,499.9,0.2
S0001699,PED000860,2023-10-25,C00567,P003,V010,R03,4,49.9,0.1
S0001700,PED000861,2024-02-11,C00639,P053,V015,R05,1,49.9,0.0
S0001701,PED000861,2024-02-11,C00639,P031,V015,R05,2,149.9,0.1
S0001702,PED000861,2024-02-11,C00639,P040,V015,R05,1,249.9,0.0
S0001703,PED000862,2023-07-04,C00589,P042,V013,R01,4,499.9,0.05
S0001704,PED000862,2023-07-04,C00589,P012,V013,R01,1,89.9,0.2
S0001705,PED000862,2023-07-04,C00589,P039,V013,R01,1,249.9,0.15
S0001706,PED000863,2025-09-07,C00694,P021,V015,R03,2,899.9,0.05
S0001707,PED000863,2025-09-07,C00694,P033,V015,R03,3,89.9,0.05
S0001708,PED000863,2025-09-07,C00694,P014,V015,R03,2,499.9,0.0
S0001709,PED000864,2024-11-09,C00541,P010,V007,R01,3,249.9,0.15
S0001710,PED000864,2024-11-09,C00541,P019,V007,R01,1,149.9,0.0
S0001711,PED000865,2023-06-15,C00508,P045,V019,R04,1,49.9,0.1
S0001712,PED000866,2025-02-04,C00658,P034,V022,R04,4,499.9,0.0
S0001713,PED000866,2025-02-04,C00658,P006,V022,R04,3,499.9,0.15
S0001714,PED000866,2025-02-04,C00658,P025,V022,R04,4,149.9,0.0
S0001715,PED000867,2025-08-09,C00698,P033,V014,R05,2,89.9,0.15
S0001716,PED000867,2025-08-09,C00698,P029,V014,R05,2,249.9,0.1
S0001717,PED000867,2025-08-09,C00698,P023,V014,R05,1,899.9,0.1
S0001718,PED000868,2023-10-12,C00504,P003,V006,R03,2,49.9,0.05
S0001719,PED000869,2023-07-04,C00553,P006,V021,R05,1,499.9,0.0
S0001720,PED000869,2023-07-04,C00553,P021,V021,R05,4,899.9,0.05
S0001721,PED000870,2023-01-12,C00677,P044,V008,R03,3,499.9,0.05
S0001722,PED000871,2023-03-03,C00581,P011,V008,R02,2,149.9,0.2
S0001723,PED000871,2023-03-03,C00581,P021,V008,R02,3,899.9,0.0
S0001724,PED000872,2025-05-01,C00583,P004,V011,R01,3,499.9,0.15
S0001725,PED000872,2025-05-01,C00583,P043,V011,R01,2,49.9,0.0
S0001726,PED000872,2025-05-01,C00583,P012,V011,R01,3,89.9,0.1
S0001727,PED000873,2025-12-20,C00561,P042,V003,R03,3,499.9,0.0
S0001728,PED000873,2025-12-20,C00561,P027,V003,R03,1,249.9,0.05
S0001729,PED000874,2023-02-28,C00597,P030,V014,R04,1,499.9,0.1
S0001730,PED000874,2023-02-28,C00597,P018,V014,R04,4,499.9,0.1
S0001731,PED000875,2025-04-14,C00565,P019,V006,R04,2,149.9,0.1
S0001732,PED000876,2023-04-02,C00625,P010,V018,R05,4,249.9,0.1
S0001733,PED000877,2024-11-01,C00633,P002,V020,R05,1,499.9,0.05
S0001734,PED000877,2024-11-01,C00633,P005,V020,R05,1,499.9,0.05
S0001735,PED000877,2024-11-01,C00633,P028,V020,R05,1,499.9,0.1
S0001736,PED000878,2025-04-23,C00500,P048,V020,R01,4,149.9,0.0
S0001737,PED000878,2025-04-23,C00500,P028,V020,R01,2,499.9,0.15
S0001738,PED000878,2025-04-23,C00500,P044,V020,R01,4,499.9,0.1
S0001739,PED000879,2024-02-03,C00627,P014,V009,R02,2,499.9,0.0
S0001740,PED000880,2023-01-14,C00648,P002,V001,R03,2,499.9,0.1
S0001741,PED000880,2023-01-14,C00648,P047,V001,R03,3,149.9,0.0
S0001742,PED000880,2023-01-14,C00648,P031,V001,R03,2,149.9,0.0
S0001743,PED000881,2024-11-04,C00603,P034,V020,R02,1,499.9,0.0
S0001744,PED000881,2024-11-04,C00603,P010,V020,R02,2,249.9,0.05
S0001745,PED000882,2025-12-24,C00497,P046,V003,R04,1,249.9,0.0
S0001746,PED000883,2023-11-01,C00509,P060,V001,R04,4,149.9,0.05
S0001747,PED000884,2023-08-20,C00691,P046,V011,R02,1,249.9,0.1
S0001748,PED000884,2023-08-20,C00691,P006,V011,R02,4,499.9,0.0
S0001749,PED000885,2023-06-04,C00645,P004,V003,R01,3,499.9,0.0
S0001750,PED000886,2024-09-25,C00529,P034,V008,R04,1,499.9,0.05
S0001751,PED000887,2024-11-04,C00535,P018,V014,R05,2,499.9,0.15
S0001752,PED000887,2024-11-04,C00535,P022,V014,R05,2,499.9,0.05
S0001753,PED000888,2025-06-05,C00558,P029,V019,R03,4,249.9,0.05
S0001754,PED000888,2025-06-05,C00558,P010,V019,R03,1,249.9,0.1
S0001755,PED000889,2025-04-20,C00566,P001,V017,R05,3,49.9,0.1
S0001756,PED000890,2025-09-30,C00578,P038,V013,R04,4,499.9,0.05
S0001757,PED000891,2025-06-21,C00675,P015,V015,R02,3,499.9,0.0
S0001758,PED000891,2025-06-21,C00675,P024,V015,R02,3,149.9,0.0
S0001759,PED000891,2025-06-21,C00675,P009,V015,R02,3,499.9,0.1
S0001760,PED000892,2023-10-21,C00608,P037,V010,R04,4,149.9,0.1
S0001761,PED000893,2024-09-26,C00510,P018,V009,R02,4,499.9,0.1
S0001762,PED000894,2023-12-01,C00587,P030,V010,R04,1,499.9,0.0
S0001763,PED000894,2023-12-01,C00587,P021,V010,R04,3,899.9,0.2
S0001764,PED000894,2023-12-01,C00587,P011,V010,R04,1,149.9,0.05
S0001765,PED000895,2023-12-29,C00496,P028,V004,R01,4,499.9,0.0
S0001766,PED000895,2023-12-29,C00496,P035,V004,R01,3,499.9,0.1
S0001767,PED000895,2023-12-29,C00496,P027,V004,R01,1,249.9,0.1
S0001768,PED000896,2025-11-06,C00647,P041,V017,R04,1,149.9,0.0
S0001769,PED000896,2025-11-06,C00647,P019,V017,R04,2,149.9,0.2
S0001770,PED000896,2025-11-06,C00647,P034,V017,R04,4,499.9,0.0
S0001771,PED000897,2025-01-20,C00663,P012,V017,R01,3,89.9,0.1
S0001772,PED000897,2025-01-20,C00663,P013,V017,R01,4,899.9,0.0
S0001773,PED000898,2025-12-09,C00622,P027,V020,R04,1,249.9,0.05
S0001774,PED000899,2024-04-16,C00640,P039,V011,R05,2,249.9,0.15
S0001775,PED000899,2024-04-16,C00640,P002,V011,R05,3,499.9,0.0
S0001776,PED000899,2024-04-16,C00640,P013,V011,R05,1,899.9,0.1
S0001777,PED000900,2024-09-05,C00700,P019,V010,R02,4,149.9,0.05
S0001778,PED000900,2024-09-05,C00700,P006,V010,R02,1,499.9,0.0
S0001779,PED000900,2024-09-05,C00700,P029,V010,R02,4,249.9,0.0
S0001780,PED000901,2024-07-08,C00571,P016,V010,R02,4,149.9,0.05
S0001781,PED000901,2024-07-08,C00571,P006,V010,R02,4,499.9,0.05
S0001782,PED000901,2024-07-08,C00571,P015,V010,R02,2,499.9,0.0
S0001783,PED000902,2023-05-15,C00561,P003,V019,R03,3,49.9,0.0
S0001784,PED000902,2023-05-15,C00561,P047,V019,R03,4,149.9,0.05
S0001785,PED000902,2023-05-15,C00561,P054,V019,R03,2,249.9,0.05
S0001786,PED000903,2023-10-11,C00676,P021,V007,R05,1,899.9,0.05
S0001787,PED000903,2023-10-11,C00676,P004,V007,R05,1,499.9,0.0
S0001788,PED000903,2023-10-11,C00676,P022,V007,R05,3,499.9,0.0
S0001789,PED000904,2024-08-25,C00187,P025,V022,R01,2,149.9,0.1
S0001790,PED000905,2023-03-28,C00668,P018,V013,R04,3,499.9,0.05
S0001791,PED000905,2023-03-28,C00668,P030,V013,R04,2,499.9,0.0
S0001792,PED000906,2025-11-06,C00518,P010,V022,R02,3,249.9,0.05
S0001793,PED000906,2025-11-06,C00518,P030,V022,R02,4,499.9,0.1
S0001794,PED000906,2025-11-06,C00518,P004,V022,R02,4,499.9,0.1
S0001795,PED000907,2023-06-04,C00515,P001,V010,R04,2,49.9,0.05
S0001796,PED000907,2023-06-04,C00515,P028,V010,R04,2,499.9,0.0
S0001797,PED000908,2023-08-30,C00458,P011,V001,R05,4,149.9,0.0
S0001798,PED000909,2025-05-05,C00587,P019,V010,R04,2,149.9,0.05
S0001799,PED000910,2023-05-03,C00627,P012,V018,R02,4,89.9,0.05
S0001800,PED000911,2025-10-07,C00600,P015,V005,R05,2,499.9,0.0
S0001801,PED000912,2025-03-17,C00652,P045,V018,R04,2,49.9,0.2
S0001802,PED000912,2025-03-17,C00652,P018,V018,R04,2,499.9,0.05
S0001803,PED000913,2023-03-29,C00500,P011,V024,R01,4,149.9,0.1
S0001804,PED000913,2023-03-29,C00500,P010,V024,R01,3,249.9,0.1
S0001805,PED000913,2023-03-29,C00500,P007,V024,R01,2,899.9,0.05
S0001806,PED000914,2025-02-01,C00531,P003,V019,R01,4,49.9,0.1
S0001807,PED000914,2025-02-01,C00531,P015,V019,R01,3,499.9,0.05
S0001808,PED000914,2025-02-01,C00531,P024,V019,R01,3,149.9,0.1
S0001809,PED000915,2024-12-01,C00677,P047,V009,R03,1,149.9,0.0
S0001810,PED000915,2024-12-01,C00677,P024,V009,R03,4,149.9,0.0
S0001811,PED000915,2024-12-01,C00677,P042,V009,R03,3,499.9,0.0
S0001812,PED000916,2025-04-25,C00647,P012,V003,R04,3,89.9,0.0
S0001813,PED000916,2025-04-25,C00647,P013,V003,R04,3,899.9,0.05
S0001814,PED000917,2025-07-17,C00520,P032,V015,R02,3,499.9,0.0
S0001815,PED000917,2025-07-17,C00520,P019,V015,R02,2,149.9,0.05
S0001816,PED000918,2025-03-08,C00645,P053,V020,R01,2,49.9,0.1
S0001817,PED000918,2025-03-08,C00645,P007,V020,R01,1,899.9,0.1
S0001818,PED000919,2024-10-26,C00620,P001,V014,R01,4,49.9,0.0
S0001819,PED000919,2024-10-26,C00620,P037,V014,R01,3,149.9,0.0
S0001820,PED000919,2024-10-26,C00620,P022,V014,R01,2,499.9,0.0
S0001821,PED000920,2023-12-22,C00535,P008,V008,R05,1,149.9,0.05
S0001822,PED000920,2023-12-22,C00535,P030,V008,R05,4,499.9,0.0
S0001823,PED000920,2023-12-22,C00535,P037,V008,R05,3,149.9,0.0
S0001824,PED000921,2025-02-09,C00551,P057,V013,R02,1,149.9,0.0
S0001825,PED000922,2025-11-25,C00318,P027,V014,R01,4,249.9,0.05
S0001826,PED000923,2024-10-28,C00669,P022,V005,R03,3,499.9,0.0
S0001827,PED000923,2024-10-28,C00669,P017,V005,R03,3,499.9,0.05
S0001828,PED000924,2024-12-29,C00536,P010,V023,R05,3,249.9,0.0
S0001829,PED000924,2024-12-29,C00536,P053,V023,R05,1,49.9,0.0
S0001830,PED000925,2024-05-10,C00630,P008,V019,R01,4,149.9,0.0
S0001831,PED000925,2024-05-10,C00630,P017,V019,R01,3,499.9,0.0
S0001832,PED000925,2024-05-10,C00630,P056,V019,R01,2,149.9,0.0
S0001833,PED000926,2025-04-23,C00459,P022,V011,R03,1,499.9,0.1
S0001834,PED000927,2025-12-29,C00415,P023,V022,R05,1,899.9,0.0
S0001835,PED000927,2025-12-29,C00415,P020,V022,R05,2,49.9,0.1
S0001836,PED000927,2025-12-29,C00415,P026,V022,R05,2,49.9,0.0
S0001837,PED000928,2023-07-16,C00501,P010,V009,R03,3,249.9,0.05
S0001838,PED000928,2023-07-16,C00501,P026,V009,R03,4,49.9,0.0
S0001839,PED000928,2023-07-16,C00501,P016,V009,R03,2,149.9,0.15
S0001840,PED000929,2023-09-04,C00670,P022,V018,R01,4,499.9,0.2
S0001841,PED000929,2023-09-04,C00670,P015,V018,R01,4,499.9,0.05
S0001842,PED000929,2023-09-04,C00670,P032,V018,R01,1,499.9,0.0
S0001843,PED000930,2024-09-07,C00544,P011,V002,R05,4,149.9,0.1
S0001844,PED000930,2024-09-07,C00544,P001,V002,R05,2,49.9,0.05
S0001845,PED000930,2024-09-07,C00544,P023,V002,R05,1,899.9,0.1
S0001846,PED000931,2024-07-01,C00529,P001,V004,R04,1,49.9,0.0
S0001847,PED000932,2024-10-12,C00645,P030,V007,R01,1,499.9,0.05
S0001848,PED000932,2024-10-12,C00645,P016,V007,R01,3,149.9,0.05
S0001849,PED000932,2024-10-12,C00645,P017,V007,R01,4,499.9,0.0
S0001850,PED000933,2023-03-06,C00565,P010,V010,R04,2,249.9,0.0
S0001851,PED000933,2023-03-06,C00565,P002,V010,R04,3,499.9,0.0
S0001852,PED000933,2023-03-06,C00565,P058,V010,R04,1,49.9,0.1
S0001853,PED000934,2024-03-31,C00572,P051,V007,R03,2,899.9,0.0
S0001854,PED000935,2024-10-23,C00627,P048,V022,R02,1,149.9,0.05
S0001855,PED000936,2024-10-26,C00548,P032,V020,R05,3,499.9,0.1
S0001856,PED000937,2024-12-23,C00515,P023,V022,R04,4,899.9,0.1
S0001857,PED000937,2024-12-23,C00515,P008,V022,R04,2,149.9,0.05
S0001858,PED000938,2025-03-11,C00652,P020,V006,R04,3,49.9,0.2
S0001859,PED000939,2024-12-09,C00676,P025,V007,R05,3,149.9,0.0
S0001860,PED000940,2025-06-03,C00495,P040,V010,R05,1,249.9,0.05
S0001861,PED000940,2025-06-03,C00495,P036,V010,R05,2,49.9,0.0
S0001862,PED000940,2025-06-03,C00495,P002,V010,R05,4,499.9,0.15
S0001863,PED000941,2024-11-26,C00075,P024,V003,R01,1,149.9,0.0
S0001864,PED000942,2024-09-05,C00527,P033,V020,R03,3,89.9,0.1
S0001865,PED000943,2024-11-12,C00520,P032,V015,R02,3,499.9,0.0
S0001866,PED000943,2024-11-12,C00520,P044,V015,R02,3,499.9,0.05
S0001867,PED000943,2024-11-12,C00520,P026,V015,R02,2,49.9,0.0
S0001868,PED000944,2023-05-08,C00483,P005,V008,R04,2,499.9,0.1
S0001869,PED000945,2023-11-12,C00649,P054,V017,R03,2,249.9,0.0
S0001870,PED000945,2023-11-12,C00649,P045,V017,R03,3,49.9,0.05
S0001871,PED000946,2024-08-25,C00611,P030,V016,R01,2,499.9,0.15
S0001872,PED000946,2024-08-25,C00611,P033,V016,R01,4,89.9,0.05
S0001873,PED000947,2025-09-08,C00635,P015,V021,R01,4,499.9,0.0
S0001874,PED000947,2025-09-08,C00635,P042,V021,R01,3,499.9,0.2
S0001875,PED000948,2025-01-16,C00465,P020,V009,R05,4,49.9,0.0
S0001876,PED000949,2023-04-25,C00553,P004,V005,R05,3,499.9,0.1
S0001877,PED000949,2023-04-25,C00553,P024,V005,R05,1,149.9,0.0
S0001878,PED000949,2023-04-25,C00553,P008,V005,R05,2,149.9,0.0
S0001879,PED000950,2024-11-01,C00609,P030,V010,R05,3,499.9,0.0
S0001880,PED000950,2024-11-01,C00609,P020,V010,R05,2,49.9,0.0
S0001881,PED000951,2023-09-25,C00643,P006,V003,R03,2,499.9,0.0
S0001882,PED000951,2023-09-25,C00643,P010,V003,R03,2,249.9,0.05
S0001883,PED000952,2025-03-27,C00515,P027,V012,R04,3,249.9,0.05
S0001884,PED000952,2025-03-27,C00515,P017,V012,R04,2,499.9,0.0
S0001885,PED000952,2025-03-27,C00515,P013,V012,R04,2,899.9,0.15
S0001886,PED000953,2025-07-16,C00508,P003,V016,R04,4,49.9,0.0
S0001887,PED000954,2024-11-02,C00456,P007,V002,R05,1,899.9,0.05
S0001888,PED000954,2024-11-02,C00456,P052,V002,R05,4,89.9,0.05
S0001889,PED000954,2024-11-02,C00456,P009,V002,R05,1,499.9,0.0
S0001890,PED000955,2024-11-01,C00699,P017,V015,R03,3,499.9,0.1
S0001891,PED000955,2024-11-01,C00699,P024,V015,R03,1,149.9,0.1
S0001892,PED000956,2024-01-08,C00685,P015,V011,R02,2,499.9,0.1
S0001893,PED000956,2024-01-08,C00685,P003,V011,R02,1,49.9,0.0
S0001894,PED000957,2024-05-21,C00373,P009,V001,R04,2,499.9,0.1
S0001895,PED000958,2025-08-29,C00253,P018,V009,R02,4,499.9,0.1
S0001896,PED000958,2025-08-29,C00253,P027,V009,R02,3,249.9,0.1
S0001897,PED000959,2025-03-14,C00580,P047,V019,R01,4,149.9,0.05
S0001898,PED000959,2025-03-14,C00580,P025,V019,R01,4,149.9,0.0
S0001899,PED000960,2024-08-16,C00495,P050,V007,R05,2,899.9,0.0
S0001900,PED000960,2024-08-16,C00495,P024,V007,R05,2,149.9,0.0
S0001901,PED000960,2024-08-16,C00495,P002,V007,R05,3,499.9,0.05
S0001902,PED000961,2024-02-15,C00625,P001,V010,R05,2,49.9,0.0
S0001903,PED000961,2024-02-15,C00625,P020,V010,R05,1,49.9,0.05
S0001904,PED000962,2023-03-07,C00607,P030,V003,R05,4,499.9,0.0
S0001905,PED000963,2023-06-25,C00677,P001,V008,R03,1,49.9,0.1
S0001906,PED000963,2023-06-25,C00677,P051,V008,R03,2,899.9,0.05
S0001907,PED000964,2023-08-24,C00561,P049,V021,R03,3,899.9,0.0
S0001908,PED000964,2023-08-24,C00561,P003,V021,R03,2,49.9,0.05
S0001909,PED000964,2023-08-24,C00561,P008,V021,R03,3,149.9,0.1
S0001910,PED000965,2024-02-22,C00458,P040,V001,R05,1,249.9,0.0
S0001911,PED000966,2025-11-15,C00527,P020,V019,R03,4,49.9,0.0
S0001912,PED000966,2025-11-15,C00527,P036,V019,R03,4,49.9,0.0
S0001913,PED000967,2024-07-29,C00286,P054,V003,R05,1,249.9,0.0
S0001914,PED000967,2024-07-29,C00286,P041,V003,R05,3,149.9,0.15
S0001915,PED000968,2023-10-09,C00559,P001,V005,R01,4,49.9,0.05
S0001916,PED000968,2023-10-09,C00559,P043,V005,R01,1,49.9,0.0
S0001917,PED000968,2023-10-09,C00559,P035,V005,R01,3,499.9,0.05
S0001918,PED000969,2023-05-13,C00571,P040,V006,R02,2,249.9,0.05
S0001919,PED000969,2023-05-13,C00571,P021,V006,R02,3,899.9,0.05
S0001920,PED000970,2024-01-07,C00645,P037,V006,R01,1,149.9,0.2
S0001921,PED000970,2024-01-07,C00645,P030,V006,R01,1,499.9,0.0
S0001922,PED000970,2024-01-07,C00645,P012,V006,R01,4,89.9,0.0
S0001923,PED000971,2025-07-02,C00552,P056,V011,R05,1,149.9,0.05
S0001924,PED000972,2024-03-06,C00226,P009,V002,R01,2,499.9,0.05
S0001925,PED000973,2025-05-13,C00629,P035,V005,R02,4,499.9,0.0
S0001926,PED000973,2025-05-13,C00629,P050,V005,R02,2,899.9,0.0
S0001927,PED000973,2025-05-13,C00629,P008,V005,R02,4,149.9,0.0
S0001928,PED000974,2025-06-17,C00470,P046,V024,R03,4,249.9,0.05
S0001929,PED000974,2025-06-17,C00470,P018,V024,R03,3,499.9,0.05
S0001930,PED000975,2023-05-19,C00530,P044,V003,R02,1,499.9,0.15
S0001931,PED000975,2023-05-19,C00530,P017,V003,R02,3,499.9,0.1
S0001932,PED000976,2024-11-14,C00637,P022,V004,R05,3,499.9,0.0
S0001933,PED000976,2024-11-14,C00637,P011,V004,R05,2,149.9,0.1
S0001934,PED000977,2025-11-27,C00196,P015,V022,R03,3,499.9,0.2
S0001935,PED000977,2025-11-27,C00196,P017,V022,R03,1,499.9,0.1
S0001936,PED000978,2024-03-29,C00567,P009,V023,R03,2,499.9,0.0
S0001937,PED000978,2024-03-29,C00567,P026,V023,R03,4,49.9,0.0
S0001938,PED000979,2023-03-08,C00611,P016,V002,R01,3,149.9,0.1
S0001939,PED000979,2023-03-08,C00611,P052,V002,R01,3,89.9,0.0
S0001940,PED000980,2025-10-31,C00648,P003,V016,R03,2,49.9,0.0
S0001941,PED000980,2025-10-31,C00648,P017,V016,R03,4,499.9,0.1
S0001942,PED000981,2025-09-20,C00691,P029,V006,R02,2,249.9,0.1
S0001943,PED000981,2025-09-20,C00691,P016,V006,R02,3,149.9,0.1
S0001944,PED000981,2025-09-20,C00691,P007,V006,R02,2,899.9,0.05
S0001945,PED000982,2024-08-18,C00647,P004,V001,R04,4,499.9,0.0
S0001946,PED000983,2024-09-22,C00594,P015,V007,R04,1,499.9,0.0
S0001947,PED000984,2023-09-14,C00672,P054,V003,R04,1,249.9,0.0
S0001948,PED000984,2023-09-14,C00672,P047,V003,R04,2,149.9,0.2
S0001949,PED000984,2023-09-14,C00672,P005,V003,R04,1,499.9,0.0
S0001950,PED000985,2025-07-07,C00656,P035,V016,R01,3,499.9,0.0
S0001951,PED000985,2025-07-07,C00656,P010,V016,R01,2,249.9,0.0
S0001952,PED000986,2024-07-21,C00569,P037,V006,R05,4,149.9,0.1
S0001953,PED000986,2024-07-21,C00569,P034,V006,R05,3,499.9,0.0
S0001954,PED000987,2023-02-14,C00493,P005,V016,R01,3,499.9,0.1
S0001955,PED000987,2023-02-14,C00493,P006,V016,R01,1,499.9,0.05
S0001956,PED000988,2025-01-21,C00474,P043,V009,R04,2,49.9,0.1
S0001957,PED000988,2025-01-21,C00474,P005,V009,R04,3,499.9,0.05
S0001958,PED000988,2025-01-21,C00474,P017,V009,R04,3,499.9,0.0
S0001959,PED000989,2025-11-20,C00528,P047,V023,R03,2,149.9,0.0
S0001960,PED000989,2025-11-20,C00528,P039,V023,R03,3,249.9,0.0
S0001961,PED000989,2025-11-20,C00528,P046,V023,R03,2,249.9,0.0
S0001962,PED000990,2025-07-18,C00476,P018,V005,R01,2,499.9,0.0
S0001963,PED000990,2025-07-18,C00476,P030,V005,R01,3,499.9,0.0
S0001964,PED000991,2023-11-15,C00622,P001,V015,R04,4,49.9,0.0
S0001965,PED000992,2023-03-11,C00608,P038,V012,R04,1,499.9,0.0
S0001966,PED000992,2023-03-11,C00608,P023,V012,R04,4,899.9,0.0
S0001967,PED000992,2023-03-11,C00608,P031,V012,R04,2,149.9,0.1
S0001968,PED000993,2025-11-13,C00500,P010,V013,R01,4,249.9,0.0
S0001969,PED000993,2025-11-13,C00500,P014,V013,R01,3,499.9,0.0
S0001970,PED000993,2025-11-13,C00500,P046,V013,R01,3,249.9,0.05
S0001971,PED000994,2025-11-10,C00575,P018,V023,R03,4,499.9,0.0
S0001972,PED000994,2025-11-10,C00575,P015,V023,R03,2,499.9,0.0
S0001973,PED000994,2025-11-10,C00575,P012,V023,R03,4,89.9,0.0
S0001974,PED000995,2024-08-31,C00527,P010,V018,R03,3,249.9,0.1
S0001975,PED000996,2024-12-10,C00664,P024,V003,R04,1,149.9,0.05
S0001976,PED000996,2024-12-10,C00664,P045,V003,R04,3,49.9,0.1
S0001977,PED000997,2024-06-09,C00542,P018,V023,R02,4,499.9,0.0
S0001978,PED000997,2024-06-09,C00542,P029,V023,R02,1,249.9,0.1
S0001979,PED000997,2024-06-09,C00542,P024,V023,R02,2,149.9,0.0
S0001980,PED000998,2024-04-19,C00474,P013,V021,R04,4,899.9,0.0
S0001981,PED000999,2023-05-29,C00501,P039,V023,R03,1,249.9,0.0
S0001982,PED001000,2023-05-03,C00511,P013,V005,R04,2,899.9,0.0
S0001983,PED001000,2023-05-03,C00511,P051,V005,R04,3,899.9,0.2
S0001984,PED001000,2023-05-03,C00511,P007,V005,R04,3,899.9,0.0
S0001985,PED001001,2023-10-07,C00336,P043,V017,R01,1,49.9,0.1
S0001986,PED001002,2025-07-27,C00645,P053,V021,R01,3,49.9,0.1
S0001987,PED001002,2025-07-27,C00645,P017,V021,R01,2,499.9,0.0
S0001988,PED001003,2023-06-29,C00665,P039,V022,R03,3,249.9,0.0
S0001989,PED001003,2023-06-29,C00665,P046,V022,R03,4,249.9,0.2
S0001990,PED001003,2023-06-29,C00665,P016,V022,R03,3,149.9,0.05
S0001991,PED001004,2023-10-01,C00181,P035,V002,R05,1,499.9,0.15
S0001992,PED001005,2024-09-18,C00489,P016,V020,R03,2,149.9,0.05
S0001993,PED001005,2024-09-18,C00489,P042,V020,R03,3,499.9,0.0
S0001994,PED001006,2023-09-18,C00024,P023,V004,R03,1,899.9,0.2
S0001995,PED001006,2023-09-18,C00024,P025,V004,R03,4,149.9,0.15
S0001996,PED001006,2023-09-18,C00024,P020,V004,R03,1,49.9,0.1
S0001997,PED001007,2023-07-20,C00409,P008,V017,R02,3,149.9,0.1
S0001998,PED001007,2023-07-20,C00409,P046,V017,R02,1,249.9,0.05
S0001999,PED001007,2023-07-20,C00409,P037,V017,R02,1,149.9,0.0
S0002000,PED001008,2024-10-04,C00510,P007,V014,R02,4,899.9,0.0
S0002001,PED001008,2024-10-04,C00510,P002,V014,R02,3,499.9,0.0
S0002002,PED001009,2024-02-15,C00548,P032,V007,R05,4,499.9,0.0
S0002003,PED001010,2024-11-27,C00693,P038,V002,R05,1,499.9,0.2
S0002004,PED001010,2024-11-27,C00693,P017,V002,R05,2,499.9,0.0
S0002005,PED001010,2024-11-27,C00693,P011,V002,R05,3,149.9,0.0
S0002006,PED001011,2025-10-19,C00621,P007,V002,R05,1,899.9,0.2
S0002007,PED001011,2025-10-19,C00621,P039,V002,R05,3,249.9,0.05
S0002008,PED001011,2025-10-19,C00621,P024,V002,R05,4,149.9,0.1
S0002009,PED001012,2023-07-05,C00514,P027,V004,R04,1,249.9,0.05
S0002010,PED001013,2025-10-21,C00659,P027,V006,R01,1,249.9,0.0
S0002011,PED001013,2025-10-21,C00659,P005,V006,R01,3,499.9,0.0
S0002012,PED001013,2025-10-21,C00659,P013,V006,R01,1,899.9,0.0
S0002013,PED001014,2025-10-10,C00674,P060,V008,R01,1,149.9,0.15
S0002014,PED001014,2025-10-10,C00674,P005,V008,R01,1,499.9,0.0
S0002015,PED001015,2025-07-18,C00593,P024,V022,R01,3,149.9,0.0
S0002016,PED001015,2025-07-18,C00593,P012,V022,R01,4,89.9,0.0
S0002017,PED001016,2024-12-01,C00470,P043,V017,R03,1,49.9,0.1
S0002018,PED001016,2024-12-01,C00470,P034,V017,R03,3,499.9,0.0
S0002019,PED001016,2024-12-01,C00470,P003,V017,R03,3,49.9,0.0
S0002020,PED001017,2024-11-22,C00686,P003,V023,R05,2,49.9,0.0
S0002021,PED001017,2024-11-22,C00686,P010,V023,R05,1,249.9,0.0
S0002022,PED001017,2024-11-22,C00686,P033,V023,R05,2,89.9,0.0
S0002023,PED001018,2024-12-07,C00699,P027,V013,R03,2,249.9,0.2
S0002024,PED001018,2024-12-07,C00699,P023,V013,R03,2,899.9,0.1
S0002025,PED001018,2024-12-07,C00699,P016,V013,R03,1,149.9,0.1
S0002026,PED001019,2025-01-31,C00461,P056,V019,R03,1,149.9,0.0
S0002027,PED001019,2025-01-31,C00461,P020,V019,R03,1,49.9,0.05
S0002028,PED001019,2025-01-31,C00461,P050,V019,R03,2,899.9,0.05
S0002029,PED001020,2023-01-22,C00659,P025,V011,R01,3,149.9,0.0
S0002030,PED001020,2023-01-22,C00659,P047,V011,R01,2,149.9,0.1
S0002031,PED001021,2025-11-26,C00669,P013,V014,R03,4,899.9,0.0
S0002032,PED001022,2024-10-26,C00672,P033,V022,R04,1,89.9,0.1
S0002033,PED001022,2024-10-26,C00672,P014,V022,R04,4,499.9,0.0
S0002034,PED001022,2024-10-26,C00672,P019,V022,R04,2,149.9,0.1
S0002035,PED001023,2025-05-24,C00484,P025,V001,R03,2,149.9,0.05
S0002036,PED001023,2025-05-24,C00484,P019,V001,R03,3,149.9,0.0
S0002037,PED001024,2024-02-28,C00509,P048,V007,R04,3,149.9,0.0
S0002038,PED001024,2024-02-28,C00509,P001,V007,R04,4,49.9,0.0
S0002039,PED001025,2023-01-16,C00467,P029,V016,R01,2,249.9,0.1
S0002040,PED001025,2023-01-16,C00467,P050,V016,R01,4,899.9,0.1
S0002041,PED001026,2024-08-04,C00502,P039,V008,R04,4,249.9,0.05
S0002042,PED001026,2024-08-04,C00502,P007,V008,R04,1,899.9,0.0
S0002043,PED001027,2024-08-01,C00591,P001,V016,R04,1,49.9,0.1
S0002044,PED001028,2024-05-10,C00618,P011,V010,R01,4,149.9,0.0
S0002045,PED001028,2024-05-10,C00618,P005,V010,R01,1,499.9,0.0
S0002046,PED001029,2024-01-09,C00557,P003,V017,R03,1,49.9,0.1
S0002047,PED001029,2024-01-09,C00557,P051,V017,R03,3,899.9,0.0
S0002048,PED001030,2023-10-24,C00144,P024,V002,R04,2,149.9,0.05
S0002049,PED001031,2024-08-25,C00658,P058,V007,R04,2,49.9,0.0
S0002050,PED001031,2024-08-25,C00658,P012,V007,R04,2,89.9,0.05
S0002051,PED001031,2024-08-25,C00658,P006,V007,R04,2,499.9,0.05
S0002052,PED001032,2024-02-25,C00625,P007,V013,R05,3,899.9,0.0
S0002053,PED001032,2024-02-25,C00625,P002,V013,R05,1,499.9,0.05
S0002054,PED001032,2024-02-25,C00625,P040,V013,R05,2,249.9,0.1
S0002055,PED001033,2025-12-05,C00621,P014,V003,R05,4,499.9,0.1
S0002056,PED001033,2025-12-05,C00621,P058,V003,R05,2,49.9,0.1
S0002057,PED001033,2025-12-05,C00621,P012,V003,R05,2,89.9,0.05
S0002058,PED001034,2023-07-31,C00504,P027,V020,R03,4,249.9,0.0
S0002059,PED001035,2023-12-20,C00611,P052,V005,R01,4,89.9,0.0
S0002060,PED001035,2023-12-20,C00611,P006,V005,R01,1,499.9,0.0
S0002061,PED001035,2023-12-20,C00611,P009,V005,R01,1,499.9,0.1
S0002062,PED001036,2023-11-28,C00591,P057,V002,R04,4,149.9,0.0
S0002063,PED001037,2024-09-12,C00527,P009,V009,R03,3,499.9,0.05
S0002064,PED001037,2024-09-12,C00527,P036,V009,R03,1,49.9,0.15
S0002065,PED001038,2024-07-22,C00463,P007,V006,R05,2,899.9,0.0
S0002066,PED001039,2024-12-11,C00395,P010,V002,R01,3,249.9,0.0
S0002067,PED001039,2024-12-11,C00395,P014,V002,R01,3,499.9,0.05
S0002068,PED001039,2024-12-11,C00395,P019,V002,R01,1,149.9,0.0
S0002069,PED001040,2025-11-20,C00524,P039,V022,R01,1,249.9,0.0
S0002070,PED001041,2023-11-21,C00667,P044,V010,R04,3,499.9,0.0
S0002071,PED001041,2023-11-21,C00667,P047,V010,R04,2,149.9,0.0
S0002072,PED001041,2023-11-21,C00667,P035,V010,R04,3,499.9,0.0
S0002073,PED001042,2025-02-03,C00565,P019,V001,R04,3,149.9,0.05
S0002074,PED001043,2023-02-02,C00511,P010,V012,R04,3,249.9,0.05
S0002075,PED001043,2023-02-02,C00511,P023,V012,R04,4,899.9,0.15
S0002076,PED001044,2023-11-04,C00607,P022,V008,R05,3,499.9,0.15
S0002077,PED001044,2023-11-04,C00607,P033,V008,R05,3,89.9,0.1
S0002078,PED001045,2024-06-10,C00685,P040,V020,R02,3,249.9,0.15
S0002079,PED001045,2024-06-10,C00685,P001,V020,R02,1,49.9,0.1
S0002080,PED001046,2023-02-10,C00441,P040,V023,R05,2,249.9,0.1
S0002081,PED001047,2024-11-20,C00554,P006,V020,R04,3,499.9,0.1
S0002082,PED001048,2025-01-15,C00557,P009,V013,R03,2,499.9,0.05
S0002083,PED001048,2025-01-15,C00557,P048,V013,R03,1,149.9,0.2
S0002084,PED001048,2025-01-15,C00557,P006,V013,R03,3,499.9,0.1
S0002085,PED001049,2025-04-12,C00581,P014,V006,R02,1,499.9,0.0
S0002086,PED001050,2024-08-12,C00551,P004,V018,R02,2,499.9,0.0
S0002087,PED001050,2024-08-12,C00551,P047,V018,R02,2,149.9,0.0
S0002088,PED001050,2024-08-12,C00551,P001,V018,R02,2,49.9,0.0
S0002089,PED001051,2024-11-10,C00641,P038,V024,R03,4,499.9,0.1
S0002090,PED001051,2024-11-10,C00641,P032,V024,R03,1,499.9,0.0
S0002091,PED001051,2024-11-10,C00641,P002,V024,R03,2,499.9,0.0
S0002092,PED001052,2024-03-21,C00592,P011,V010,R05,1,149.9,0.0
S0002093,PED001053,2023-02-24,C00564,P026,V009,R03,1,49.9,0.0
S0002094,PED001054,2023-05-06,C00620,P018,V013,R01,1,499.9,0.0
S0002095,PED001054,2023-05-06,C00620,P029,V013,R01,4,249.9,0.1
S0002096,PED001054,2023-05-06,C00620,P031,V013,R01,3,149.9,0.0
S0002097,PED001055,2024-12-21,C00612,P045,V011,R05,2,49.9,0.05
S0002098,PED001056,2025-12-28,C00103,P026,V022,R03,3,49.9,0.0
S0002099,PED001057,2023-01-21,C00585,P018,V013,R04,1,499.9,0.0
S0002100,PED001058,2024-09-27,C00523,P052,V014,R05,4,89.9,0.1
S0002101,PED001058,2024-09-27,C00523,P009,V014,R05,2,499.9,0.1
S0002102,PED001058,2024-09-27,C00523,P048,V014,R05,4,149.9,0.0
S0002103,PED001059,2025-04-17,C00462,P037,V020,R04,3,149.9,0.0
S0002104,PED001059,2025-04-17,C00462,P009,V020,R04,2,499.9,0.0
S0002105,PED001059,2025-04-17,C00462,P007,V020,R04,3,899.9,0.15
S0002106,PED001060,2025-07-15,C00536,P014,V001,R05,1,499.9,0.1
S0002107,PED001060,2025-07-15,C00536,P007,V001,R05,3,899.9,0.0
S0002108,PED001060,2025-07-15,C00536,P018,V001,R05,4,499.9,0.0
S0002109,PED001061,2024-09-14,C00520,P034,V017,R02,2,499.9,0.0
S0002110,PED001061,2024-09-14,C00520,P027,V017,R02,2,249.9,0.2
S0002111,PED001061,2024-09-14,C00520,P045,V017,R02,4,49.9,0.0
S0002112,PED001062,2024-11-22,C00473,P011,V010,R03,2,149.9,0.0
S0002113,PED001062,2024-11-22,C00473,P058,V010,R03,1,49.9,0.0
S0002114,PED001063,2025-02-08,C00523,P046,V012,R05,3,249.9,0.1
S0002115,PED001064,2025-08-23,C00483,P035,V002,R04,3,499.9,0.05
S0002116,PED001064,2025-08-23,C00483,P018,V002,R04,2,499.9,0.2
S0002117,PED001065,2023-06-02,C00576,P019,V016,R05,3,149.9,0.1
S0002118,PED001065,2023-06-02,C00576,P002,V016,R05,1,499.9,0.05
S0002119,PED001065,2023-06-02,C00576,P025,V016,R05,3,149.9,0.0
S0002120,PED001066,2025-11-02,C00666,P034,V005,R05,1,499.9,0.1
S0002121,PED001066,2025-11-02,C00666,P057,V005,R05,3,149.9,0.0
S0002122,PED001066,2025-11-02,C00666,P024,V005,R05,3,149.9,0.0
S0002123,PED001067,2023-02-03,C00491,P001,V004,R02,4,49.9,0.0
S0002124,PED001067,2023-02-03,C00491,P025,V004,R02,2,149.9,0.0
S0002125,PED001068,2025-07-27,C00503,P014,V023,R04,4,499.9,0.0
S0002126,PED001068,2025-07-27,C00503,P052,V023,R04,3,89.9,0.1
S0002127,PED001069,2023-04-08,C00613,P034,V012,R02,1,499.9,0.1
S0002128,PED001069,2023-04-08,C00613,P027,V012,R02,2,249.9,0.0
S0002129,PED001069,2023-04-08,C00613,P026,V012,R02,3,49.9,0.0
S0002130,PED001070,2023-08-26,C00682,P013,V005,R01,3,899.9,0.0
S0002131,PED001071,2023-01-05,C00582,P007,V017,R05,1,899.9,0.1
S0002132,PED001071,2023-01-05,C00582,P045,V017,R05,2,49.9,0.05
S0002133,PED001071,2023-01-05,C00582,P034,V017,R05,2,499.9,0.15
S0002134,PED001072,2024-05-20,C00611,P007,V006,R01,1,899.9,0.15
S0002135,PED001073,2024-01-02,C00569,P024,V006,R05,2,149.9,0.05
S0002136,PED001073,2024-01-02,C00569,P055,V006,R05,3,149.9,0.0
S0002137,PED001073,2024-01-02,C00569,P013,V006,R05,4,899.9,0.05
S0002138,PED001074,2023-07-23,C00472,P003,V002,R01,2,49.9,0.1
S0002139,PED001074,2023-07-23,C00472,P014,V002,R01,1,499.9,0.0
S0002140,PED001074,2023-07-23,C00472,P009,V002,R01,2,499.9,0.1
S0002141,PED001075,2024-05-27,C00623,P003,V023,R05,2,49.9,0.0
S0002142,PED001076,2024-03-29,C00585,P021,V020,R04,4,899.9,0.05
S0002143,PED001076,2024-03-29,C00585,P006,V020,R04,2,499.9,0.0
S0002144,PED001077,2025-05-07,C00661,P014,V002,R01,1,499.9,0.15
S0002145,PED001077,2025-05-07,C00661,P033,V002,R01,1,89.9,0.05
S0002146,PED001077,2025-05-07,C00661,P058,V002,R01,4,49.9,0.15
S0002147,PED001078,2025-09-30,C00670,P003,V012,R01,1,49.9,0.05
S0002148,PED001078,2025-09-30,C00670,P011,V012,R01,4,149.9,0.0
S0002149,PED001079,2024-12-19,C00485,P010,V012,R04,2,249.9,0.0
S0002150,PED001079,2024-12-19,C00485,P043,V012,R04,3,49.9,0.0
S0002151,PED001080,2023-06-04,C00633,P008,V022,R05,2,149.9,0.0
S0002152,PED001081,2023-11-29,C00560,P003,V002,R04,3,49.9,0.0
S0002153,PED001082,2025-10-21,C00283,P008,V014,R05,2,149.9,0.1
S0002154,PED001083,2023-04-23,C00535,P009,V001,R05,1,499.9,0.1
S0002155,PED001083,2023-04-23,C00535,P060,V001,R05,3,149.9,0.05
S0002156,PED001084,2024-04-03,C00278,P003,V023,R03,1,49.9,0.1
S0002157,PED001085,2025-11-14,C00617,P001,V001,R01,3,49.9,0.1
S0002158,PED001085,2025-11-14,C00617,P015,V001,R01,4,499.9,0.05
S0002159,PED001086,2025-11-20,C00638,P013,V003,R04,1,899.9,0.05
S0002160,PED001086,2025-11-20,C00638,P035,V003,R04,1,499.9,0.05
S0002161,PED001087,2024-04-09,C00506,P041,V007,R04,2,149.9,0.0
S0002162,PED001087,2024-04-09,C00506,P017,V007,R04,4,499.9,0.0
S0002163,PED001088,2025-01-01,C00490,P001,V018,R03,1,49.9,0.1
S0002164,PED001088,2025-01-01,C00490,P016,V018,R03,1,149.9,0.0
S0002165,PED001088,2025-01-01,C00490,P023,V018,R03,4,899.9,0.1
S0002166,PED001089,2024-06-02,C00589,P020,V012,R01,1,49.9,0.15
S0002167,PED001089,2024-06-02,C00589,P014,V012,R01,1,499.9,0.05
S0002168,PED001090,2025-04-20,C00483,P016,V013,R04,2,149.9,0.0
S0002169,PED001091,2023-02-10,C00588,P010,V004,R05,2,249.9,0.0
S0002170,PED001092,2023-06-27,C00633,P019,V011,R05,2,149.9,0.1
S0002171,PED001093,2024-11-18,C00524,P038,V013,R01,1,499.9,0.15
S0002172,PED001093,2024-11-18,C00524,P022,V013,R01,2,499.9,0.05
S0002173,PED001093,2024-11-18,C00524,P023,V013,R01,1,899.9,0.0
S0002174,PED001094,2023-10-07,C00544,P012,V001,R05,2,89.9,0.05
S0002175,PED001094,2023-10-07,C00544,P001,V001,R05,3,49.9,0.05
S0002176,PED001095,2024-12-31,C00672,P018,V001,R04,3,499.9,0.05
S0002177,PED001096,2024-01-24,C00496,P059,V016,R01,3,499.9,0.15
S0002178,PED001096,2024-01-24,C00496,P002,V016,R01,2,499.9,0.05
S0002179,PED001097,2025-09-23,C00666,P036,V024,R05,3,49.9,0.05
S0002180,PED001097,2025-09-23,C00666,P003,V024,R05,3,49.9,0.1
S0002181,PED001097,2025-09-23,C00666,P012,V024,R05,3,89.9,0.2
S0002182,PED001098,2025-07-06,C00465,P046,V004,R05,2,249.9,0.1
S0002183,PED001098,2025-07-06,C00465,P044,V004,R05,3,499.9,0.2
S0002184,PED001099,2024-07-14,C00497,P005,V007,R04,4,499.9,0.1
S0002185,PED001099,2024-07-14,C00497,P006,V007,R04,2,499.9,0.05
S0002186,PED001100,2025-05-14,C00609,P035,V013,R05,2,499.9,0.0
S0002187,PED001100,2025-05-14,C00609,P007,V013,R05,2,899.9,0.05
S0002188,PED001100,2025-05-14,C00609,P024,V013,R05,2,149.9,0.05
S0002189,PED001101,2023-11-11,C00674,P049,V011,R01,4,899.9,0.0
S0002190,PED001102,2024-07-16,C00489,P008,V003,R03,1,149.9,0.15
S0002191,PED001102,2024-07-16,C00489,P009,V003,R03,4,499.9,0.0
S0002192,PED001103,2023-08-29,C00457,P044,V017,R01,2,499.9,0.2
S0002193,PED001103,2023-08-29,C00457,P016,V017,R01,4,149.9,0.1
S0002194,PED001103,2023-08-29,C00457,P047,V017,R01,3,149.9,0.0
S0002195,PED001104,2025-08-25,C00688,P012,V024,R03,4,89.9,0.05
S0002196,PED001104,2025-08-25,C00688,P019,V024,R03,2,149.9,0.0
S0002197,PED001105,2025-07-11,C00287,P018,V018,R05,3,499.9,0.05
S0002198,PED001105,2025-07-11,C00287,P016,V018,R05,2,149.9,0.15
S0002199,PED001106,2025-10-09,C00635,P020,V019,R01,2,49.9,0.1
S0002200,PED001106,2025-10-09,C00635,P044,V019,R01,3,499.9,0.0
S0002201,PED001106,2025-10-09,C00635,P024,V019,R01,1,149.9,0.1
S0002202,PED001107,2025-09-13,C00656,P037,V006,R01,2,149.9,0.1
S0002203,PED001107,2025-09-13,C00656,P015,V006,R01,3,499.9,0.0
S0002204,PED001108,2025-11-27,C00587,P005,V005,R04,3,499.9,0.0
S0002205,PED001109,2023-10-02,C00467,P029,V016,R01,1,249.9,0.0
S0002206,PED001109,2023-10-02,C00467,P002,V016,R01,1,499.9,0.05
S0002207,PED001109,2023-10-02,C00467,P005,V016,R01,4,499.9,0.0
S0002208,PED001110,2025-11-06,C00458,P029,V008,R05,3,249.9,0.0
S0002209,PED001110,2025-11-06,C00458,P011,V008,R05,1,149.9,0.05
S0002210,PED001111,2024-10-11,C00640,P028,V018,R05,2,499.9,0.05
S0002211,PED001111,2024-10-11,C00640,P034,V018,R05,2,499.9,0.05
S0002212,PED001112,2024-04-23,C00467,P015,V005,R01,4,499.9,0.05
S0002213,PED001112,2024-04-23,C00467,P028,V005,R01,1,499.9,0.0
S0002214,PED001113,2024-10-01,C00625,P006,V020,R05,2,499.9,0.05
S0002215,PED001113,2024-10-01,C00625,P046,V020,R05,3,249.9,0.15
S0002216,PED001113,2024-10-01,C00625,P012,V020,R05,3,89.9,0.0
S0002217,PED001114,2024-01-13,C00487,P010,V018,R05,2,249.9,0.1
S0002218,PED001114,2024-01-13,C00487,P029,V018,R05,3,249.9,0.1
S0002219,PED001114,2024-01-13,C00487,P037,V018,R05,4,149.9,0.15
S0002220,PED001115,2023-11-24,C00696,P015,V003,R01,3,499.9,0.05
S0002221,PED001115,2023-11-24,C00696,P040,V003,R01,2,249.9,0.1
S0002222,PED001116,2023-10-15,C00570,P007,V011,R03,1,899.9,0.1
S0002223,PED001116,2023-10-15,C00570,P013,V011,R03,3,899.9,0.1
S0002224,PED001116,2023-10-15,C00570,P006,V011,R03,2,499.9,0.2
S0002225,PED001117,2023-04-15,C00517,P008,V007,R04,4,149.9,0.1
S0002226,PED001117,2023-04-15,C00517,P031,V007,R04,4,149.9,0.0
S0002227,PED001117,2023-04-15,C00517,P059,V007,R04,1,499.9,0.0
S0002228,PED001118,2024-07-19,C00604,P023,V022,R02,1,899.9,0.0
S0002229,PED001118,2024-07-19,C00604,P015,V022,R02,4,499.9,0.0
S0002230,PED001119,2025-09-24,C00679,P019,V013,R03,2,149.9,0.1
S0002231,PED001119,2025-09-24,C00679,P023,V013,R03,2,899.9,0.05
S0002232,PED001120,2024-11-30,C00425,P002,V011,R02,1,499.9,0.15
S0002233,PED001120,2024-11-30,C00425,P042,V011,R02,4,499.9,0.0
S0002234,PED001121,2024-08-17,C00668,P033,V007,R04,2,89.9,0.2
S0002235,PED001122,2024-04-30,C00627,P057,V002,R02,1,149.9,0.0
S0002236,PED001123,2024-06-11,C00288,P011,V005,R01,2,149.9,0.05
S0002237,PED001124,2023-09-11,C00541,P058,V003,R01,1,49.9,0.05
S0002238,PED001124,2023-09-11,C00541,P010,V003,R01,1,249.9,0.15
S0002239,PED001124,2023-09-11,C00541,P003,V003,R01,2,49.9,0.1
S0002240,PED001125,2025-07-11,C00557,P009,V005,R03,2,499.9,0.1
S0002241,PED001126,2023-08-30,C00692,P009,V012,R04,3,499.9,0.05
S0002242,PED001126,2023-08-30,C00692,P001,V012,R04,3,49.9,0.0
S0002243,PED001126,2023-08-30,C00692,P036,V012,R04,4,49.9,0.0
S0002244,PED001127,2025-03-06,C00594,P033,V014,R04,4,89.9,0.05
S0002245,PED001127,2025-03-06,C00594,P009,V014,R04,3,499.9,0.15
S0002246,PED001127,2025-03-06,C00594,P022,V014,R04,3,499.9,0.0
S0002247,PED001128,2025-04-28,C00697,P030,V007,R02,1,499.9,0.0
S0002248,PED001128,2025-04-28,C00697,P014,V007,R02,4,499.9,0.0
S0002249,PED001129,2024-10-15,C00639,P033,V005,R05,4,89.9,0.05
S0002250,PED001130,2025-08-27,C00698,P048,V006,R05,4,149.9,0.15
S0002251,PED001130,2025-08-27,C00698,P017,V006,R05,2,499.9,0.0
S0002252,PED001130,2025-08-27,C00698,P038,V006,R05,2,499.9,0.05
S0002253,PED001131,2023-11-26,C00636,P024,V008,R04,4,149.9,0.0
S0002254,PED001132,2025-09-17,C00456,P003,V007,R05,3,49.9,0.1
S0002255,PED001132,2025-09-17,C00456,P015,V007,R05,2,499.9,0.0
S0002256,PED001132,2025-09-17,C00456,P001,V007,R05,1,49.9,0.1
S0002257,PED001133,2025-03-22,C00570,P017,V002,R03,3,499.9,0.0
S0002258,PED001133,2025-03-22,C00570,P043,V002,R03,3,49.9,0.15
S0002259,PED001133,2025-03-22,C00570,P008,V002,R03,1,149.9,0.1
S0002260,PED001134,2025-06-13,C00644,P007,V006,R02,1,899.9,0.0
S0002261,PED001134,2025-06-13,C00644,P009,V006,R02,4,499.9,0.0
S0002262,PED001135,2024-12-29,C00635,P002,V020,R01,1,499.9,0.1
S0002263,PED001135,2024-12-29,C00635,P043,V020,R01,1,49.9,0.0
S0002264,PED001135,2024-12-29,C00635,P019,V020,R01,4,149.9,0.1
S0002265,PED001136,2025-08-08,C00490,P043,V024,R03,2,49.9,0.0
S0002266,PED001136,2025-08-08,C00490,P010,V024,R03,3,249.9,0.05
S0002267,PED001136,2025-08-08,C00490,P018,V024,R03,2,499.9,0.1
S0002268,PED001137,2025-12-26,C00599,P003,V007,R04,3,49.9,0.1
S0002269,PED001138,2024-04-20,C00670,P006,V006,R01,4,499.9,0.1
S0002270,PED001138,2024-04-20,C00670,P036,V006,R01,3,49.9,0.0
S0002271,PED001138,2024-04-20,C00670,P009,V006,R01,1,499.9,0.0
S0002272,PED001139,2025-06-30,C00554,P028,V006,R04,4,499.9,0.2
S0002273,PED001140,2025-04-09,C00474,P009,V016,R04,4,499.9,0.0
S0002274,PED001141,2024-05-29,C00686,P026,V008,R05,2,49.9,0.0
S0002275,PED001141,2024-05-29,C00686,P005,V008,R05,1,499.9,0.0
S0002276,PED001142,2025-11-03,C00143,P031,V014,R02,4,149.9,0.05
S0002277,PED001142,2025-11-03,C00143,P058,V014,R02,4,49.9,0.15
S0002278,PED001143,2024-03-19,C00493,P004,V002,R01,1,499.9,0.1
S0002279,PED001144,2024-10-06,C00485,P006,V022,R04,3,499.9,0.15
S0002280,PED001144,2024-10-06,C00485,P039,V022,R04,2,249.9,0.0
S0002281,PED001144,2024-10-06,C00485,P010,V022,R04,3,249.9,0.15
S0002282,PED001145,2023-05-14,C00512,P001,V020,R05,1,49.9,0.05
S0002283,PED001145,2023-05-14,C00512,P007,V020,R05,3,899.9,0.0
S0002284,PED001145,2023-05-14,C00512,P051,V020,R05,3,899.9,0.2
S0002285,PED001146,2023-09-30,C00559,P040,V010,R01,3,249.9,0.0
S0002286,PED001147,2025-08-01,C00608,P047,V012,R04,3,149.9,0.0
S0002287,PED001148,2024-03-22,C00576,P002,V011,R05,3,499.9,0.05
S0002288,PED001149,2024-03-19,C00549,P030,V001,R03,3,499.9,0.1
S0002289,PED001149,2024-03-19,C00549,P002,V001,R03,3,499.9,0.1
S0002290,PED001150,2023-10-20,C00646,P013,V014,R01,3,899.9,0.05
S0002291,PED001151,2024-07-13,C00617,P001,V002,R01,3,49.9,0.1
S0002292,PED001151,2024-07-13,C00617,P018,V002,R01,3,499.9,0.05
S0002293,PED001151,2024-07-13,C00617,P023,V002,R01,2,899.9,0.05
S0002294,PED001152,2025-06-21,C00648,P011,V022,R03,3,149.9,0.1
S0002295,PED001153,2025-10-02,C00490,P005,V001,R03,2,499.9,0.05
S0002296,PED001153,2025-10-02,C00490,P020,V001,R03,3,49.9,0.05
S0002297,PED001153,2025-10-02,C00490,P030,V001,R03,4,499.9,0.0
S0002298,PED001154,2023-03-31,C00670,P023,V011,R01,3,899.9,0.05
S0002299,PED001154,2023-03-31,C00670,P020,V011,R01,3,49.9,0.0
S0002300,PED001155,2024-10-15,C00538,P009,V019,R04,2,499.9,0.1
S0002301,PED001155,2024-10-15,C00538,P002,V019,R04,3,499.9,0.05
S0002302,PED001156,2024-06-15,C00502,P016,V010,R04,4,149.9,0.05
S0002303,PED001156,2024-06-15,C00502,P018,V010,R04,3,499.9,0.05
S0002304,PED001157,2024-11-18,C00640,P010,V023,R05,3,249.9,0.05
S0002305,PED001157,2024-11-18,C00640,P006,V023,R05,2,499.9,0.1
S0002306,PED001158,2024-05-22,C00639,P059,V023,R05,3,499.9,0.0
S0002307,PED001158,2024-05-22,C00639,P010,V023,R05,1,249.9,0.1
S0002308,PED001159,2024-03-25,C00506,P008,V004,R04,2,149.9,0.0
S0002309,PED001160,2024-06-20,C00622,P048,V014,R04,1,149.9,0.0
S0002310,PED001160,2024-06-20,C00622,P006,V014,R04,3,499.9,0.0
S0002311,PED001161,2024-10-22,C00518,P025,V006,R02,3,149.9,0.0
S0002312,PED001161,2024-10-22,C00518,P030,V006,R02,1,499.9,0.1
S0002313,PED001161,2024-10-22,C00518,P042,V006,R02,3,499.9,0.0
S0002314,PED001162,2024-07-24,C00465,P004,V007,R05,1,499.9,0.0
S0002315,PED001162,2024-07-24,C00465,P012,V007,R05,2,89.9,0.15
S0002316,PED001163,2024-06-20,C00575,P036,V012,R03,3,49.9,0.1
S0002317,PED001163,2024-06-20,C00575,P060,V012,R03,3,149.9,0.15
S0002318,PED001163,2024-06-20,C00575,P018,V012,R03,3,499.9,0.0
S0002319,PED001164,2025-07-05,C00097,P011,V015,R05,2,149.9,0.0
S0002320,PED001164,2025-07-05,C00097,P025,V015,R05,1,149.9,0.1
S0002321,PED001164,2025-07-05,C00097,P035,V015,R05,4,499.9,0.1
S0002322,PED001165,2025-04-11,C00679,P027,V009,R03,3,249.9,0.2
S0002323,PED001166,2024-01-11,C00582,P008,V021,R05,3,149.9,0.1
S0002324,PED001167,2025-06-15,C00459,P027,V003,R03,4,249.9,0.15
S0002325,PED001167,2025-06-15,C00459,P045,V003,R03,3,49.9,0.0
S0002326,PED001168,2025-08-17,C00605,P007,V022,R03,4,899.9,0.05
S0002327,PED001169,2023-07-08,C00232,P007,V013,R01,4,899.9,0.0
S0002328,PED001169,2023-07-08,C00232,P014,V013,R01,1,499.9,0.05
S0002329,PED001169,2023-07-08,C00232,P041,V013,R01,3,149.9,0.2
S0002330,PED001170,2024-10-23,C00583,P026,V003,R01,4,49.9,0.0
S0002331,PED001170,2024-10-23,C00583,P050,V003,R01,4,899.9,0.1
S0002332,PED001171,2023-11-21,C00485,P001,V018,R04,4,49.9,0.0
S0002333,PED001171,2023-11-21,C00485,P020,V018,R04,1,49.9,0.1
S0002334,PED001172,2025-04-03,C00675,P004,V023,R02,3,499.9,0.0
S0002335,PED001172,2025-04-03,C00675,P010,V023,R02,3,249.9,0.1
S0002336,PED001173,2023-10-13,C00672,P006,V004,R04,1,499.9,0.0
S0002337,PED001174,2025-01-06,C00688,P023,V008,R03,3,899.9,0.1
S0002338,PED001174,2025-01-06,C00688,P004,V008,R03,2,499.9,0.0
S0002339,PED001174,2025-01-06,C00688,P025,V008,R03,3,149.9,0.1
S0002340,PED001175,2023-10-29,C00552,P005,V001,R05,3,499.9,0.0
S0002341,PED001175,2023-10-29,C00552,P012,V001,R05,1,89.9,0.2
S0002342,PED001176,2024-08-05,C00509,P011,V009,R04,3,149.9,0.0
S0002343,PED001177,2025-11-19,C00148,P057,V016,R01,3,149.9,0.0
S0002344,PED001178,2024-03-04,C00542,P014,V003,R02,3,499.9,0.0
S0002345,PED001178,2024-03-04,C00542,P003,V003,R02,2,49.9,0.1
S0002346,PED001179,2025-09-11,C00530,P030,V020,R02,1,499.9,0.1
S0002347,PED001180,2025-12-20,C00595,P040,V013,R01,1,249.9,0.0
S0002348,PED001180,2025-12-20,C00595,P023,V013,R01,4,899.9,0.05
S0002349,PED001181,2025-09-10,C00527,P054,V018,R03,4,249.9,0.0
S0002350,PED001181,2025-09-10,C00527,P017,V018,R03,4,499.9,0.0
S0002351,PED001181,2025-09-10,C00527,P034,V018,R03,3,499.9,0.05
S0002352,PED001182,2023-07-23,C00555,P022,V022,R01,4,499.9,0.0
S0002353,PED001183,2025-07-07,C00575,P003,V008,R03,1,49.9,0.0
S0002354,PED001183,2025-07-07,C00575,P050,V008,R03,1,899.9,0.0
S0002355,PED001183,2025-07-07,C00575,P022,V008,R03,3,499.9,0.0
S0002356,PED001184,2023-02-11,C00654,P024,V005,R05,1,149.9,0.1
S0002357,PED001185,2024-03-18,C00509,P051,V010,R04,4,899.9,0.1
S0002358,PED001186,2025-09-05,C00570,P043,V023,R03,4,49.9,0.0
S0002359,PED001186,2025-09-05,C00570,P013,V023,R03,4,899.9,0.1
S0002360,PED001187,2025-01-28,C00602,P030,V019,R01,1,499.9,0.0
S0002361,PED001187,2025-01-28,C00602,P043,V019,R01,3,49.9,0.05
S0002362,PED001187,2025-01-28,C00602,P034,V019,R01,4,499.9,0.0
S0002363,PED001188,2024-08-31,C00521,P002,V011,R02,4,499.9,0.05
S0002364,PED001189,2024-03-12,C00515,P006,V015,R04,3,499.9,0.05
S0002365,PED001189,2024-03-12,C00515,P045,V015,R04,3,49.9,0.05
S0002366,PED001189,2024-03-12,C00515,P021,V015,R04,3,899.9,0.1
S0002367,PED001190,2025-06-28,C00699,P013,V018,R03,4,899.9,0.0
S0002368,PED001190,2025-06-28,C00699,P051,V018,R03,2,899.9,0.0
S0002369,PED001191,2025-02-25,C00458,P044,V007,R05,2,499.9,0.05
S0002370,PED001192,2024-06-16,C00631,P029,V023,R04,1,249.9,0.05
S0002371,PED001192,2024-06-16,C00631,P004,V023,R04,4,499.9,0.1
S0002372,PED001193,2025-09-29,C00613,P010,V016,R02,1,249.9,0.0
S0002373,PED001193,2025-09-29,C00613,P008,V016,R02,2,149.9,0.1
S0002374,PED001194,2023-10-04,C00626,P058,V011,R02,4,49.9,0.15
S0002375,PED001194,2023-10-04,C00626,P016,V011,R02,4,149.9,0.0
S0002376,PED001195,2023-07-28,C00343,P022,V019,R05,3,499.9,0.1
S0002377,PED001195,2023-07-28,C00343,P035,V019,R05,4,499.9,0.1
S0002378,PED001195,2023-07-28,C00343,P034,V019,R05,2,499.9,0.2
S0002379,PED001196,2024-12-11,C00464,P039,V014,R04,2,249.9,0.0
S0002380,PED001197,2025-12-07,C00621,P044,V007,R05,3,499.9,0.0
S0002381,PED001197,2025-12-07,C00621,P051,V007,R05,2,899.9,0.05
S0002382,PED001197,2025-12-07,C00621,P038,V007,R05,1,499.9,0.15
S0002383,PED001198,2023-10-21,C00406,P017,V012,R02,4,499.9,0.05
S0002384,PED001198,2023-10-21,C00406,P022,V012,R02,4,499.9,0.0
S0002385,PED001199,2023-10-24,C00475,P013,V010,R01,2,899.9,0.1
S0002386,PED001200,2023-06-21,C00665,P020,V005,R03,2,49.9,0.05
S0002387,PED001201,2025-08-25,C00476,P006,V012,R01,3,499.9,0.0
S0002388,PED001202,2023-09-30,C00517,P002,V017,R04,4,499.9,0.15
S0002389,PED001202,2023-09-30,C00517,P003,V017,R04,4,49.9,0.2
S0002390,PED001203,2024-07-27,C00466,P005,V019,R05,3,499.9,0.2
S0002391,PED001204,2025-12-24,C00591,P025,V005,R04,2,149.9,0.05
S0002392,PED001205,2023-01-16,C00668,P031,V019,R04,3,149.9,0.05
S0002393,PED001206,2024-09-26,C00541,P009,V014,R01,2,499.9,0.05
S0002394,PED001207,2024-08-07,C00483,P054,V001,R04,3,249.9,0.0
S0002395,PED001207,2024-08-07,C00483,P020,V001,R04,1,49.9,0.0
S0002396,PED001207,2024-08-07,C00483,P010,V001,R04,2,249.9,0.1
S0002397,PED001208,2025-06-23,C00663,P006,V014,R01,3,499.9,0.1
S0002398,PED001209,2024-01-29,C00697,P060,V011,R02,3,149.9,0.0
S0002399,PED001209,2024-01-29,C00697,P012,V011,R02,1,89.9,0.05
S0002400,PED001209,2024-01-29,C00697,P003,V011,R02,2,49.9,0.05
S0002401,PED001210,2024-04-08,C00280,P041,V021,R02,3,149.9,0.1
S0002402,PED001211,2023-07-25,C00530,P022,V016,R02,4,499.9,0.05
S0002403,PED001211,2023-07-25,C00530,P018,V016,R02,1,499.9,0.05
S0002404,PED001211,2023-07-25,C00530,P013,V016,R02,4,899.9,0.0
S0002405,PED001212,2025-04-05,C00687,P011,V018,R03,3,149.9,0.0
S0002406,PED001213,2025-05-27,C00584,P038,V004,R05,3,499.9,0.2
S0002407,PED001213,2025-05-27,C00584,P003,V004,R05,2,49.9,0.05
S0002408,PED001214,2023-06-18,C00575,P008,V013,R03,3,149.9,0.0
S0002409,PED001214,2023-06-18,C00575,P016,V013,R03,1,149.9,0.05
S0002410,PED001214,2023-06-18,C00575,P018,V013,R03,1,499.9,0.0
S0002411,PED001215,2024-03-18,C00669,P020,V003,R03,3,49.9,0.0
S0002412,PED001215,2024-03-18,C00669,P029,V003,R03,1,249.9,0.1
S0002413,PED001216,2025-09-30,C00612,P044,V011,R05,1,499.9,0.05
S0002414,PED001216,2025-09-30,C00612,P017,V011,R05,2,499.9,0.15
S0002415,PED001216,2025-09-30,C00612,P004,V011,R05,2,499.9,0.0
S0002416,PED001217,2023-01-04,C00681,P011,V021,R02,4,149.9,0.2
S0002417,PED001217,2023-01-04,C00681,P030,V021,R02,2,499.9,0.0
S0002418,PED001218,2023-12-02,C00536,P058,V016,R05,3,49.9,0.2
S0002419,PED001219,2024-09-25,C00622,P021,V018,R04,1,899.9,0.05
S0002420,PED001219,2024-09-25,C00622,P045,V018,R04,1,49.9,0.1
S0002421,PED001220,2024-01-02,C00472,P008,V006,R01,4,149.9,0.0
S0002422,PED001220,2024-01-02,C00472,P014,V006,R01,2,499.9,0.1
S0002423,PED001220,2024-01-02,C00472,P034,V006,R01,3,499.9,0.0
S0002424,PED001221,2023-11-12,C00511,P023,V009,R04,1,899.9,0.1
S0002425,PED001222,2024-06-06,C00637,P034,V019,R05,3,499.9,0.0
S0002426,PED001223,2023-08-10,C00608,P003,V003,R04,4,49.9,0.05
S0002427,PED001223,2023-08-10,C00608,P035,V003,R04,4,499.9,0.1
S0002428,PED001223,2023-08-10,C00608,P007,V003,R04,3,899.9,0.1
S0002429,PED001224,2024-08-27,C00613,P025,V009,R02,2,149.9,0.15
S0002430,PED001224,2024-08-27,C00613,P039,V009,R02,1,249.9,0.1
S0002431,PED001225,2025-02-22,C00523,P004,V016,R05,1,499.9,0.0
S0002432,PED001225,2025-02-22,C00523,P003,V016,R05,4,49.9,0.2
S0002433,PED001225,2025-02-22,C00523,P031,V016,R05,4,149.9,0.0
S0002434,PED001226,2024-10-16,C00360,P015,V016,R01,2,499.9,0.1
S0002435,PED001226,2024-10-16,C00360,P010,V016,R01,4,249.9,0.0
S0002436,PED001227,2023-04-28,C00591,P020,V005,R04,3,49.9,0.15
S0002437,PED001227,2023-04-28,C00591,P024,V005,R04,4,149.9,0.0
S0002438,PED001227,2023-04-28,C00591,P004,V005,R04,3,499.9,0.1
S0002439,PED001228,2025-08-06,C00697,P042,V012,R02,2,499.9,0.1
S0002440,PED001228,2025-08-06,C00697,P021,V012,R02,2,899.9,0.0
S0002441,PED001228,2025-08-06,C00697,P025,V012,R02,1,149.9,0.05
S0002442,PED001229,2023-08-03,C00601,P010,V008,R05,4,249.9,0.15
S0002443,PED001230,2025-05-04,C00571,P016,V012,R02,2,149.9,0.1
S0002444,PED001231,2024-02-05,C00538,P026,V002,R04,1,49.9,0.0
S0002445,PED001231,2024-02-05,C00538,P013,V002,R04,3,899.9,0.05
S0002446,PED001231,2024-02-05,C00538,P025,V002,R04,3,149.9,0.05
S0002447,PED001232,2025-05-25,C00486,P042,V002,R04,1,499.9,0.0
S0002448,PED001233,2023-09-08,C00646,P002,V017,R01,3,499.9,0.0
S0002449,PED001233,2023-09-08,C00646,P028,V017,R01,3,499.9,0.0
S0002450,PED001234,2023-08-16,C00577,P034,V002,R04,3,499.9,0.0
S0002451,PED001235,2024-07-20,C00483,P009,V002,R04,4,499.9,0.1
S0002452,PED001235,2024-07-20,C00483,P013,V002,R04,1,899.9,0.15
S0002453,PED001236,2023-02-12,C00528,P045,V001,R03,4,49.9,0.0
S0002454,PED001237,2023-09-29,C00554,P057,V008,R04,3,149.9,0.15
S0002455,PED001237,2023-09-29,C00554,P024,V008,R04,1,149.9,0.0
S0002456,PED001238,2025-03-15,C00496,P043,V001,R01,1,49.9,0.15
S0002457,PED001238,2025-03-15,C00496,P007,V001,R01,2,899.9,0.0
S0002458,PED001238,2025-03-15,C00496,P008,V001,R01,3,149.9,0.05
S0002459,PED001239,2025-07-28,C00491,P014,V005,R02,2,499.9,0.1
S0002460,PED001239,2025-07-28,C00491,P029,V005,R02,1,249.9,0.0
S0002461,PED001240,2023-04-13,C00487,P038,V007,R05,4,499.9,0.2
S0002462,PED001240,2023-04-13,C00487,P040,V007,R05,4,249.9,0.1
S0002463,PED001241,2025-09-18,C00499,P010,V023,R04,3,249.9,0.05
S0002464,PED001242,2025-06-11,C00473,P013,V004,R03,1,899.9,0.0
S0002465,PED001242,2025-06-11,C00473,P016,V004,R03,1,149.9,0.15
S0002466,PED001242,2025-06-11,C00473,P035,V004,R03,1,499.9,0.05
S0002467,PED001243,2025-09-04,C00690,P005,V004,R04,2,499.9,0.15
S0002468,PED001243,2025-09-04,C00690,P050,V004,R04,3,899.9,0.1
S0002469,PED001243,2025-09-04,C00690,P010,V004,R04,2,249.9,0.0
S0002470,PED001244,2025-02-10,C00495,P014,V010,R05,2,499.9,0.1
S0002471,PED001244,2025-02-10,C00495,P059,V010,R05,3,499.9,0.1
S0002472,PED001245,2025-01-10,C00658,P052,V003,R04,2,89.9,0.0
S0002473,PED001246,2024-08-22,C00516,P007,V006,R02,4,899.9,0.0
S0002474,PED001246,2024-08-22,C00516,P052,V006,R02,2,89.9,0.1
S0002475,PED001247,2024-12-19,C00592,P032,V004,R05,1,499.9,0.0
S0002476,PED001248,2025-10-26,C00671,P011,V019,R01,3,149.9,0.05
S0002477,PED001248,2025-10-26,C00671,P021,V019,R01,4,899.9,0.05
S0002478,PED001248,2025-10-26,C00671,P025,V019,R01,4,149.9,0.1
S0002479,PED001249,2023-05-07,C00694,P008,V002,R03,4,149.9,0.05
S0002480,PED001249,2023-05-07,C00694,P044,V002,R03,4,499.9,0.0
S0002481,PED001250,2023-12-16,C00569,P044,V022,R05,1,499.9,0.0
S0002482,PED001251,2023-04-03,C00658,P010,V012,R04,1,249.9,0.1
S0002483,PED001251,2023-04-03,C00658,P031,V012,R04,4,149.9,0.0
S0002484,PED001251,2023-04-03,C00658,P011,V012,R04,2,149.9,0.0
S0002485,PED001252,2025-11-16,C00589,P010,V003,R01,2,249.9,0.1
S0002486,PED001252,2025-11-16,C00589,P012,V003,R01,1,89.9,0.1
S0002487,PED001253,2024-05-20,C00700,P048,V009,R02,4,149.9,0.0
S0002488,PED001254,2025-01-11,C00517,P009,V009,R04,4,499.9,0.0
S0002489,PED001255,2025-08-02,C00133,P043,V023,R05,4,49.9,0.1
S0002490,PED001255,2025-08-02,C00133,P047,V023,R05,1,149.9,0.0
S0002491,PED001255,2025-08-02,C00133,P007,V023,R05,4,899.9,0.0
S0002492,PED001256,2025-12-24,C00637,P034,V004,R05,3,499.9,0.15
S0002493,PED001257,2023-07-18,C00581,P002,V006,R02,3,499.9,0.05
S0002494,PED001257,2023-07-18,C00581,P053,V006,R02,1,49.9,0.0
S0002495,PED001258,2025-06-14,C00641,P003,V002,R03,4,49.9,0.0
S0002496,PED001258,2025-06-14,C00641,P042,V002,R03,4,499.9,0.05
S0002497,PED001258,2025-06-14,C00641,P007,V002,R03,3,899.9,0.0
S0002498,PED001259,2025-09-24,C00638,P016,V011,R04,2,149.9,0.05
S0002499,PED001260,2023-03-05,C00353,P026,V006,R01,4,49.9,0.0
S0002500,PED001260,2023-03-05,C00353,P031,V006,R01,1,149.9,0.0
S0002501,PED001261,2025-04-21,C00669,P027,V001,R03,1,249.9,0.15
S0002502,PED001261,2025-04-21,C00669,P004,V001,R03,2,499.9,0.0
S0002503,PED001262,2024-01-28,C00575,P001,V012,R03,1,49.9,0.0
S0002504,PED001262,2024-01-28,C00575,P005,V012,R03,2,499.9,0.15
S0002505,PED001262,2024-01-28,C00575,P059,V012,R03,3,499.9,0.05
S0002506,PED001263,2024-12-16,C00632,P039,V015,R05,3,249.9,0.05
S0002507,PED001263,2024-12-16,C00632,P036,V015,R05,4,49.9,0.0
S0002508,PED001263,2024-12-16,C00632,P022,V015,R05,2,499.9,0.0
S0002509,PED001264,2024-08-09,C00679,P003,V002,R03,4,49.9,0.15
S0002510,PED001265,2023-11-02,C00685,P012,V002,R02,3,89.9,0.1
S0002511,PED001265,2023-11-02,C00685,P043,V002,R02,2,49.9,0.05
S0002512,PED001266,2023-06-17,C00557,P015,V013,R03,1,499.9,0.05
S0002513,PED001267,2023-05-26,C00483,P017,V001,R04,1,499.9,0.1
S0002514,PED001267,2023-05-26,C00483,P032,V001,R04,3,499.9,0.0
S0002515,PED001267,2023-05-26,C00483,P023,V001,R04,3,899.9,0.15
S0002516,PED001268,2023-05-10,C00537,P022,V019,R02,2,499.9,0.15
S0002517,PED001268,2023-05-10,C00537,P013,V019,R02,4,899.9,0.0
S0002518,PED001269,2024-12-06,C00618,P028,V021,R01,1,499.9,0.1
S0002519,PED001269,2024-12-06,C00618,P006,V021,R01,3,499.9,0.0
S0002520,PED001270,2024-01-24,C00479,P023,V011,R01,3,899.9,0.1
S0002521,PED001270,2024-01-24,C00479,P060,V011,R01,2,149.9,0.0
S0002522,PED001270,2024-01-24,C00479,P031,V011,R01,1,149.9,0.2
S0002523,PED001271,2023-09-20,C00526,P001,V016,R05,2,49.9,0.05
S0002524,PED001271,2023-09-20,C00526,P007,V016,R05,4,899.9,0.05
S0002525,PED001271,2023-09-20,C00526,P019,V016,R05,1,149.9,0.2
S0002526,PED001272,2025-02-01,C00473,P020,V024,R03,4,49.9,0.05
S0002527,PED001272,2025-02-01,C00473,P025,V024,R03,4,149.9,0.15
S0002528,PED001273,2025-01-26,C00632,P030,V015,R05,2,499.9,0.0
S0002529,PED001274,2024-09-07,C00477,P008,V020,R01,3,149.9,0.05
S0002530,PED001275,2025-11-09,C00517,P005,V015,R04,3,499.9,0.1
S0002531,PED001276,2024-03-09,C00463,P021,V022,R05,3,899.9,0.0
S0002532,PED001277,2025-07-26,C00552,P026,V015,R05,4,49.9,0.0
S0002533,PED001277,2025-07-26,C00552,P044,V015,R05,2,499.9,0.1
S0002534,PED001277,2025-07-26,C00552,P039,V015,R05,4,249.9,0.1
S0002535,PED001278,2023-04-06,C00635,P003,V010,R01,3,49.9,0.05
S0002536,PED001279,2025-04-03,C00636,P009,V020,R04,3,499.9,0.1
S0002537,PED001279,2025-04-03,C00636,P001,V020,R04,2,49.9,0.0
S0002538,PED001279,2025-04-03,C00636,P006,V020,R04,2,499.9,0.2
S0002539,PED001280,2025-12-21,C00471,P015,V002,R01,1,499.9,0.1
S0002540,PED001281,2025-08-08,C00696,P057,V006,R01,1,149.9,0.15
S0002541,PED001281,2025-08-08,C00696,P023,V006,R01,1,899.9,0.0
S0002542,PED001281,2025-08-08,C00696,P001,V006,R01,2,49.9,0.0
S0002543,PED001282,2024-10-20,C00311,P045,V003,R03,1,49.9,0.1
S0002544,PED001282,2024-10-20,C00311,P060,V003,R03,1,149.9,0.05
S0002545,PED001282,2024-10-20,C00311,P003,V003,R03,2,49.9,0.0
S0002546,PED001283,2024-11-27,C00527,P007,V022,R03,3,899.9,0.0
S0002547,PED001283,2024-11-27,C00527,P011,V022,R03,2,149.9,0.05
S0002548,PED001284,2024-01-26,C00584,P016,V007,R05,3,149.9,0.05
S0002549,PED001284,2024-01-26,C00584,P005,V007,R05,3,499.9,0.0
S0002550,PED001284,2024-01-26,C00584,P047,V007,R05,2,149.9,0.05
S0002551,PED001285,2025-01-17,C00674,P040,V017,R01,3,249.9,0.0
S0002552,PED001286,2025-05-11,C00518,P011,V023,R02,1,149.9,0.05
S0002553,PED001286,2025-05-11,C00518,P023,V023,R02,1,899.9,0.1
S0002554,PED001286,2025-05-11,C00518,P001,V023,R02,1,49.9,0.1
S0002555,PED001287,2025-12-30,C00664,P013,V013,R04,2,899.9,0.1
S0002556,PED001288,2024-07-14,C00142,P005,V010,R04,2,499.9,0.0
S0002557,PED001289,2023-03-20,C00472,P044,V007,R01,3,499.9,0.05
S0002558,PED001289,2023-03-20,C00472,P060,V007,R01,4,149.9,0.1
S0002559,PED001290,2024-11-04,C00698,P025,V007,R05,1,149.9,0.0
S0002560,PED001290,2024-11-04,C00698,P033,V007,R05,1,89.9,0.0
S0002561,PED001291,2023-05-29,C00664,P009,V012,R04,2,499.9,0.0
S0002562,PED001292,2023-10-19,C00054,P050,V018,R03,4,899.9,0.0
S0002563,PED001292,2023-10-19,C00054,P043,V018,R03,2,49.9,0.05
S0002564,PED001292,2023-10-19,C00054,P006,V018,R03,2,499.9,0.1
S0002565,PED001293,2023-12-28,C00500,P013,V005,R01,4,899.9,0.05
S0002566,PED001294,2025-03-24,C00498,P038,V020,R01,3,499.9,0.1
S0002567,PED001295,2023-08-13,C00670,P017,V018,R01,4,499.9,0.05
S0002568,PED001295,2023-08-13,C00670,P016,V018,R01,2,149.9,0.0
S0002569,PED001295,2023-08-13,C00670,P041,V018,R01,3,149.9,0.0
S0002570,PED001296,2023-07-23,C00644,P012,V009,R02,4,89.9,0.0
S0002571,PED001297,2023-03-01,C00524,P012,V003,R01,2,89.9,0.0
S0002572,PED001297,2023-03-01,C00524,P033,V003,R01,1,89.9,0.0
S0002573,PED001298,2025-09-08,C00567,P042,V001,R03,3,499.9,0.1
S0002574,PED001299,2025-02-04,C00691,P004,V020,R02,4,499.9,0.05
S0002575,PED001299,2025-02-04,C00691,P049,V020,R02,4,899.9,0.0
S0002576,PED001299,2025-02-04,C00691,P021,V020,R02,3,899.9,0.0
S0002577,PED001300,2023-02-22,C00595,P022,V008,R01,4,499.9,0.0
S0002578,PED001301,2023-02-06,C00696,P024,V012,R01,2,149.9,0.05
S0002579,PED001301,2023-02-06,C00696,P001,V012,R01,2,49.9,0.0
S0002580,PED001301,2023-02-06,C00696,P014,V012,R01,1,499.9,0.0
S0002581,PED001302,2024-09-29,C00290,P042,V019,R01,1,499.9,0.05
S0002582,PED001303,2023-11-19,C00631,P007,V022,R04,4,899.9,0.0
S0002583,PED001304,2024-11-05,C00077,P042,V004,R03,2,499.9,0.05
S0002584,PED001305,2024-05-07,C00632,P041,V007,R05,2,149.9,0.15
S0002585,PED001305,2024-05-07,C00632,P008,V007,R05,1,149.9,0.1
S0002586,PED001305,2024-05-07,C00632,P006,V007,R05,3,499.9,0.1
S0002587,PED001306,2025-10-31,C00640,P017,V003,R05,2,499.9,0.05
S0002588,PED001306,2025-10-31,C00640,P042,V003,R05,4,499.9,0.0
S0002589,PED001307,2023-11-23,C00656,P014,V024,R01,2,499.9,0.0
S0002590,PED001308,2025-01-16,C00529,P029,V001,R04,3,249.9,0.0
S0002591,PED001309,2023-03-12,C00668,P019,V003,R04,3,149.9,0.0
S0002592,PED001310,2025-11-24,C00539,P058,V004,R04,4,49.9,0.1
S0002593,PED001310,2025-11-24,C00539,P015,V004,R04,3,499.9,0.0
S0002594,PED001311,2025-12-15,C00660,P022,V021,R01,1,499.9,0.1
S0002595,PED001311,2025-12-15,C00660,P026,V021,R01,1,49.9,0.1
S0002596,PED001311,2025-12-15,C00660,P025,V021,R01,1,149.9,0.05
S0002597,PED001312,2025-04-02,C00686,P047,V023,R05,2,149.9,0.0
S0002598,PED001313,2024-06-12,C00583,P006,V007,R01,3,499.9,0.15
S0002599,PED001313,2024-06-12,C00583,P043,V007,R01,4,49.9,0.0
S0002600,PED001314,2023-09-23,C00139,P032,V023,R03,4,499.9,0.05
S0002601,PED001314,2023-09-23,C00139,P048,V023,R03,1,149.9,0.0
S0002602,PED001315,2025-06-28,C00650,P002,V001,R04,1,499.9,0.0
S0002603,PED001316,2025-03-30,C00656,P005,V001,R01,2,499.9,0.1
S0002604,PED001316,2025-03-30,C00656,P032,V001,R01,2,499.9,0.2
S0002605,PED001316,2025-03-30,C00656,P053,V001,R01,3,49.9,0.1
S0002606,PED001317,2023-09-25,C00512,P058,V013,R05,2,49.9,0.0
S0002607,PED001317,2023-09-25,C00512,P013,V013,R05,2,899.9,0.1
S0002608,PED001317,2023-09-25,C00512,P040,V013,R05,4,249.9,0.15
S0002609,PED001318,2024-05-27,C00490,P037,V022,R03,2,149.9,0.0
S0002610,PED001318,2024-05-27,C00490,P024,V022,R03,1,149.9,0.05
S0002611,PED001318,2024-05-27,C00490,P053,V022,R03,3,49.9,0.1
S0002612,PED001319,2024-06-09,C00632,P002,V018,R05,4,499.9,0.2
S0002613,PED001319,2024-06-09,C00632,P041,V018,R05,3,149.9,0.0
S0002614,PED001320,2025-07-15,C00625,P023,V013,R05,4,899.9,0.0
S0002615,PED001320,2025-07-15,C00625,P007,V013,R05,4,899.9,0.05
S0002616,PED001320,2025-07-15,C00625,P002,V013,R05,2,499.9,0.05
S0002617,PED001321,2025-01-22,C00465,P006,V015,R05,1,499.9,0.1
S0002618,PED001321,2025-01-22,C00465,P038,V015,R05,2,499.9,0.2
S0002619,PED001321,2025-01-22,C00465,P040,V015,R05,3,249.9,0.15
S0002620,PED001322,2024-12-11,C00516,P001,V014,R02,2,49.9,0.05
S0002621,PED001323,2024-12-17,C00464,P009,V009,R04,1,499.9,0.15
S0002622,PED001324,2023-11-10,C00631,P049,V002,R04,4,899.9,0.1
S0002623,PED001324,2023-11-10,C00631,P033,V002,R04,3,89.9,0.0
S0002624,PED001324,2023-11-10,C00631,P003,V002,R04,3,49.9,0.05
S0002625,PED001325,2024-02-20,C00613,P050,V003,R02,3,899.9,0.05
S0002626,PED001326,2023-03-01,C00503,P045,V023,R04,2,49.9,0.1
S0002627,PED001327,2025-05-30,C00615,P050,V002,R05,4,899.9,0.0
S0002628,PED001327,2025-05-30,C00615,P015,V002,R05,4,499.9,0.0
S0002629,PED001327,2025-05-30,C00615,P040,V002,R05,1,249.9,0.05
S0002630,PED001328,2024-05-06,C00537,P054,V002,R02,1,249.9,0.1
S0002631,PED001328,2024-05-06,C00537,P022,V002,R02,3,499.9,0.0
S0002632,PED001329,2024-05-12,C00611,P015,V017,R01,2,499.9,0.2
S0002633,PED001330,2023-10-19,C00551,P021,V006,R02,2,899.9,0.1
S0002634,PED001330,2023-10-19,C00551,P030,V006,R02,1,499.9,0.05
S0002635,PED001331,2023-09-12,C00490,P020,V004,R03,2,49.9,0.1
S0002636,PED001331,2023-09-12,C00490,P030,V004,R03,4,499.9,0.2
S0002637,PED001331,2023-09-12,C00490,P053,V004,R03,2,49.9,0.1
S0002638,PED001332,2024-10-28,C00661,P009,V001,R01,1,499.9,0.0
S0002639,PED001332,2024-10-28,C00661,P004,V001,R01,1,499.9,0.05
S0002640,PED001332,2024-10-28,C00661,P022,V001,R01,4,499.9,0.0
S0002641,PED001333,2023-10-07,C00641,P003,V023,R03,3,49.9,0.0
S0002642,PED001334,2023-03-24,C00683,P029,V014,R04,2,249.9,0.1
S0002643,PED001334,2023-03-24,C00683,P045,V014,R04,1,49.9,0.1
S0002644,PED001335,2025-05-07,C00491,P006,V014,R02,1,499.9,0.0
S0002645,PED001335,2025-05-07,C00491,P022,V014,R02,3,499.9,0.05
S0002646,PED001335,2025-05-07,C00491,P019,V014,R02,4,149.9,0.05
S0002647,PED001336,2024-02-26,C00305,P049,V008,R01,2,899.9,0.05
S0002648,PED001336,2024-02-26,C00305,P016,V008,R01,3,149.9,0.0
S0002649,PED001337,2024-03-02,C00655,P038,V018,R03,4,499.9,0.05
S0002650,PED001337,2024-03-02,C00655,P054,V018,R03,2,249.9,0.15
S0002651,PED001338,2024-05-04,C00650,P044,V017,R04,4,499.9,0.0
S0002652,PED001338,2024-05-04,C00650,P036,V017,R04,3,49.9,0.1
S0002653,PED001338,2024-05-04,C00650,P023,V017,R04,1,899.9,0.1
S0002654,PED001339,2025-07-01,C00515,P015,V010,R04,3,499.9,0.0
S0002655,PED001340,2023-12-21,C00540,P016,V014,R03,1,149.9,0.0
S0002656,PED001341,2025-04-26,C00612,P010,V007,R05,4,249.9,0.1
S0002657,PED001342,2025-11-12,C00628,P055,V016,R05,1,149.9,0.0
S0002658,PED001343,2024-12-26,C00055,P029,V002,R04,4,249.9,0.0
S0002659,PED001344,2024-05-04,C00600,P016,V012,R05,3,149.9,0.05
S0002660,PED001345,2025-04-13,C00467,P017,V019,R01,2,499.9,0.0
S0002661,PED001345,2025-04-13,C00467,P012,V019,R01,3,89.9,0.0
S0002662,PED001346,2024-06-04,C00547,P001,V009,R05,1,49.9,0.1
S0002663,PED001346,2024-06-04,C00547,P033,V009,R05,4,89.9,0.05
S0002664,PED001347,2024-04-13,C00457,P011,V024,R01,4,149.9,0.0
S0002665,PED001348,2024-08-22,C00511,P001,V022,R04,4,49.9,0.0
S0002666,PED001348,2024-08-22,C00511,P013,V022,R04,3,899.9,0.1
S0002667,PED001348,2024-08-22,C00511,P057,V022,R04,1,149.9,0.05
S0002668,PED001349,2023-12-18,C00603,P011,V003,R02,1,149.9,0.0
S0002669,PED001349,2023-12-18,C00603,P054,V003,R02,2,249.9,0.0
S0002670,PED001349,2023-12-18,C00603,P007,V003,R02,2,899.9,0.0
S0002671,PED001350,2023-05-12,C00546,P006,V001,R04,3,499.9,0.0
S0002672,PED001350,2023-05-12,C00546,P002,V001,R04,1,499.9,0.1
S0002673,PED001351,2024-04-13,C00688,P026,V001,R03,2,49.9,0.1
S0002674,PED001352,2023-06-04,C00671,P012,V015,R01,4,89.9,0.0
S0002675,PED001353,2024-04-08,C00612,P057,V001,R05,1,149.9,0.05
S0002676,PED001354,2024-09-27,C00626,P044,V018,R02,4,499.9,0.05
S0002677,PED001354,2024-09-27,C00626,P018,V018,R02,4,499.9,0.05
S0002678,PED001354,2024-09-27,C00626,P047,V018,R02,1,149.9,0.15
S0002679,PED001355,2025-11-05,C00678,P045,V017,R04,2,49.9,0.1
S0002680,PED001355,2025-11-05,C00678,P021,V017,R04,4,899.9,0.0
S0002681,PED001356,2023-02-17,C00464,P047,V006,R04,1,149.9,0.0
S0002682,PED001357,2024-11-23,C00633,P003,V003,R05,2,49.9,0.0
S0002683,PED001357,2024-11-23,C00633,P038,V003,R05,3,499.9,0.0
S0002684,PED001357,2024-11-23,C00633,P024,V003,R05,3,149.9,0.05
S0002685,PED001358,2024-06-04,C00645,P009,V004,R01,2,499.9,0.1
S0002686,PED001358,2024-06-04,C00645,P010,V004,R01,1,249.9,0.0
S0002687,PED001358,2024-06-04,C00645,P003,V004,R01,1,49.9,0.05
S0002688,PED001359,2023-01-26,C00117,P021,V006,R05,4,899.9,0.1
S0002689,PED001359,2023-01-26,C00117,P046,V006,R05,1,249.9,0.0
S0002690,PED001360,2023-10-24,C00639,P033,V004,R05,1,89.9,0.1
S0002691,PED001360,2023-10-24,C00639,P018,V004,R05,4,499.9,0.05
S0002692,PED001361,2023-05-28,C00493,P010,V001,R01,4,249.9,0.0
S0002693,PED001362,2023-09-20,C00562,P026,V008,R01,2,49.9,0.0
S0002694,PED001362,2023-09-20,C00562,P036,V008,R01,3,49.9,0.0
S0002695,PED001363,2023-11-13,C00487,P013,V008,R05,1,899.9,0.05
S0002696,PED001363,2023-11-13,C00487,P015,V008,R05,1,499.9,0.0
S0002697,PED001363,2023-11-13,C00487,P017,V008,R05,1,499.9,0.0
S0002698,PED001364,2024-03-28,C00515,P011,V005,R04,4,149.9,0.0
S0002699,PED001364,2024-03-28,C00515,P006,V005,R04,1,499.9,0.1
S0002700,PED001364,2024-03-28,C00515,P045,V005,R04,1,49.9,0.1
S0002701,PED001365,2024-08-27,C00264,P034,V022,R05,4,499.9,0.0
S0002702,PED001365,2024-08-27,C00264,P007,V022,R05,4,899.9,0.15
S0002703,PED001365,2024-08-27,C00264,P022,V022,R05,3,499.9,0.0
S0002704,PED001366,2023-01-02,C00494,P006,V020,R05,3,499.9,0.15
S0002705,PED001367,2023-07-18,C00125,P022,V011,R02,2,499.9,0.1
S0002706,PED001367,2023-07-18,C00125,P006,V011,R02,3,499.9,0.1
S0002707,PED001367,2023-07-18,C00125,P005,V011,R02,4,499.9,0.1
S0002708,PED001368,2023-04-29,C00664,P039,V019,R04,1,249.9,0.0
S0002709,PED001368,2023-04-29,C00664,P015,V019,R04,1,499.9,0.2
S0002710,PED001369,2024-09-19,C00506,P021,V024,R04,2,899.9,0.15
S0002711,PED001369,2024-09-19,C00506,P040,V024,R04,3,249.9,0.2
S0002712,PED001369,2024-09-19,C00506,P047,V024,R04,3,149.9,0.2
S0002713,PED001370,2023-12-28,C00518,P010,V015,R02,1,249.9,0.1
S0002714,PED001371,2024-09-17,C00559,P010,V005,R01,2,249.9,0.0
S0002715,PED001372,2023-09-25,C00534,P041,V008,R03,3,149.9,0.0
S0002716,PED001372,2023-09-25,C00534,P002,V008,R03,3,499.9,0.15
S0002717,PED001373,2023-01-31,C00457,P036,V008,R01,4,49.9,0.05
S0002718,PED001373,2023-01-31,C00457,P047,V008,R01,2,149.9,0.0
S0002719,PED001374,2025-11-13,C00591,P024,V011,R04,2,149.9,0.05
S0002720,PED001374,2025-11-13,C00591,P028,V011,R04,1,499.9,0.05
S0002721,PED001375,2023-05-16,C00527,P016,V013,R03,3,149.9,0.05
S0002722,PED001376,2023-06-07,C00509,P041,V008,R04,4,149.9,0.0
S0002723,PED001376,2023-06-07,C00509,P013,V008,R04,4,899.9,0.1
S0002724,PED001377,2023-06-29,C00464,P019,V001,R04,4,149.9,0.1
S0002725,PED001377,2023-06-29,C00464,P013,V001,R04,1,899.9,0.1
S0002726,PED001377,2023-06-29,C00464,P038,V001,R04,4,499.9,0.2
S0002727,PED001378,2025-12-15,C00624,P034,V010,R05,2,499.9,0.0
S0002728,PED001378,2025-12-15,C00624,P035,V010,R05,3,499.9,0.2
S0002729,PED001378,2025-12-15,C00624,P044,V010,R05,1,499.9,0.2
S0002730,PED001379,2024-11-20,C00641,P022,V005,R03,1,499.9,0.1
S0002731,PED001380,2024-11-15,C00538,P014,V012,R04,2,499.9,0.05
S0002732,PED001380,2024-11-15,C00538,P013,V012,R04,3,899.9,0.0
S0002733,PED001380,2024-11-15,C00538,P002,V012,R04,4,499.9,0.15
S0002734,PED001381,2025-12-20,C00605,P019,V019,R03,4,149.9,0.0
S0002735,PED001381,2025-12-20,C00605,P058,V019,R03,2,49.9,0.0
S0002736,PED001382,2023-04-23,C00676,P009,V020,R05,2,499.9,0.2
S0002737,PED001383,2025-12-09,C00678,P037,V016,R04,4,149.9,0.1
S0002738,PED001383,2025-12-09,C00678,P033,V016,R04,2,89.9,0.0
S0002739,PED001383,2025-12-09,C00678,P004,V016,R04,1,499.9,0.2
S0002740,PED001384,2023-09-06,C00464,P013,V001,R04,1,899.9,0.1
S0002741,PED001385,2024-11-24,C00593,P017,V024,R01,1,499.9,0.05
S0002742,PED001385,2024-11-24,C00593,P036,V024,R01,3,49.9,0.0
S0002743,PED001386,2024-04-20,C00615,P002,V012,R05,3,499.9,0.0
S0002744,PED001387,2024-03-07,C00638,P033,V019,R04,1,89.9,0.0
S0002745,PED001387,2024-03-07,C00638,P031,V019,R04,1,149.9,0.05
S0002746,PED001387,2024-03-07,C00638,P039,V019,R04,4,249.9,0.1
S0002747,PED001388,2025-11-06,C00479,P040,V008,R01,2,249.9,0.15
S0002748,PED001388,2025-11-06,C00479,P009,V008,R01,1,499.9,0.05
S0002749,PED001388,2025-11-06,C00479,P004,V008,R01,4,499.9,0.1
S0002750,PED001389,2023-07-03,C00666,P005,V001,R05,1,499.9,0.05
S0002751,PED001389,2023-07-03,C00666,P004,V001,R05,1,499.9,0.0
S0002752,PED001390,2025-12-29,C00085,P052,V017,R01,4,89.9,0.0
S0002753,PED001390,2025-12-29,C00085,P008,V017,R01,2,149.9,0.05
S0002754,PED001390,2025-12-29,C00085,P023,V017,R01,1,899.9,0.05
S0002755,PED001391,2024-03-01,C00622,P003,V015,R04,4,49.9,0.0
S0002756,PED001391,2024-03-01,C00622,P053,V015,R04,4,49.9,0.05
S0002757,PED001392,2024-12-16,C00038,P017,V001,R03,4,499.9,0.1
S0002758,PED001392,2024-12-16,C00038,P011,V001,R03,1,149.9,0.0
S0002759,PED001392,2024-12-16,C00038,P041,V001,R03,1,149.9,0.0
S0002760,PED001393,2025-12-04,C00479,P041,V015,R01,2,149.9,0.1
S0002761,PED001393,2025-12-04,C00479,P009,V015,R01,3,499.9,0.1
S0002762,PED001393,2025-12-04,C00479,P003,V015,R01,3,49.9,0.15
S0002763,PED001394,2023-03-16,C00611,P039,V021,R01,2,249.9,0.0
S0002764,PED001395,2025-10-30,C00554,P036,V024,R04,4,49.9,0.15
S0002765,PED001396,2024-10-08,C00586,P038,V001,R02,4,499.9,0.1
S0002766,PED001396,2024-10-08,C00586,P031,V001,R02,4,149.9,0.05
S0002767,PED001397,2025-02-18,C00507,P038,V002,R02,4,499.9,0.0
S0002768,PED001398,2023-07-03,C00560,P016,V024,R04,2,149.9,0.2
S0002769,PED001399,2024-09-01,C00613,P048,V014,R02,4,149.9,0.05
S0002770,PED001400,2025-01-09,C00547,P023,V005,R05,4,899.9,0.05
S0002771,PED001400,2025-01-09,C00547,P026,V005,R05,4,49.9,0.0
S0002772,PED001401,2024-06-02,C00462,P041,V013,R04,4,149.9,0.0
S0002773,PED001402,2023-07-10,C00687,P039,V008,R03,1,249.9,0.1
S0002774,PED001402,2023-07-10,C00687,P005,V008,R03,3,499.9,0.0
S0002775,PED001403,2023-10-18,C00580,P009,V013,R01,4,499.9,0.0
S0002776,PED001404,2025-08-17,C00500,P049,V002,R01,3,899.9,0.1
S0002777,PED001405,2023-02-14,C00469,P012,V024,R04,3,89.9,0.1
S0002778,PED001405,2023-02-14,C00469,P011,V024,R04,3,149.9,0.05
S0002779,PED001406,2025-02-24,C00468,P018,V011,R02,3,499.9,0.1
S0002780,PED001406,2025-02-24,C00468,P015,V011,R02,3,499.9,0.0
S0002781,PED001406,2025-02-24,C00468,P030,V011,R02,3,499.9,0.0
S0002782,PED001407,2025-12-31,C00608,P041,V006,R04,1,149.9,0.0
S0002783,PED001407,2025-12-31,C00608,P057,V006,R04,1,149.9,0.1
S0002784,PED001407,2025-12-31,C00608,P052,V006,R04,4,89.9,0.05
S0002785,PED001408,2023-01-10,C00574,P023,V001,R02,2,899.9,0.0
S0002786,PED001408,2023-01-10,C00574,P002,V001,R02,3,499.9,0.1
S0002787,PED001408,2023-01-10,C00574,P012,V001,R02,2,89.9,0.05
S0002788,PED001409,2023-07-17,C00531,P051,V008,R01,4,899.9,0.0
S0002789,PED001409,2023-07-17,C00531,P025,V008,R01,4,149.9,0.05
S0002790,PED001410,2025-01-10,C00615,P011,V023,R05,1,149.9,0.15
S0002791,PED001411,2023-03-19,C00500,P060,V009,R01,2,149.9,0.05
S0002792,PED001411,2023-03-19,C00500,P004,V009,R01,2,499.9,0.1
S0002793,PED001412,2024-10-30,C00597,P002,V009,R04,1,499.9,0.0
S0002794,PED001412,2024-10-30,C00597,P044,V009,R04,1,499.9,0.05
S0002795,PED001412,2024-10-30,C00597,P041,V009,R04,2,149.9,0.1
S0002796,PED001413,2025-01-22,C00601,P013,V022,R05,1,899.9,0.1
S0002797,PED001414,2024-10-28,C00496,P057,V016,R01,3,149.9,0.05
S0002798,PED001414,2024-10-28,C00496,P014,V016,R01,1,499.9,0.05
S0002799,PED001414,2024-10-28,C00496,P051,V016,R01,4,899.9,0.1
S0002800,PED001415,2024-02-11,C00546,P020,V010,R04,2,49.9,0.0
S0002801,PED001416,2025-02-09,C00004,P008,V004,R05,2,149.9,0.05
S0002802,PED001416,2025-02-09,C00004,P055,V004,R05,4,149.9,0.1
S0002803,PED001417,2024-11-03,C00466,P004,V014,R05,2,499.9,0.15
S0002804,PED001417,2024-11-03,C00466,P025,V014,R05,4,149.9,0.05
S0002805,PED001417,2024-11-03,C00466,P011,V014,R05,1,149.9,0.05
S0002806,PED001418,2023-09-10,C00692,P018,V016,R04,4,499.9,0.0
S0002807,PED001418,2023-09-10,C00692,P002,V016,R04,1,499.9,0.1
S0002808,PED001418,2023-09-10,C00692,P032,V016,R04,1,499.9,0.0
S0002809,PED001419,2024-10-03,C00570,P020,V003,R03,2,49.9,0.15
S0002810,PED001420,2025-09-18,C00554,P034,V006,R04,2,499.9,0.0
S0002811,PED001420,2025-09-18,C00554,P043,V006,R04,1,49.9,0.05
S0002812,PED001421,2024-12-31,C00593,P005,V006,R01,3,499.9,0.0
S0002813,PED001421,2024-12-31,C00593,P033,V006,R01,2,89.9,0.05
S0002814,PED001422,2024-06-20,C00645,P020,V003,R01,1,49.9,0.15
S0002815,PED001423,2023-12-22,C00367,P013,V017,R02,2,899.9,0.1
S0002816,PED001423,2023-12-22,C00367,P059,V017,R02,3,499.9,0.0
S0002817,PED001424,2023-04-19,C00661,P013,V002,R01,2,899.9,0.1
S0002818,PED001424,2023-04-19,C00661,P044,V002,R01,1,499.9,0.15
S0002819,PED001424,2023-04-19,C00661,P050,V002,R01,1,899.9,0.05
S0002820,PED001425,2023-10-19,C00015,P055,V005,R01,3,149.9,0.05
S0002821,PED001425,2023-10-19,C00015,P012,V005,R01,1,89.9,0.0
S0002822,PED001425,2023-10-19,C00015,P011,V005,R01,2,149.9,0.15
S0002823,PED001426,2023-01-15,C00463,P056,V010,R05,4,149.9,0.05
S0002824,PED001426,2023-01-15,C00463,P050,V010,R05,4,899.9,0.15
S0002825,PED001427,2025-12-20,C00576,P052,V012,R05,1,89.9,0.15
S0002826,PED001427,2025-12-20,C00576,P023,V012,R05,2,899.9,0.0
S0002827,PED001428,2023-09-26,C00634,P030,V017,R05,2,499.9,0.05
S0002828,PED001428,2023-09-26,C00634,P019,V017,R05,4,149.9,0.0
S0002829,PED001429,2025-07-01,C00698,P022,V015,R05,1,499.9,0.0
S0002830,PED001430,2023-07-26,C00649,P005,V005,R03,4,499.9,0.05
S0002831,PED001430,2023-07-26,C00649,P038,V005,R03,2,499.9,0.15
S0002832,PED001431,2023-11-20,C00532,P023,V004,R04,4,899.9,0.1
S0002833,PED001432,2024-04-18,C00675,P044,V006,R02,3,499.9,0.0
S0002834,PED001432,2024-04-18,C00675,P056,V006,R02,3,149.9,0.0
S0002835,PED001432,2024-04-18,C00675,P021,V006,R02,1,899.9,0.0
S0002836,PED001433,2023-12-24,C00615,P007,V015,R05,1,899.9,0.0
S0002837,PED001433,2023-12-24,C00615,P001,V015,R05,2,49.9,0.05
S0002838,PED001434,2025-06-12,C00584,P010,V011,R05,1,249.9,0.05
S0002839,PED001434,2025-06-12,C00584,P001,V011,R05,1,49.9,0.1
S0002840,PED001435,2025-11-26,C00611,P016,V013,R01,1,149.9,0.0
S0002841,PED001436,2025-09-10,C00651,P014,V007,R03,3,499.9,0.0
S0002842,PED001437,2023-07-08,C00604,P043,V005,R02,3,49.9,0.0
S0002843,PED001437,2023-07-08,C00604,P052,V005,R02,3,89.9,0.1
S0002844,PED001437,2023-07-08,C00604,P021,V005,R02,4,899.9,0.05
S0002845,PED001438,2025-05-18,C00531,P020,V006,R01,2,49.9,0.05
S0002846,PED001438,2025-05-18,C00531,P036,V006,R01,1,49.9,0.0
S0002847,PED001439,2023-07-01,C00482,P050,V017,R03,1,899.9,0.0
S0002848,PED001439,2023-07-01,C00482,P021,V017,R03,2,899.9,0.0
S0002849,PED001439,2023-07-01,C00482,P020,V017,R03,3,49.9,0.0
S0002850,PED001440,2025-10-21,C00614,P042,V004,R04,2,499.9,0.15
S0002851,PED001440,2025-10-21,C00614,P010,V004,R04,3,249.9,0.0
S0002852,PED001440,2025-10-21,C00614,P043,V004,R04,3,49.9,0.05
S0002853,PED001441,2024-08-13,C00676,P012,V019,R05,2,89.9,0.0
S0002854,PED001442,2024-01-05,C00467,P010,V009,R01,1,249.9,0.0
S0002855,PED001442,2024-01-05,C00467,P031,V009,R01,1,149.9,0.0
S0002856,PED001442,2024-01-05,C00467,P021,V009,R01,4,899.9,0.0
S0002857,PED001443,2023-07-12,C00503,P024,V004,R04,2,149.9,0.15
S0002858,PED001443,2023-07-12,C00503,P003,V004,R04,3,49.9,0.1
S0002859,PED001443,2023-07-12,C00503,P045,V004,R04,2,49.9,0.05
S0002860,PED001444,2023-01-16,C00545,P029,V019,R01,2,249.9,0.0
S0002861,PED001444,2023-01-16,C00545,P003,V019,R01,4,49.9,0.0
S0002862,PED001445,2023-10-22,C00446,P010,V009,R01,2,249.9,0.05
S0002863,PED001445,2023-10-22,C00446,P047,V009,R01,1,149.9,0.0
S0002864,PED001445,2023-10-22,C00446,P017,V009,R01,4,499.9,0.1
S0002865,PED001446,2025-10-21,C00579,P038,V023,R03,3,499.9,0.0
S0002866,PED001447,2025-06-11,C00662,P012,V018,R02,2,89.9,0.05
S0002867,PED001448,2025-12-05,C00541,P016,V020,R01,4,149.9,0.0
S0002868,PED001448,2025-12-05,C00541,P053,V020,R01,3,49.9,0.05
S0002869,PED001448,2025-12-05,C00541,P018,V020,R01,1,499.9,0.0
S0002870,PED001449,2023-05-07,C00379,P007,V009,R02,2,899.9,0.1
S0002871,PED001450,2024-11-01,C00661,P020,V016,R01,3,49.9,0.05
S0002872,PED001450,2024-11-01,C00661,P011,V016,R01,1,149.9,0.1
S0002873,PED001450,2024-11-01,C00661,P014,V016,R01,4,499.9,0.0
S0002874,PED001451,2023-10-31,C00555,P020,V003,R01,3,49.9,0.0
S0002875,PED001452,2024-09-11,C00598,P005,V002,R01,1,499.9,0.2
S0002876,PED001453,2023-12-21,C00095,P010,V004,R04,4,249.9,0.05
S0002877,PED001453,2023-12-21,C00095,P013,V004,R04,3,899.9,0.05
S0002878,PED001453,2023-12-21,C00095,P040,V004,R04,2,249.9,0.0
S0002879,PED001454,2023-11-20,C00284,P017,V003,R04,3,499.9,0.1
S0002880,PED001454,2023-11-20,C00284,P022,V003,R04,4,499.9,0.15
S0002881,PED001454,2023-11-20,C00284,P005,V003,R04,3,499.9,0.05
S0002882,PED001455,2024-10-14,C00472,P036,V019,R01,3,49.9,0.1
S0002883,PED001455,2024-10-14,C00472,P016,V019,R01,4,149.9,0.1
S0002884,PED001455,2024-10-14,C00472,P031,V019,R01,1,149.9,0.1
S0002885,PED001456,2023-08-13,C00542,P029,V008,R02,4,249.9,0.05
S0002886,PED001457,2024-06-17,C00596,P034,V003,R04,1,499.9,0.0
S0002887,PED001457,2024-06-17,C00596,P011,V003,R04,3,149.9,0.0
S0002888,PED001457,2024-06-17,C00596,P005,V003,R04,2,499.9,0.05
S0002889,PED001458,2024-12-18,C00700,P022,V021,R02,3,499.9,0.2
S0002890,PED001458,2024-12-18,C00700,P008,V021,R02,2,149.9,0.0
S0002891,PED001458,2024-12-18,C00700,P038,V021,R02,3,499.9,0.05
S0002892,PED001459,2023-06-08,C00376,P008,V019,R01,4,149.9,0.0
S0002893,PED001459,2023-06-08,C00376,P030,V019,R01,4,499.9,0.05
S0002894,PED001459,2023-06-08,C00376,P005,V019,R01,1,499.9,0.05
S0002895,PED001460,2025-11-05,C00634,P033,V017,R05,4,89.9,0.05
S0002896,PED001460,2025-11-05,C00634,P006,V017,R05,4,499.9,0.05
S0002897,PED001461,2024-07-30,C00675,P042,V004,R02,2,499.9,0.15
S0002898,PED001461,2024-07-30,C00675,P052,V004,R02,3,89.9,0.0
S0002899,PED001462,2025-07-07,C00476,P008,V009,R01,4,149.9,0.0
S0002900,PED001462,2025-07-07,C00476,P034,V009,R01,4,499.9,0.0
S0002901,PED001462,2025-07-07,C00476,P007,V009,R01,1,899.9,0.0
S0002902,PED001463,2024-12-20,C00576,P025,V001,R05,3,149.9,0.0
S0002903,PED001463,2024-12-20,C00576,P057,V001,R05,2,149.9,0.05
S0002904,PED001463,2024-12-20,C00576,P011,V001,R05,1,149.9,0.05
S0002905,PED001464,2025-02-26,C00606,P052,V010,R01,3,89.9,0.1
S0002906,PED001465,2025-03-06,C00595,P013,V010,R01,4,899.9,0.0
S0002907,PED001465,2025-03-06,C00595,P023,V010,R01,1,899.9,0.0
S0002908,PED001465,2025-03-06,C00595,P008,V010,R01,2,149.9,0.05
S0002909,PED001466,2025-09-10,C00688,P010,V018,R03,2,249.9,0.0
S0002910,PED001467,2024-11-17,C00658,P023,V024,R04,2,899.9,0.0
S0002911,PED001467,2024-11-17,C00658,P021,V024,R04,2,899.9,0.0
S0002912,PED001467,2024-11-17,C00658,P031,V024,R04,3,149.9,0.15
S0002913,PED001468,2023-11-16,C00512,P044,V010,R05,4,499.9,0.0
S0002914,PED001468,2023-11-16,C00512,P006,V010,R05,2,499.9,0.15
S0002915,PED001468,2023-11-16,C00512,P024,V010,R05,1,149.9,0.15
S0002916,PED001469,2023-05-06,C00656,P016,V013,R01,2,149.9,0.0
S0002917,PED001469,2023-05-06,C00656,P038,V013,R01,4,499.9,0.1
S0002918,PED001469,2023-05-06,C00656,P005,V013,R01,2,499.9,0.0
S0002919,PED001470,2024-11-12,C00624,P020,V003,R05,3,49.9,0.0
S0002920,PED001470,2024-11-12,C00624,P013,V003,R05,1,899.9,0.0
S0002921,PED001470,2024-11-12,C00624,P046,V003,R05,4,249.9,0.0
S0002922,PED001471,2023-03-26,C00532,P035,V020,R04,1,499.9,0.0
S0002923,PED001472,2023-10-15,C00658,P002,V005,R04,1,499.9,0.0
S0002924,PED001472,2023-10-15,C00658,P022,V005,R04,3,499.9,0.05
S0002925,PED001472,2023-10-15,C00658,P001,V005,R04,4,49.9,0.1
S0002926,PED001473,2023-03-20,C00690,P034,V008,R04,2,499.9,0.0
S0002927,PED001473,2023-03-20,C00690,P016,V008,R04,1,149.9,0.0
S0002928,PED001474,2024-09-18,C00584,P040,V009,R05,3,249.9,0.0
S0002929,PED001474,2024-09-18,C00584,P010,V009,R05,4,249.9,0.2
S0002930,PED001475,2023-07-16,C00625,P019,V006,R05,2,149.9,0.1
S0002931,PED001476,2024-11-15,C00607,P004,V009,R05,4,499.9,0.1
S0002932,PED001477,2025-06-04,C00459,P056,V010,R03,2,149.9,0.15
S0002933,PED001477,2025-06-04,C00459,P047,V010,R03,3,149.9,0.1
S0002934,PED001478,2025-07-10,C00604,P023,V007,R02,4,899.9,0.05
S0002935,PED001478,2025-07-10,C00604,P025,V007,R02,3,149.9,0.15
S0002936,PED001479,2023-12-11,C00650,P030,V006,R04,3,499.9,0.0
S0002937,PED001479,2023-12-11,C00650,P048,V006,R04,1,149.9,0.0
S0002938,PED001479,2023-12-11,C00650,P019,V006,R04,1,149.9,0.0
S0002939,PED001480,2024-09-18,C00483,P047,V002,R04,4,149.9,0.0
S0002940,PED001481,2024-10-03,C00536,P013,V017,R05,2,899.9,0.0
S0002941,PED001481,2024-10-03,C00536,P035,V017,R05,4,499.9,0.05
S0002942,PED001482,2024-06-21,C00624,P027,V007,R05,2,249.9,0.0
S0002943,PED001483,2024-12-21,C00553,P001,V010,R05,2,49.9,0.0
S0002944,PED001484,2023-09-12,C00646,P034,V011,R01,1,499.9,0.15
S0002945,PED001485,2025-12-13,C00651,P020,V017,R03,2,49.9,0.1
S0002946,PED001485,2025-12-13,C00651,P031,V017,R03,3,149.9,0.05
S0002947,PED001486,2023-05-04,C00537,P016,V005,R02,3,149.9,0.1
S0002948,PED001486,2023-05-04,C00537,P051,V005,R02,4,899.9,0.2
S0002949,PED001486,2023-05-04,C00537,P030,V005,R02,1,499.9,0.15
S0002950,PED001487,2025-07-18,C00606,P044,V020,R01,1,499.9,0.1
S0002951,PED001487,2025-07-18,C00606,P053,V020,R01,3,49.9,0.05
S0002952,PED001488,2024-11-03,C00462,P038,V017,R04,4,499.9,0.05
S0002953,PED001489,2023-10-19,C00482,P030,V018,R03,4,499.9,0.1
S0002954,PED001489,2023-10-19,C00482,P020,V018,R03,4,49.9,0.05
S0002955,PED001489,2023-10-19,C00482,P045,V018,R03,2,49.9,0.1
S0002956,PED001490,2025-04-11,C00581,P013,V015,R02,2,899.9,0.0
S0002957,PED001490,2025-04-11,C00581,P048,V015,R02,4,149.9,0.05
S0002958,PED001490,2025-04-11,C00581,P053,V015,R02,4,49.9,0.0
S0002959,PED001491,2023-04-18,C00608,P005,V016,R04,1,499.9,0.0
S0002960,PED001491,2023-04-18,C00608,P053,V016,R04,1,49.9,0.05
S0002961,PED001491,2023-04-18,C00608,P023,V016,R04,2,899.9,0.05
S0002962,PED001492,2025-05-15,C00588,P025,V007,R05,2,149.9,0.0
S0002963,PED001492,2025-05-15,C00588,P029,V007,R05,3,249.9,0.2
S0002964,PED001492,2025-05-15,C00588,P051,V007,R05,4,899.9,0.0
S0002965,PED001493,2024-10-30,C00607,P050,V001,R05,3,899.9,0.0
S0002966,PED001493,2024-10-30,C00607,P003,V001,R05,3,49.9,0.1
S0002967,PED001494,2023-05-19,C00078,P016,V002,R01,4,149.9,0.05
S0002968,PED001494,2023-05-19,C00078,P010,V002,R01,3,249.9,0.15
S0002969,PED001494,2023-05-19,C00078,P056,V002,R01,2,149.9,0.15
S0002970,PED001495,2023-04-11,C00525,P002,V005,R01,1,499.9,0.1
S0002971,PED001495,2023-04-11,C00525,P019,V005,R01,1,149.9,0.05
S0002972,PED001496,2025-04-17,C00525,P024,V006,R01,4,149.9,0.2
S0002973,PED001496,2025-04-17,C00525,P023,V006,R01,4,899.9,0.15
S0002974,PED001496,2025-04-17,C00525,P008,V006,R01,3,149.9,0.1
S0002975,PED001497,2023-11-27,C00626,P032,V010,R02,1,499.9,0.2
S0002976,PED001497,2023-11-27,C00626,P004,V010,R02,4,499.9,0.0
S0002977,PED001498,2025-09-26,C00502,P023,V011,R04,4,899.9,0.1
S0002978,PED001499,2025-05-01,C00641,P050,V017,R03,2,899.9,0.15
S0002979,PED001499,2025-05-01,C00641,P021,V017,R03,3,899.9,0.0
S0002980,PED001500,2025-02-10,C00473,P037,V005,R03,1,149.9,0.1
S0002981,PED001501,2023-11-16,C00638,P002,V006,R04,1,499.9,0.05
S0002982,PED001502,2025-02-25,C00586,P054,V004,R02,4,249.9,0.15
S0002983,PED001502,2025-02-25,C00586,P039,V004,R02,2,249.9,0.1
S0002984,PED001503,2025-11-18,C00504,P042,V012,R03,2,499.9,0.05
S0002985,PED001503,2025-11-18,C00504,P026,V012,R03,1,49.9,0.15
S0002986,PED001503,2025-11-18,C00504,P019,V012,R03,3,149.9,0.0
S0002987,PED001504,2023-04-26,C00490,P042,V013,R03,2,499.9,0.0
S0002988,PED001504,2023-04-26,C00490,P038,V013,R03,2,499.9,0.15
S0002989,PED001504,2023-04-26,C00490,P022,V013,R03,2,499.9,0.15
S0002990,PED001505,2023-12-25,C00586,P058,V004,R02,3,49.9,0.1
S0002991,PED001506,2023-10-09,C00464,P039,V016,R04,4,249.9,0.0
S0002992,PED001506,2023-10-09,C00464,P040,V016,R04,1,249.9,0.0
S0002993,PED001507,2024-03-18,C00488,P013,V015,R04,3,899.9,0.1
S0002994,PED001508,2025-04-06,C00612,P017,V006,R05,2,499.9,0.0
S0002995,PED001508,2025-04-06,C00612,P037,V006,R05,1,149.9,0.1
S0002996,PED001509,2024-06-22,C00459,P010,V012,R03,1,249.9,0.0
S0002997,PED001509,2024-06-22,C00459,P040,V012,R03,3,249.9,0.0
S0002998,PED001509,2024-06-22,C00459,P047,V012,R03,1,149.9,0.0
S0002999,PED001510,2024-10-11,C00462,P015,V015,R04,4,499.9,0.05
S0003000,PED001510,2024-10-11,C00462,P043,V015,R04,2,49.9,0.15
S0003001,PED001511,2023-12-15,C00550,P025,V009,R01,1,149.9,0.15
S0003002,PED001511,2023-12-15,C00550,P022,V009,R01,2,499.9,0.2
S0003003,PED001511,2023-12-15,C00550,P040,V009,R01,3,249.9,0.0
S0003004,PED001512,2023-06-23,C00471,P032,V005,R01,2,499.9,0.0
S0003005,PED001512,2023-06-23,C00471,P010,V005,R01,1,249.9,0.0
S0003006,PED001513,2023-11-08,C00546,P016,V005,R04,2,149.9,0.0
S0003007,PED001513,2023-11-08,C00546,P007,V005,R04,2,899.9,0.1
S0003008,PED001513,2023-11-08,C00546,P002,V005,R04,1,499.9,0.1
S0003009,PED001514,2025-08-24,C00604,P040,V016,R02,1,249.9,0.0
S0003010,PED001514,2025-08-24,C00604,P051,V016,R02,2,899.9,0.0
S0003011,PED001515,2024-11-09,C00474,P026,V004,R04,4,49.9,0.05
S0003012,PED001515,2024-11-09,C00474,P006,V004,R04,1,499.9,0.15
S0003013,PED001515,2024-11-09,C00474,P049,V004,R04,1,899.9,0.1
S0003014,PED001516,2024-02-28,C00526,P032,V010,R05,2,499.9,0.0
S0003015,PED001517,2025-06-03,C00663,P030,V024,R01,4,499.9,0.2
S0003016,PED001517,2025-06-03,C00663,P033,V024,R01,2,89.9,0.0
S0003017,PED001518,2023-03-24,C00598,P009,V017,R01,1,499.9,0.05
S0003018,PED001519,2023-10-28,C00626,P010,V006,R02,3,249.9,0.05
S0003019,PED001519,2023-10-28,C00626,P039,V006,R02,1,249.9,0.0
S0003020,PED001519,2023-10-28,C00626,P007,V006,R02,1,899.9,0.2
S0003021,PED001520,2023-10-04,C00534,P028,V016,R03,4,499.9,0.15
S0003022,PED001520,2023-10-04,C00534,P017,V016,R03,4,499.9,0.1
S0003023,PED001521,2025-12-19,C00519,P008,V005,R03,1,149.9,0.0
S0003024,PED001521,2025-12-19,C00519,P011,V005,R03,4,149.9,0.0
S0003025,PED001522,2025-02-21,C00498,P048,V005,R01,2,149.9,0.1
S0003026,PED001522,2025-02-21,C00498,P055,V005,R01,2,149.9,0.2
S0003027,PED001522,2025-02-21,C00498,P009,V005,R01,4,499.9,0.05
S0003028,PED001523,2024-11-20,C00530,P039,V014,R02,4,249.9,0.15
S0003029,PED001523,2024-11-20,C00530,P005,V014,R02,2,499.9,0.1
S0003030,PED001524,2023-01-07,C00697,P032,V003,R02,4,499.9,0.0
S0003031,PED001525,2023-08-14,C00578,P060,V007,R04,2,149.9,0.1
S0003032,PED001525,2023-08-14,C00578,P008,V007,R04,3,149.9,0.15
S0003033,PED001526,2024-12-04,C00534,P056,V024,R03,1,149.9,0.0
S0003034,PED001526,2024-12-04,C00534,P045,V024,R03,2,49.9,0.0
S0003035,PED001527,2024-03-02,C00518,P019,V014,R02,2,149.9,0.0
S0003036,PED001527,2024-03-02,C00518,P004,V014,R02,1,499.9,0.05
S0003037,PED001527,2024-03-02,C00518,P039,V014,R02,2,249.9,0.05
S0003038,PED001528,2025-11-01,C00585,P040,V021,R04,3,249.9,0.1
S0003039,PED001528,2025-11-01,C00585,P013,V021,R04,4,899.9,0.1
S0003040,PED001528,2025-11-01,C00585,P006,V021,R04,1,499.9,0.15
S0003041,PED001529,2025-05-04,C00578,P019,V006,R04,4,149.9,0.0
S0003042,PED001530,2024-05-22,C00468,P059,V009,R02,3,499.9,0.0
S0003043,PED001530,2024-05-22,C00468,P013,V009,R02,4,899.9,0.05
S0003044,PED001530,2024-05-22,C00468,P034,V009,R02,2,499.9,0.1
S0003045,PED001531,2025-04-15,C00632,P005,V016,R05,4,499.9,0.05
S0003046,PED001532,2025-12-10,C00458,P003,V006,R05,4,49.9,0.0
S0003047,PED001532,2025-12-10,C00458,P007,V006,R05,4,899.9,0.2
S0003048,PED001532,2025-12-10,C00458,P039,V006,R05,3,249.9,0.05
S0003049,PED001533,2024-06-07,C00633,P037,V011,R05,4,149.9,0.1
S0003050,PED001533,2024-06-07,C00633,P008,V011,R05,3,149.9,0.1
S0003051,PED001534,2024-12-10,C00662,P010,V013,R02,1,249.9,0.15
S0003052,PED001534,2024-12-10,C00662,P042,V013,R02,1,499.9,0.1
S0003053,PED001535,2025-10-26,C00545,P019,V023,R01,1,149.9,0.0
S0003054,PED001536,2023-10-23,C00620,P028,V008,R01,2,499.9,0.2
S0003055,PED001536,2023-10-23,C00620,P019,V008,R01,3,149.9,0.0
S0003056,PED001537,2025-09-23,C00676,P012,V015,R05,3,89.9,0.1
S0003057,PED001538,2023-05-04,C00564,P032,V015,R03,3,499.9,0.05
S0003058,PED001538,2023-05-04,C00564,P042,V015,R03,1,499.9,0.1
S0003059,PED001538,2023-05-04,C00564,P060,V015,R03,3,149.9,0.05
S0003060,PED001539,2024-12-15,C00467,P008,V014,R01,2,149.9,0.1
S0003061,PED001540,2025-05-25,C00575,P006,V002,R03,4,499.9,0.05
S0003062,PED001540,2025-05-25,C00575,P042,V002,R03,4,499.9,0.0
S0003063,PED001541,2024-11-18,C00443,P010,V002,R05,4,249.9,0.0
S0003064,PED001541,2024-11-18,C00443,P051,V002,R05,3,899.9,0.15
S0003065,PED001541,2024-11-18,C00443,P039,V002,R05,3,249.9,0.15
S0003066,PED001542,2024-07-18,C00506,P033,V013,R04,1,89.9,0.05
S0003067,PED001542,2024-07-18,C00506,P032,V013,R04,2,499.9,0.15
S0003068,PED001543,2024-11-20,C00687,P013,V010,R03,4,899.9,0.0
S0003069,PED001544,2023-07-06,C00481,P010,V009,R03,4,249.9,0.0
S0003070,PED001545,2023-09-18,C00600,P005,V006,R05,3,499.9,0.0
S0003071,PED001545,2023-09-18,C00600,P015,V006,R05,2,499.9,0.1
S0003072,PED001546,2023-11-10,C00654,P002,V010,R05,3,499.9,0.0
S0003073,PED001546,2023-11-10,C00654,P019,V010,R05,1,149.9,0.05
S0003074,PED001547,2024-11-05,C00609,P025,V018,R05,2,149.9,0.2
S0003075,PED001547,2024-11-05,C00609,P017,V018,R05,2,499.9,0.0
S0003076,PED001548,2024-05-16,C00621,P060,V001,R05,1,149.9,0.0
S0003077,PED001548,2024-05-16,C00621,P050,V001,R05,4,899.9,0.1
S0003078,PED001549,2023-10-19,C00656,P001,V006,R01,1,49.9,0.05
S0003079,PED001550,2025-09-19,C00496,P031,V007,R01,1,149.9,0.0
S0003080,PED001550,2025-09-19,C00496,P036,V007,R01,3,49.9,0.0
S0003081,PED001551,2024-02-23,C00563,P017,V020,R01,1,499.9,0.0
S0003082,PED001552,2024-05-21,C00473,P010,V005,R03,2,249.9,0.1
S0003083,PED001553,2024-04-07,C00594,P028,V007,R04,4,499.9,0.0
S0003084,PED001554,2023-08-11,C00555,P005,V018,R01,4,499.9,0.1
S0003085,PED001554,2023-08-11,C00555,P032,V018,R01,2,499.9,0.0
S0003086,PED001554,2023-08-11,C00555,P030,V018,R01,1,499.9,0.0
S0003087,PED001555,2025-03-24,C00566,P047,V002,R05,2,149.9,0.0
S0003088,PED001555,2025-03-24,C00566,P015,V002,R05,4,499.9,0.05
S0003089,PED001556,2024-05-24,C00463,P043,V018,R05,4,49.9,0.0
S0003090,PED001557,2023-01-21,C00550,P057,V004,R01,3,149.9,0.05
S0003091,PED001557,2023-01-21,C00550,P013,V004,R01,2,899.9,0.0
S0003092,PED001558,2025-11-30,C00512,P003,V007,R05,4,49.9,0.0
S0003093,PED001558,2025-11-30,C00512,P010,V007,R05,3,249.9,0.2
S0003094,PED001559,2025-07-02,C00042,P051,V015,R03,4,899.9,0.05
S0003095,PED001560,2025-03-15,C00576,P023,V012,R05,3,899.9,0.05
S0003096,PED001560,2025-03-15,C00576,P033,V012,R05,3,89.9,0.1
S0003097,PED001560,2025-03-15,C00576,P034,V012,R05,2,499.9,0.05
S0003098,PED001561,2025-09-04,C00611,P024,V011,R01,3,149.9,0.1
S0003099,PED001562,2025-10-14,C00573,P014,V017,R01,2,499.9,0.0
S0003100,PED001562,2025-10-14,C00573,P015,V017,R01,1,499.9,0.0
S0003101,PED001563,2024-01-06,C00656,P011,V017,R01,4,149.9,0.1
S0003102,PED001563,2024-01-06,C00656,P047,V017,R01,1,149.9,0.1
S0003103,PED001563,2024-01-06,C00656,P016,V017,R01,2,149.9,0.0
S0003104,PED001564,2024-11-15,C00593,P034,V002,R01,2,499.9,0.1
S0003105,PED001564,2024-11-15,C00593,P051,V002,R01,2,899.9,0.1
S0003106,PED001564,2024-11-15,C00593,P030,V002,R01,1,499.9,0.1
S0003107,PED001565,2024-11-14,C00627,P003,V008,R02,2,49.9,0.0
S0003108,PED001566,2023-11-08,C00655,P041,V001,R03,3,149.9,0.0
S0003109,PED001567,2023-09-25,C00523,P027,V022,R05,4,249.9,0.0
S0003110,PED001567,2023-09-25,C00523,P058,V022,R05,3,49.9,0.05
S0003111,PED001567,2023-09-25,C00523,P048,V022,R05,4,149.9,0.0
S0003112,PED001568,2023-05-23,C00574,P059,V004,R02,3,499.9,0.0
S0003113,PED001568,2023-05-23,C00574,P020,V004,R02,3,49.9,0.0
S0003114,PED001568,2023-05-23,C00574,P026,V004,R02,4,49.9,0.05
S0003115,PED001569,2024-12-25,C00615,P053,V012,R05,1,49.9,0.1
S0003116,PED001569,2024-12-25,C00615,P057,V012,R05,1,149.9,0.0
S0003117,PED001569,2024-12-25,C00615,P021,V012,R05,4,899.9,0.0
S0003118,PED001570,2025-05-23,C00587,P033,V015,R04,3,89.9,0.1
S0003119,PED001570,2025-05-23,C00587,P026,V015,R04,2,49.9,0.0
S0003120,PED001571,2025-04-29,C00460,P018,V005,R03,3,499.9,0.1
S0003121,PED001572,2023-12-17,C00610,P028,V008,R01,2,499.9,0.0
S0003122,PED001572,2023-12-17,C00610,P013,V008,R01,4,899.9,0.1
S0003123,PED001572,2023-12-17,C00610,P021,V008,R01,2,899.9,0.0
S0003124,PED001573,2023-09-07,C00648,P039,V014,R03,2,249.9,0.15
S0003125,PED001574,2024-05-30,C00632,P029,V018,R05,1,249.9,0.05
S0003126,PED001574,2024-05-30,C00632,P015,V018,R05,2,499.9,0.1
S0003127,PED001575,2024-09-16,C00535,P008,V008,R05,2,149.9,0.0
S0003128,PED001576,2025-10-26,C00625,P038,V009,R05,4,499.9,0.0
S0003129,PED001576,2025-10-26,C00625,P060,V009,R05,4,149.9,0.1
S0003130,PED001576,2025-10-26,C00625,P032,V009,R05,3,499.9,0.05
S0003131,PED001577,2025-09-10,C00621,P001,V010,R05,3,49.9,0.0
S0003132,PED001577,2025-09-10,C00621,P011,V010,R05,4,149.9,0.15
S0003133,PED001578,2025-10-23,C00658,P003,V004,R04,2,49.9,0.05
S0003134,PED001578,2025-10-23,C00658,P039,V004,R04,4,249.9,0.0
S0003135,PED001579,2025-08-13,C00485,P043,V009,R04,3,49.9,0.1
S0003136,PED001579,2025-08-13,C00485,P008,V009,R04,3,149.9,0.0
S0003137,PED001579,2025-08-13,C00485,P049,V009,R04,3,899.9,0.15
S0003138,PED001580,2025-12-01,C00540,P017,V011,R03,2,499.9,0.0
S0003139,PED001580,2025-12-01,C00540,P013,V011,R03,3,899.9,0.0
S0003140,PED001581,2024-06-12,C00501,P032,V010,R03,3,499.9,0.05
S0003141,PED001582,2023-03-04,C00529,P019,V003,R04,4,149.9,0.15
S0003142,PED001582,2023-03-04,C00529,P032,V003,R04,2,499.9,0.1
S0003143,PED001582,2023-03-04,C00529,P037,V003,R04,4,149.9,0.1
S0003144,PED001583,2023-04-16,C00494,P053,V008,R05,1,49.9,0.15
S0003145,PED001583,2023-04-16,C00494,P049,V008,R05,4,899.9,0.1
S0003146,PED001583,2023-04-16,C00494,P043,V008,R05,3,49.9,0.05
S0003147,PED001584,2024-03-14,C00699,P039,V013,R03,1,249.9,0.05
S0003148,PED001585,2023-11-01,C00652,P020,V024,R04,1,49.9,0.0
S0003149,PED001585,2023-11-01,C00652,P006,V024,R04,3,499.9,0.0
S0003150,PED001586,2023-07-28,C00611,P013,V013,R01,4,899.9,0.0
S0003151,PED001587,2025-11-22,C00658,P017,V010,R04,3,499.9,0.05
S0003152,PED001588,2023-08-27,C00598,P014,V015,R01,4,499.9,0.05
S0003153,PED001589,2025-11-27,C00473,P042,V018,R03,1,499.9,0.0
S0003154,PED001590,2025-04-29,C00474,P002,V002,R04,1,499.9,0.1
S0003155,PED001590,2025-04-29,C00474,P041,V002,R04,2,149.9,0.1
S0003156,PED001591,2024-12-09,C00696,P052,V008,R01,1,89.9,0.1
S0003157,PED001591,2024-12-09,C00696,P047,V008,R01,4,149.9,0.05
S0003158,PED001591,2024-12-09,C00696,P015,V008,R01,2,499.9,0.0
S0003159,PED001592,2025-01-12,C00698,P035,V024,R05,4,499.9,0.15
S0003160,PED001593,2023-12-30,C00036,P056,V004,R05,4,149.9,0.0
S0003161,PED001593,2023-12-30,C00036,P023,V004,R05,2,899.9,0.0
S0003162,PED001593,2023-12-30,C00036,P037,V004,R05,3,149.9,0.0
S0003163,PED001594,2024-12-14,C00677,P031,V006,R03,4,149.9,0.0
S0003164,PED001594,2024-12-14,C00677,P049,V006,R03,1,899.9,0.05
S0003165,PED001595,2023-08-16,C00478,P057,V015,R03,3,149.9,0.15
S0003166,PED001595,2023-08-16,C00478,P010,V015,R03,4,249.9,0.05
S0003167,PED001595,2023-08-16,C00478,P022,V015,R03,3,499.9,0.15
S0003168,PED001596,2025-11-11,C00534,P006,V007,R03,1,499.9,0.0
S0003169,PED001596,2025-11-11,C00534,P043,V007,R03,1,49.9,0.05
S0003170,PED001596,2025-11-11,C00534,P045,V007,R03,2,49.9,0.0
S0003171,PED001597,2023-12-04,C00687,P046,V019,R03,2,249.9,0.1
S0003172,PED001597,2023-12-04,C00687,P038,V019,R03,3,499.9,0.0
S0003173,PED001597,2023-12-04,C00687,P013,V019,R03,3,899.9,0.0
S0003174,PED001598,2023-10-29,C00632,P037,V019,R05,3,149.9,0.1
S0003175,PED001598,2023-10-29,C00632,P013,V019,R05,2,899.9,0.0
S0003176,PED001598,2023-10-29,C00632,P035,V019,R05,2,499.9,0.05
S0003177,PED001599,2025-02-28,C00662,P047,V016,R02,1,149.9,0.0
S0003178,PED001599,2025-02-28,C00662,P011,V016,R02,3,149.9,0.05
S0003179,PED001599,2025-02-28,C00662,P044,V016,R02,3,499.9,0.1
S0003180,PED001600,2024-12-22,C00572,P006,V024,R03,1,499.9,0.0
S0003181,PED001601,2024-05-27,C00655,P003,V011,R03,4,49.9,0.15
S0003182,PED001601,2024-05-27,C00655,P039,V011,R03,2,249.9,0.2
S0003183,PED001601,2024-05-27,C00655,P019,V011,R03,2,149.9,0.05
S0003184,PED001602,2024-12-02,C00419,P015,V024,R03,3,499.9,0.0
S0003185,PED001602,2024-12-02,C00419,P041,V024,R03,3,149.9,0.15
S0003186,PED001602,2024-12-02,C00419,P022,V024,R03,2,499.9,0.1
S0003187,PED001603,2023-07-15,C00544,P019,V004,R05,4,149.9,0.0
S0003188,PED001604,2025-01-09,C00534,P033,V003,R03,1,89.9,0.0
S0003189,PED001604,2025-01-09,C00534,P011,V003,R03,2,149.9,0.15
S0003190,PED001605,2023-11-10,C00662,P022,V013,R02,1,499.9,0.15
S0003191,PED001605,2023-11-10,C00662,P036,V013,R02,1,49.9,0.0
S0003192,PED001606,2023-11-12,C00511,P003,V001,R04,2,49.9,0.1
S0003193,PED001606,2023-11-12,C00511,P007,V001,R04,1,899.9,0.0
S0003194,PED001607,2023-07-18,C00623,P034,V014,R05,1,499.9,0.15
S0003195,PED001607,2023-07-18,C00623,P049,V014,R05,1,899.9,0.1
S0003196,PED001608,2023-12-31,C00571,P020,V012,R02,2,49.9,0.1
S0003197,PED001608,2023-12-31,C00571,P008,V012,R02,2,149.9,0.0
S0003198,PED001608,2023-12-31,C00571,P035,V012,R02,1,499.9,0.15
S0003199,PED001609,2023-12-30,C00616,P055,V010,R01,3,149.9,0.1
S0003200,PED001609,2023-12-30,C00616,P009,V010,R01,1,499.9,0.0
S0003201,PED001609,2023-12-30,C00616,P030,V010,R01,2,499.9,0.15
S0003202,PED001610,2024-05-31,C00639,P018,V002,R05,1,499.9,0.0
S0003203,PED001610,2024-05-31,C00639,P041,V002,R05,3,149.9,0.05
S0003204,PED001610,2024-05-31,C00639,P020,V002,R05,2,49.9,0.1
S0003205,PED001611,2023-08-21,C00506,P035,V020,R04,2,499.9,0.05
S0003206,PED001611,2023-08-21,C00506,P034,V020,R04,3,499.9,0.1
S0003207,PED001611,2023-08-21,C00506,P039,V020,R04,1,249.9,0.05
S0003208,PED001612,2023-08-24,C00697,P004,V013,R02,2,499.9,0.0
S0003209,PED001613,2024-09-10,C00518,P010,V004,R02,1,249.9,0.0
S0003210,PED001613,2024-09-10,C00518,P003,V004,R02,3,49.9,0.05
S0003211,PED001614,2023-06-09,C00631,P035,V007,R04,3,499.9,0.0
S0003212,PED001614,2023-06-09,C00631,P021,V007,R04,3,899.9,0.05
S0003213,PED001614,2023-06-09,C00631,P002,V007,R04,3,499.9,0.05
S0003214,PED001615,2025-01-29,C00499,P013,V004,R04,2,899.9,0.0
S0003215,PED001616,2025-11-15,C00461,P003,V008,R03,3,49.9,0.05
S0003216,PED001616,2025-11-15,C00461,P033,V008,R03,4,89.9,0.2
S0003217,PED001616,2025-11-15,C00461,P025,V008,R03,4,149.9,0.1
S0003218,PED001617,2024-04-28,C00518,P016,V009,R02,3,149.9,0.2
S0003219,PED001618,2025-10-08,C00694,P014,V017,R03,2,499.9,0.0
S0003220,PED001618,2025-10-08,C00694,P023,V017,R03,3,899.9,0.0
S0003221,PED001618,2025-10-08,C00694,P009,V017,R03,3,499.9,0.15
S0003222,PED001619,2023-05-05,C00474,P014,V002,R04,3,499.9,0.05
S0003223,PED001620,2023-02-26,C00479,P036,V004,R01,3,49.9,0.0
S0003224,PED001621,2025-03-12,C00484,P013,V004,R03,2,899.9,0.0
S0003225,PED001622,2025-04-30,C00028,P019,V015,R01,2,149.9,0.05
S0003226,PED001622,2025-04-30,C00028,P008,V015,R01,1,149.9,0.0
S0003227,PED001623,2025-08-04,C00697,P002,V011,R02,4,499.9,0.0
S0003228,PED001623,2025-08-04,C00697,P017,V011,R02,1,499.9,0.05
S0003229,PED001623,2025-08-04,C00697,P018,V011,R02,2,499.9,0.05
S0003230,PED001624,2023-03-15,C00671,P020,V014,R01,1,49.9,0.05
S0003231,PED001624,2023-03-15,C00671,P038,V014,R01,1,499.9,0.0
S0003232,PED001624,2023-03-15,C00671,P031,V014,R01,2,149.9,0.05
S0003233,PED001625,2025-05-18,C00485,P009,V011,R04,1,499.9,0.0
S0003234,PED001625,2025-05-18,C00485,P003,V011,R04,2,49.9,0.15
S0003235,PED001625,2025-05-18,C00485,P026,V011,R04,4,49.9,0.2
S0003236,PED001626,2024-02-27,C00678,P048,V005,R04,2,149.9,0.1
S0003237,PED001626,2024-02-27,C00678,P033,V005,R04,3,89.9,0.1
S0003238,PED001626,2024-02-27,C00678,P013,V005,R04,3,899.9,0.2
S0003239,PED001627,2023-12-06,C00577,P007,V024,R04,3,899.9,0.05
S0003240,PED001627,2023-12-06,C00577,P029,V024,R04,2,249.9,0.05
S0003241,PED001627,2023-12-06,C00577,P031,V024,R04,2,149.9,0.05
S0003242,PED001628,2023-07-31,C00690,P017,V022,R04,4,499.9,0.05
S0003243,PED001628,2023-07-31,C00690,P026,V022,R04,4,49.9,0.0
S0003244,PED001629,2025-12-28,C00655,P036,V015,R03,3,49.9,0.2
S0003245,PED001629,2025-12-28,C00655,P022,V015,R03,4,499.9,0.1
S0003246,PED001630,2023-03-23,C00599,P051,V022,R04,2,899.9,0.05
S0003247,PED001630,2023-03-23,C00599,P053,V022,R04,2,49.9,0.0
S0003248,PED001631,2025-07-16,C00683,P036,V010,R04,2,49.9,0.1
S0003249,PED001632,2024-12-08,C00675,P009,V017,R02,4,499.9,0.0
S0003250,PED001632,2024-12-08,C00675,P006,V017,R02,3,499.9,0.15
S0003251,PED001633,2025-03-29,C00627,P027,V020,R02,2,249.9,0.1
S0003252,PED001634,2025-02-28,C00465,P057,V020,R05,3,149.9,0.0
S0003253,PED001634,2025-02-28,C00465,P024,V020,R05,4,149.9,0.1
S0003254,PED001635,2025-08-22,C00652,P005,V024,R04,1,499.9,0.15
S0003255,PED001635,2025-08-22,C00652,P019,V024,R04,3,149.9,0.1
S0003256,PED001636,2023-08-13,C00401,P032,V005,R03,4,499.9,0.1
S0003257,PED001636,2023-08-13,C00401,P049,V005,R03,4,899.9,0.2
S0003258,PED001637,2023-01-02,C00591,P058,V009,R04,2,49.9,0.1
S0003259,PED001638,2024-11-06,C00646,P002,V006,R01,1,499.9,0.0
S0003260,PED001639,2024-01-27,C00147,P046,V002,R05,3,249.9,0.05
S0003261,PED001639,2024-01-27,C00147,P019,V002,R05,4,149.9,0.0
S0003262,PED001639,2024-01-27,C00147,P027,V002,R05,2,249.9,0.1
S0003263,PED001640,2023-06-03,C00698,P025,V004,R05,2,149.9,0.15
S0003264,PED001640,2023-06-03,C00698,P016,V004,R05,2,149.9,0.0
S0003265,PED001640,2023-06-03,C00698,P002,V004,R05,4,499.9,0.15
S0003266,PED001641,2023-08-16,C00466,P053,V008,R05,4,49.9,0.05
S0003267,PED001642,2023-12-30,C00618,P006,V008,R01,3,499.9,0.0
S0003268,PED001642,2023-12-30,C00618,P008,V008,R01,2,149.9,0.1
S0003269,PED001642,2023-12-30,C00618,P010,V008,R01,2,249.9,0.05
S0003270,PED001643,2023-03-31,C00564,P012,V003,R03,1,89.9,0.1
S0003271,PED001644,2023-03-15,C00610,P027,V008,R01,2,249.9,0.1
S0003272,PED001644,2023-03-15,C00610,P020,V008,R01,2,49.9,0.0
S0003273,PED001644,2023-03-15,C00610,P049,V008,R01,2,899.9,0.05
S0003274,PED001645,2025-10-23,C00522,P027,V002,R01,4,249.9,0.0
S0003275,PED001645,2025-10-23,C00522,P007,V002,R01,4,899.9,0.15
S0003276,PED001646,2023-12-13,C00684,P005,V010,R01,1,499.9,0.1
S0003277,PED001646,2023-12-13,C00684,P034,V010,R01,3,499.9,0.0
S0003278,PED001646,2023-12-13,C00684,P038,V010,R01,2,499.9,0.1
S0003279,PED001647,2025-12-16,C00535,P044,V020,R05,2,499.9,0.05
S0003280,PED001648,2025-12-01,C00630,P005,V011,R01,3,499.9,0.2
S0003281,PED001648,2025-12-01,C00630,P036,V011,R01,1,49.9,0.0
S0003282,PED001649,2023-06-25,C00520,P021,V002,R02,2,899.9,0.0
S0003283,PED001649,2023-06-25,C00520,P031,V002,R02,1,149.9,0.1
S0003284,PED001650,2025-03-04,C00470,P036,V003,R03,2,49.9,0.0
S0003285,PED001651,2024-11-08,C00691,P015,V009,R02,1,499.9,0.15
S0003286,PED001652,2025-01-31,C00549,P006,V015,R03,1,499.9,0.1
S0003287,PED001652,2025-01-31,C00549,P013,V015,R03,1,899.9,0.0
S0003288,PED001652,2025-01-31,C00549,P049,V015,R03,3,899.9,0.15
S0003289,PED001653,2023-05-02,C00460,P018,V018,R03,1,499.9,0.05
S0003290,PED001653,2023-05-02,C00460,P019,V018,R03,2,149.9,0.0
S0003291,PED001654,2023-08-19,C00700,P033,V014,R02,3,89.9,0.0
S0003292,PED001654,2023-08-19,C00700,P020,V014,R02,2,49.9,0.05
S0003293,PED001655,2023-04-08,C00613,P051,V018,R02,3,899.9,0.1
S0003294,PED001656,2024-11-10,C00645,P007,V017,R01,2,899.9,0.15
S0003295,PED001656,2024-11-10,C00645,P050,V017,R01,1,899.9,0.05
S0003296,PED001656,2024-11-10,C00645,P031,V017,R01,3,149.9,0.0
S0003297,PED001657,2025-12-20,C00482,P052,V008,R03,3,89.9,0.05
S0003298,PED001657,2025-12-20,C00482,P043,V008,R03,3,49.9,0.0
S0003299,PED001657,2025-12-20,C00482,P023,V008,R03,1,899.9,0.2
S0003300,PED001658,2025-01-07,C00674,P046,V016,R01,3,249.9,0.0
S0003301,PED001659,2025-02-27,C00489,P001,V023,R03,3,49.9,0.0
S0003302,PED001659,2025-02-27,C00489,P034,V023,R03,2,499.9,0.0
S0003303,PED001660,2025-12-18,C00545,P030,V004,R01,3,499.9,0.1
S0003304,PED001660,2025-12-18,C00545,P019,V004,R01,1,149.9,0.0
S0003305,PED001661,2025-01-15,C00690,P003,V013,R04,3,49.9,0.05
S0003306,PED001661,2025-01-15,C00690,P060,V013,R04,3,149.9,0.05
S0003307,PED001662,2023-02-22,C00694,P001,V013,R03,3,49.9,0.05
S0003308,PED001663,2025-09-01,C00632,P013,V015,R05,3,899.9,0.0
S0003309,PED001664,2024-02-10,C00596,P033,V006,R04,4,89.9,0.0
S0003310,PED001664,2024-02-10,C00596,P015,V006,R04,2,499.9,0.05
S0003311,PED001665,2023-01-06,C00694,P030,V012,R03,2,499.9,0.0
S0003312,PED001665,2023-01-06,C00694,P001,V012,R03,2,49.9,0.0
S0003313,PED001665,2023-01-06,C00694,P015,V012,R03,4,499.9,0.0
S0003314,PED001666,2024-08-01,C00675,P042,V011,R02,3,499.9,0.05
S0003315,PED001666,2024-08-01,C00675,P017,V011,R02,3,499.9,0.2
S0003316,PED001666,2024-08-01,C00675,P012,V011,R02,3,89.9,0.05
S0003317,PED001667,2025-11-10,C00508,P059,V010,R04,1,499.9,0.1
S0003318,PED001668,2023-11-01,C00548,P026,V003,R05,2,49.9,0.1
S0003319,PED001668,2023-11-01,C00548,P009,V003,R05,3,499.9,0.2
S0003320,PED001668,2023-11-01,C00548,P036,V003,R05,1,49.9,0.15
S0003321,PED001669,2024-07-13,C00695,P049,V005,R03,2,899.9,0.0
S0003322,PED001670,2023-08-01,C00604,P036,V023,R02,1,49.9,0.0
S0003323,PED001670,2023-08-01,C00604,P028,V023,R02,3,499.9,0.0
S0003324,PED001671,2023-03-16,C00477,P011,V005,R01,3,149.9,0.0
S0003325,PED001671,2023-03-16,C00477,P005,V005,R01,2,499.9,0.0
S0003326,PED001671,2023-03-16,C00477,P002,V005,R01,2,499.9,0.1
S0003327,PED001672,2023-04-13,C00651,P036,V002,R03,1,49.9,0.0
S0003328,PED001673,2025-03-19,C00572,P017,V009,R03,2,499.9,0.1
S0003329,PED001674,2025-08-29,C00591,P008,V006,R04,1,149.9,0.1
S0003330,PED001674,2025-08-29,C00591,P043,V006,R04,1,49.9,0.05
S0003331,PED001675,2023-06-26,C00679,P016,V006,R03,2,149.9,0.2
S0003332,PED001675,2023-06-26,C00679,P027,V006,R03,4,249.9,0.15
S0003333,PED001676,2023-11-24,C00645,P005,V004,R01,2,499.9,0.2
S0003334,PED001677,2023-08-26,C00543,P041,V010,R04,3,149.9,0.1
S0003335,PED001677,2023-08-26,C00543,P021,V010,R04,4,899.9,0.1
S0003336,PED001678,2023-02-04,C00698,P055,V013,R05,3,149.9,0.05
S0003337,PED001679,2024-09-23,C00540,P031,V007,R03,4,149.9,0.1
S0003338,PED001679,2024-09-23,C00540,P026,V007,R03,2,49.9,0.05
S0003339,PED001680,2025-02-12,C00579,P045,V004,R03,4,49.9,0.0
S0003340,PED001680,2025-02-12,C00579,P032,V004,R03,4,499.9,0.2
S0003341,PED001681,2024-12-15,C00359,P056,V007,R04,2,149.9,0.05
S0003342,PED001681,2024-12-15,C00359,P031,V007,R04,3,149.9,0.0
S0003343,PED001681,2024-12-15,C00359,P053,V007,R04,1,49.9,0.15
S0003344,PED001682,2024-03-12,C00655,P007,V010,R03,3,899.9,0.0
S0003345,PED001683,2024-09-25,C00314,P014,V019,R01,4,499.9,0.0
S0003346,PED001683,2024-09-25,C00314,P007,V019,R01,1,899.9,0.05
S0003347,PED001683,2024-09-25,C00314,P001,V019,R01,4,49.9,0.0
S0003348,PED001684,2023-04-29,C00661,P016,V017,R01,4,149.9,0.05
S0003349,PED001684,2023-04-29,C00661,P049,V017,R01,4,899.9,0.15
S0003350,PED001685,2023-07-09,C00609,P060,V003,R05,4,149.9,0.15
S0003351,PED001686,2025-11-06,C00561,P017,V004,R03,4,499.9,0.15
S0003352,PED001686,2025-11-06,C00561,P047,V004,R03,4,149.9,0.0
S0003353,PED001687,2025-04-30,C00697,P014,V013,R02,2,499.9,0.05
S0003354,PED001687,2025-04-30,C00697,P024,V013,R02,3,149.9,0.1
S0003355,PED001687,2025-04-30,C00697,P035,V013,R02,1,499.9,0.2
S0003356,PED001688,2025-10-30,C00519,P046,V007,R03,4,249.9,0.1
S0003357,PED001688,2025-10-30,C00519,P011,V007,R03,2,149.9,0.1
S0003358,PED001689,2025-10-24,C00645,P028,V001,R01,3,499.9,0.0
S0003359,PED001689,2025-10-24,C00645,P039,V001,R01,1,249.9,0.1
S0003360,PED001689,2025-10-24,C00645,P029,V001,R01,4,249.9,0.2
S0003361,PED001690,2024-12-16,C00611,P043,V008,R01,4,49.9,0.15
S0003362,PED001690,2024-12-16,C00611,P002,V008,R01,4,499.9,0.0
S0003363,PED001691,2025-11-03,C00673,P039,V006,R01,4,249.9,0.15
S0003364,PED001691,2025-11-03,C00673,P028,V006,R01,1,499.9,0.0
S0003365,PED001691,2025-11-03,C00673,P019,V006,R01,3,149.9,0.05
S0003366,PED001692,2024-04-16,C00663,P044,V002,R01,4,499.9,0.0
S0003367,PED001693,2023-01-05,C00471,P007,V006,R01,2,899.9,0.1
S0003368,PED001693,2023-01-05,C00471,P054,V006,R01,2,249.9,0.0
S0003369,PED001694,2023-03-22,C00607,P035,V003,R05,3,499.9,0.2
S0003370,PED001694,2023-03-22,C00607,P009,V003,R05,2,499.9,0.05
S0003371,PED001695,2023-05-18,C00628,P014,V018,R05,1,499.9,0.1
S0003372,PED001695,2023-05-18,C00628,P049,V018,R05,4,899.9,0.0
S0003373,PED001695,2023-05-18,C00628,P042,V018,R05,3,499.9,0.05
S0003374,PED001696,2023-05-01,C00652,P023,V001,R04,1,899.9,0.0
S0003375,PED001696,2023-05-01,C00652,P001,V001,R04,1,49.9,0.0
S0003376,PED001697,2024-01-24,C00606,P054,V020,R01,4,249.9,0.0
S0003377,PED001698,2025-02-14,C00476,P007,V019,R01,2,899.9,0.0
S0003378,PED001699,2025-06-03,C00511,P011,V014,R04,3,149.9,0.0
S0003379,PED001699,2025-06-03,C00511,P037,V014,R04,1,149.9,0.05
S0003380,PED001699,2025-06-03,C00511,P024,V014,R04,3,149.9,0.05
S0003381,PED001700,2024-10-31,C00576,P025,V003,R05,2,149.9,0.0
S0003382,PED001700,2024-10-31,C00576,P009,V003,R05,4,499.9,0.05
S0003383,PED001700,2024-10-31,C00576,P047,V003,R05,3,149.9,0.0
S0003384,PED001701,2023-06-29,C00583,P021,V013,R01,2,899.9,0.1
S0003385,PED001701,2023-06-29,C00583,P022,V013,R01,3,499.9,0.05
S0003386,PED001701,2023-06-29,C00583,P025,V013,R01,3,149.9,0.05
S0003387,PED001702,2025-04-13,C00675,P011,V014,R02,4,149.9,0.0
S0003388,PED001702,2025-04-13,C00675,P025,V014,R02,2,149.9,0.05
S0003389,PED001702,2025-04-13,C00675,P021,V014,R02,4,899.9,0.0
S0003390,PED001703,2024-01-28,C00562,P030,V008,R01,4,499.9,0.15
S0003391,PED001704,2023-01-17,C00587,P054,V024,R04,2,249.9,0.0
S0003392,PED001704,2023-01-17,C00587,P003,V024,R04,2,49.9,0.1
S0003393,PED001704,2023-01-17,C00587,P012,V024,R04,1,89.9,0.05
S0003394,PED001705,2023-11-18,C00460,P035,V021,R03,4,499.9,0.1
S0003395,PED001705,2023-11-18,C00460,P019,V021,R03,4,149.9,0.0
S0003396,PED001705,2023-11-18,C00460,P006,V021,R03,1,499.9,0.1
S0003397,PED001706,2023-12-29,C00584,P025,V018,R05,2,149.9,0.0
S0003398,PED001707,2023-11-13,C00624,P030,V022,R05,2,499.9,0.0
S0003399,PED001707,2023-11-13,C00624,P036,V022,R05,4,49.9,0.15
S0003400,PED001707,2023-11-13,C00624,P051,V022,R05,2,899.9,0.0
S0003401,PED001708,2025-06-28,C00501,P022,V014,R03,4,499.9,0.0
S0003402,PED001708,2025-06-28,C00501,P024,V014,R03,2,149.9,0.0
S0003403,PED001709,2025-04-28,C00662,P030,V017,R02,1,499.9,0.05
S0003404,PED001710,2025-02-06,C00504,P017,V005,R03,2,499.9,0.15
S0003405,PED001710,2025-02-06,C00504,P047,V005,R03,1,149.9,0.0
S0003406,PED001711,2023-06-21,C00529,P018,V013,R04,3,499.9,0.1
S0003407,PED001711,2023-06-21,C00529,P022,V013,R04,2,499.9,0.0
S0003408,PED001712,2025-06-23,C00298,P015,V021,R02,2,499.9,0.15
S0003409,PED001713,2025-01-14,C00478,P007,V007,R03,1,899.9,0.05
S0003410,PED001713,2025-01-14,C00478,P035,V007,R03,3,499.9,0.0
S0003411,PED001713,2025-01-14,C00478,P026,V007,R03,1,49.9,0.0
S0003412,PED001714,2023-08-26,C00448,P023,V009,R04,2,899.9,0.05
S0003413,PED001714,2023-08-26,C00448,P036,V009,R04,3,49.9,0.0
S0003414,PED001714,2023-08-26,C00448,P030,V009,R04,3,499.9,0.05
S0003415,PED001715,2024-12-15,C00582,P020,V003,R05,3,49.9,0.0
S0003416,PED001715,2024-12-15,C00582,P027,V003,R05,2,249.9,0.15
S0003417,PED001715,2024-12-15,C00582,P046,V003,R05,1,249.9,0.0
S0003418,PED001716,2024-07-03,C00465,P018,V008,R05,2,499.9,0.1
S0003419,PED001716,2024-07-03,C00465,P024,V008,R05,4,149.9,0.1
S0003420,PED001716,2024-07-03,C00465,P044,V008,R05,3,499.9,0.1
S0003421,PED001717,2024-05-13,C00687,P002,V002,R03,3,499.9,0.1
S0003422,PED001717,2024-05-13,C00687,P013,V002,R03,2,899.9,0.15
S0003423,PED001718,2023-05-21,C00682,P004,V010,R01,2,499.9,0.05
S0003424,PED001718,2023-05-21,C00682,P005,V010,R01,2,499.9,0.05
S0003425,PED001718,2023-05-21,C00682,P010,V010,R01,3,249.9,0.0
S0003426,PED001719,2024-08-14,C00464,P038,V004,R04,4,499.9,0.0
S0003427,PED001720,2023-05-06,C00542,P011,V009,R02,2,149.9,0.1
S0003428,PED001721,2023-07-21,C00623,P007,V007,R05,1,899.9,0.15
S0003429,PED001721,2023-07-21,C00623,P010,V007,R05,1,249.9,0.1
S0003430,PED001722,2023-06-13,C00661,P011,V009,R01,3,149.9,0.0
S0003431,PED001722,2023-06-13,C00661,P018,V009,R01,4,499.9,0.1
S0003432,PED001723,2025-11-23,C00332,P038,V006,R05,3,499.9,0.0
S0003433,PED001723,2025-11-23,C00332,P004,V006,R05,1,499.9,0.0
S0003434,PED001723,2025-11-23,C00332,P009,V006,R05,2,499.9,0.0
S0003435,PED001724,2023-11-21,C00538,P004,V007,R04,4,499.9,0.0
S0003436,PED001724,2023-11-21,C00538,P003,V007,R04,1,49.9,0.0
S0003437,PED001724,2023-11-21,C00538,P009,V007,R04,1,499.9,0.05
S0003438,PED001725,2024-01-29,C00663,P001,V022,R01,3,49.9,0.1
S0003439,PED001726,2023-12-22,C00628,P034,V012,R05,4,499.9,0.05
S0003440,PED001726,2023-12-22,C00628,P023,V012,R05,1,899.9,0.1
S0003441,PED001726,2023-12-22,C00628,P052,V012,R05,1,89.9,0.05
S0003442,PED001727,2025-10-05,C00475,P031,V024,R01,4,149.9,0.05
S0003443,PED001727,2025-10-05,C00475,P034,V024,R01,3,499.9,0.1
S0003444,PED001727,2025-10-05,C00475,P042,V024,R01,4,499.9,0.15
S0003445,PED001728,2024-10-03,C00529,P030,V019,R04,4,499.9,0.0
S0003446,PED001729,2025-10-26,C00604,P011,V005,R02,1,149.9,0.15
S0003447,PED001730,2023-12-03,C00677,P017,V015,R03,2,499.9,0.0
S0003448,PED001730,2023-12-03,C00677,P057,V015,R03,3,149.9,0.1
S0003449,PED001730,2023-12-03,C00677,P046,V015,R03,2,249.9,0.0
S0003450,PED001731,2023-05-24,C00605,P034,V013,R03,2,499.9,0.15
S0003451,PED001731,2023-05-24,C00605,P015,V013,R03,4,499.9,0.05
S0003452,PED001732,2024-09-26,C00507,P030,V002,R02,1,499.9,0.1
S0003453,PED001733,2024-01-16,C00210,P006,V010,R05,1,499.9,0.05
S0003454,PED001733,2024-01-16,C00210,P009,V010,R05,4,499.9,0.0
S0003455,PED001734,2025-06-16,C00672,P047,V010,R04,4,149.9,0.05
S0003456,PED001734,2025-06-16,C00672,P019,V010,R04,1,149.9,0.15
S0003457,PED001735,2025-09-15,C00576,P026,V003,R05,1,49.9,0.15
S0003458,PED001735,2025-09-15,C00576,P015,V003,R05,4,499.9,0.0
S0003459,PED001736,2024-06-21,C00669,P030,V020,R03,4,499.9,0.15
S0003460,PED001736,2024-06-21,C00669,P022,V020,R03,3,499.9,0.0
S0003461,PED001736,2024-06-21,C00669,P011,V020,R03,1,149.9,0.15
S0003462,PED001737,2025-12-07,C00563,P002,V008,R01,4,499.9,0.1
S0003463,PED001737,2025-12-07,C00563,P004,V008,R01,3,499.9,0.0
S0003464,PED001738,2024-09-22,C00618,P033,V004,R01,3,89.9,0.05
S0003465,PED001738,2024-09-22,C00618,P007,V004,R01,1,899.9,0.0
S0003466,PED001738,2024-09-22,C00618,P020,V004,R01,1,49.9,0.15
S0003467,PED001739,2023-11-11,C00693,P046,V020,R05,2,249.9,0.2
S0003468,PED001739,2023-11-11,C00693,P030,V020,R05,3,499.9,0.05
S0003469,PED001740,2024-07-10,C00594,P006,V010,R04,1,499.9,0.0
S0003470,PED001740,2024-07-10,C00594,P024,V010,R04,3,149.9,0.1
S0003471,PED001740,2024-07-10,C00594,P017,V010,R04,4,499.9,0.0
S0003472,PED001741,2023-02-18,C00567,P041,V013,R03,2,149.9,0.0
S0003473,PED001741,2023-02-18,C00567,P025,V013,R03,3,149.9,0.05
S0003474,PED001741,2023-02-18,C00567,P053,V013,R03,3,49.9,0.0
S0003475,PED001742,2025-06-19,C00466,P029,V018,R05,2,249.9,0.0
S0003476,PED001742,2025-06-19,C00466,P016,V018,R05,2,149.9,0.05
S0003477,PED001743,2023-05-08,C00061,P042,V011,R03,2,499.9,0.1
S0003478,PED001743,2023-05-08,C00061,P052,V011,R03,3,89.9,0.0
S0003479,PED001743,2023-05-08,C00061,P024,V011,R03,4,149.9,0.0
S0003480,PED001744,2023-12-10,C00163,P014,V002,R04,2,499.9,0.05
S0003481,PED001745,2024-10-06,C00656,P017,V009,R01,1,499.9,0.0
S0003482,PED001745,2024-10-06,C00656,P002,V009,R01,1,499.9,0.0
S0003483,PED001745,2024-10-06,C00656,P024,V009,R01,1,149.9,0.1
S0003484,PED001746,2023-02-26,C00504,P042,V005,R03,3,499.9,0.0
S0003485,PED001746,2023-02-26,C00504,P022,V005,R03,4,499.9,0.0
S0003486,PED001747,2023-04-11,C00508,P038,V018,R04,2,499.9,0.1
S0003487,PED001747,2023-04-11,C00508,P018,V018,R04,2,499.9,0.05
S0003488,PED001748,2025-02-07,C00595,P014,V003,R01,4,499.9,0.1
S0003489,PED001748,2025-02-07,C00595,P049,V003,R01,2,899.9,0.0
S0003490,PED001749,2023-04-02,C00583,P041,V008,R01,2,149.9,0.0
S0003491,PED001750,2024-06-26,C00569,P002,V014,R05,4,499.9,0.1
S0003492,PED001751,2024-01-08,C00632,P026,V011,R05,3,49.9,0.05
S0003493,PED001752,2023-10-02,C00499,P018,V011,R04,1,499.9,0.0
S0003494,PED001753,2023-08-19,C00643,P045,V008,R03,1,49.9,0.0
S0003495,PED001753,2023-08-19,C00643,P009,V008,R03,2,499.9,0.0
S0003496,PED001753,2023-08-19,C00643,P053,V008,R03,1,49.9,0.15
S0003497,PED001754,2025-05-02,C00570,P026,V022,R03,2,49.9,0.05
S0003498,PED001755,2025-11-21,C00690,P010,V009,R04,2,249.9,0.0
S0003499,PED001756,2023-06-22,C00590,P034,V008,R01,4,499.9,0.0
S0003500,PED001757,2025-11-27,C00458,P033,V001,R05,4,89.9,0.15
S0003501,PED001757,2025-11-27,C00458,P032,V001,R05,1,499.9,0.1
S0003502,PED001758,2024-11-03,C00489,P057,V003,R03,2,149.9,0.05
S0003503,PED001758,2024-11-03,C00489,P018,V003,R03,2,499.9,0.1
S0003504,PED001758,2024-11-03,C00489,P010,V003,R03,1,249.9,0.1
S0003505,PED001759,2024-12-10,C00505,P034,V018,R05,3,499.9,0.0
S0003506,PED001759,2024-12-10,C00505,P014,V018,R05,2,499.9,0.2
S0003507,PED001759,2024-12-10,C00505,P047,V018,R05,2,149.9,0.2
S0003508,PED001760,2025-02-26,C00627,P005,V010,R02,2,499.9,0.0
S0003509,PED001760,2025-02-26,C00627,P031,V010,R02,1,149.9,0.0
S0003510,PED001761,2025-02-18,C00651,P056,V021,R03,1,149.9,0.1
S0003511,PED001762,2025-07-07,C00671,P002,V006,R01,2,499.9,0.0
S0003512,PED001762,2025-07-07,C00671,P019,V006,R01,3,149.9,0.15
S0003513,PED001762,2025-07-07,C00671,P013,V006,R01,2,899.9,0.0
S0003514,PED001763,2024-07-03,C00275,P027,V017,R05,1,249.9,0.05
S0003515,PED001763,2024-07-03,C00275,P011,V017,R05,3,149.9,0.0
S0003516,PED001764,2024-09-01,C00625,P009,V010,R05,4,499.9,0.0
S0003517,PED001764,2024-09-01,C00625,P018,V010,R05,4,499.9,0.2
S0003518,PED001765,2023-12-23,C00658,P043,V006,R04,1,49.9,0.1
S0003519,PED001765,2023-12-23,C00658,P044,V006,R04,2,499.9,0.2
S0003520,PED001766,2023-05-13,C00495,P007,V023,R05,3,899.9,0.0
S0003521,PED001767,2024-12-30,C00548,P017,V005,R05,3,499.9,0.1
S0003522,PED001768,2023-02-13,C00546,P050,V018,R04,1,899.9,0.1
S0003523,PED001768,2023-02-13,C00546,P003,V018,R04,2,49.9,0.0
S0003524,PED001768,2023-02-13,C00546,P011,V018,R04,1,149.9,0.2
S0003525,PED001769,2023-11-14,C00081,P007,V021,R02,4,899.9,0.0
S0003526,PED001769,2023-11-14,C00081,P011,V021,R02,1,149.9,0.2
S0003527,PED001770,2023-04-30,C00572,P037,V003,R03,3,149.9,0.05
S0003528,PED001771,2023-08-21,C00578,P003,V002,R04,2,49.9,0.15
S0003529,PED001772,2024-12-07,C00504,P031,V014,R03,1,149.9,0.1
S0003530,PED001773,2024-11-28,C00650,P021,V015,R04,4,899.9,0.15
S0003531,PED001774,2024-04-21,C00564,P060,V023,R03,2,149.9,0.0
S0003532,PED001774,2024-04-21,C00564,P022,V023,R03,1,499.9,0.0
S0003533,PED001774,2024-04-21,C00564,P002,V023,R03,4,499.9,0.1
S0003534,PED001775,2023-04-25,C00612,P031,V011,R05,3,149.9,0.0
S0003535,PED001775,2023-04-25,C00612,P057,V011,R05,1,149.9,0.1
S0003536,PED001776,2024-05-06,C00513,P045,V011,R05,2,49.9,0.05
S0003537,PED001776,2024-05-06,C00513,P007,V011,R05,1,899.9,0.05
S0003538,PED001777,2024-01-26,C00695,P003,V012,R03,4,49.9,0.05
S0003539,PED001777,2024-01-26,C00695,P015,V012,R03,3,499.9,0.2
S0003540,PED001777,2024-01-26,C00695,P002,V012,R03,3,499.9,0.0
S0003541,PED001778,2025-03-11,C00617,P014,V019,R01,4,499.9,0.1
S0003542,PED001778,2025-03-11,C00617,P035,V019,R01,2,499.9,0.15
S0003543,PED001779,2024-10-19,C00667,P025,V002,R04,3,149.9,0.1
S0003544,PED001779,2024-10-19,C00667,P012,V002,R04,1,89.9,0.0
S0003545,PED001779,2024-10-19,C00667,P015,V002,R04,2,499.9,0.1
S0003546,PED001780,2024-07-13,C00643,P056,V013,R03,2,149.9,0.2
S0003547,PED001780,2024-07-13,C00643,P049,V013,R03,3,899.9,0.0
S0003548,PED001781,2024-07-07,C00549,P054,V004,R03,1,249.9,0.05
S0003549,PED001781,2024-07-07,C00549,P048,V004,R03,3,149.9,0.0
S0003550,PED001782,2025-12-02,C00514,P024,V015,R04,1,149.9,0.1
S0003551,PED001782,2025-12-02,C00514,P033,V015,R04,1,89.9,0.1
S0003552,PED001783,2025-04-24,C00520,P010,V002,R02,3,249.9,0.0
S0003553,PED001783,2025-04-24,C00520,P006,V002,R02,2,499.9,0.0
S0003554,PED001784,2024-07-19,C00495,P022,V010,R05,2,499.9,0.1
S0003555,PED001785,2024-06-28,C00570,P001,V003,R03,2,49.9,0.15
S0003556,PED001785,2024-06-28,C00570,P002,V003,R03,4,499.9,0.0
S0003557,PED001785,2024-06-28,C00570,P028,V003,R03,2,499.9,0.0
S0003558,PED001786,2023-02-03,C00607,P026,V003,R05,4,49.9,0.05
S0003559,PED001786,2023-02-03,C00607,P034,V003,R05,2,499.9,0.1
S0003560,PED001786,2023-02-03,C00607,P048,V003,R05,1,149.9,0.1
S0003561,PED001787,2025-11-14,C00682,P022,V008,R01,3,499.9,0.0
S0003562,PED001788,2023-12-19,C00673,P014,V014,R01,1,499.9,0.05
S0003563,PED001788,2023-12-19,C00673,P018,V014,R01,1,499.9,0.05
S0003564,PED001789,2023-10-30,C00650,P013,V016,R04,3,899.9,0.1
S0003565,PED001789,2023-10-30,C00650,P027,V016,R04,2,249.9,0.0
S0003566,PED001789,2023-10-30,C00650,P005,V016,R04,2,499.9,0.0
S0003567,PED001790,2025-12-31,C00458,P021,V014,R05,2,899.9,0.15
S0003568,PED001790,2025-12-31,C00458,P036,V014,R05,1,49.9,0.1
S0003569,PED001790,2025-12-31,C00458,P027,V014,R05,3,249.9,0.1
S0003570,PED001791,2025-03-09,C00565,P039,V005,R04,2,249.9,0.0
S0003571,PED001791,2025-03-09,C00565,P018,V005,R04,4,499.9,0.1
S0003572,PED001792,2023-03-03,C00307,P039,V021,R03,4,249.9,0.05
S0003573,PED001792,2023-03-03,C00307,P034,V021,R03,4,499.9,0.05
S0003574,PED001793,2023-03-21,C00577,P003,V012,R04,4,49.9,0.0
S0003575,PED001794,2023-02-02,C00596,P021,V013,R04,1,899.9,0.05
S0003576,PED001794,2023-02-02,C00596,P047,V013,R04,1,149.9,0.05
S0003577,PED001794,2023-02-02,C00596,P010,V013,R04,4,249.9,0.05
S0003578,PED001795,2024-11-07,C00662,P037,V021,R02,3,149.9,0.0
S0003579,PED001796,2023-04-02,C00694,P033,V012,R03,4,89.9,0.0
S0003580,PED001797,2025-11-07,C00497,P059,V011,R04,1,499.9,0.1
S0003581,PED001797,2025-11-07,C00497,P005,V011,R04,2,499.9,0.05
S0003582,PED001797,2025-11-07,C00497,P057,V011,R04,3,149.9,0.15
S0003583,PED001798,2025-11-10,C00558,P037,V004,R03,3,149.9,0.05
S0003584,PED001798,2025-11-10,C00558,P001,V004,R03,3,49.9,0.0
S0003585,PED001798,2025-11-10,C00558,P012,V004,R03,4,89.9,0.0
S0003586,PED001799,2024-09-15,C00509,P006,V005,R04,3,499.9,0.1
S0003587,PED001800,2024-11-20,C00629,P050,V006,R02,2,899.9,0.05
S0003588,PED001801,2023-11-26,C00306,P001,V004,R02,2,49.9,0.0
S0003589,PED001802,2023-03-24,C00663,P018,V007,R01,2,499.9,0.0
S0003590,PED001802,2023-03-24,C00663,P039,V007,R01,2,249.9,0.0
S0003591,PED001803,2025-03-31,C00478,P006,V012,R03,4,499.9,0.05
S0003592,PED001803,2025-03-31,C00478,P014,V012,R03,4,499.9,0.0
S0003593,PED001804,2023-05-09,C00470,P035,V018,R03,3,499.9,0.0
S0003594,PED001804,2023-05-09,C00470,P013,V018,R03,3,899.9,0.0
S0003595,PED001804,2023-05-09,C00470,P039,V018,R03,1,249.9,0.0
S0003596,PED001805,2023-04-19,C00534,P032,V016,R03,3,499.9,0.05
S0003597,PED001806,2023-12-13,C00603,P003,V007,R02,1,49.9,0.1
S0003598,PED001806,2023-12-13,C00603,P040,V007,R02,3,249.9,0.0
S0003599,PED001806,2023-12-13,C00603,P014,V007,R02,1,499.9,0.0
S0003600,PED001807,2023-01-16,C00136,P036,V017,R05,2,49.9,0.05
S0003601,PED001807,2023-01-16,C00136,P037,V017,R05,1,149.9,0.0
S0003602,PED001808,2024-05-07,C00493,P004,V010,R01,4,499.9,0.0
S0003603,PED001808,2024-05-07,C00493,P028,V010,R01,2,499.9,0.05
S0003604,PED001809,2025-02-23,C00645,P030,V009,R01,3,499.9,0.2
S0003605,PED001809,2025-02-23,C00645,P057,V009,R01,4,149.9,0.0
S0003606,PED001810,2025-06-16,C00633,P002,V024,R05,2,499.9,0.1
S0003607,PED001810,2025-06-16,C00633,P019,V024,R05,1,149.9,0.05
S0003608,PED001810,2025-06-16,C00633,P010,V024,R05,1,249.9,0.0
S0003609,PED001811,2024-11-10,C00555,P023,V004,R01,4,899.9,0.15
S0003610,PED001811,2024-11-10,C00555,P014,V004,R01,1,499.9,0.0
S0003611,PED001811,2024-11-10,C00555,P037,V004,R01,2,149.9,0.2
S0003612,PED001812,2025-08-09,C00667,P005,V007,R04,1,499.9,0.15
S0003613,PED001812,2025-08-09,C00667,P054,V007,R04,4,249.9,0.1
S0003614,PED001813,2024-04-03,C00546,P026,V019,R04,3,49.9,0.0
S0003615,PED001813,2024-04-03,C00546,P032,V019,R04,4,499.9,0.0
S0003616,PED001814,2025-08-11,C00557,P008,V017,R03,3,149.9,0.05
S0003617,PED001814,2025-08-11,C00557,P013,V017,R03,2,899.9,0.1
S0003618,PED001814,2025-08-11,C00557,P033,V017,R03,4,89.9,0.05
S0003619,PED001815,2024-07-31,C00684,P004,V014,R01,3,499.9,0.05
S0003620,PED001816,2023-09-27,C00542,P048,V009,R02,4,149.9,0.05
S0003621,PED001816,2023-09-27,C00542,P003,V009,R02,2,49.9,0.0
S0003622,PED001816,2023-09-27,C00542,P044,V009,R02,1,499.9,0.15
S0003623,PED001817,2025-11-15,C00572,P026,V007,R03,3,49.9,0.05
S0003624,PED001817,2025-11-15,C00572,P027,V007,R03,4,249.9,0.15
S0003625,PED001818,2023-11-14,C00106,P008,V008,R05,2,149.9,0.05
S0003626,PED001818,2023-11-14,C00106,P018,V008,R05,3,499.9,0.1
S0003627,PED001819,2023-02-03,C00472,P046,V005,R01,3,249.9,0.1
S0003628,PED001819,2023-02-03,C00472,P024,V005,R01,4,149.9,0.0
S0003629,PED001819,2023-02-03,C00472,P030,V005,R01,3,499.9,0.05
S0003630,PED001820,2023-10-17,C00581,P021,V008,R02,2,899.9,0.1
S0003631,PED001820,2023-10-17,C00581,P018,V008,R02,1,499.9,0.0
S0003632,PED001820,2023-10-17,C00581,P001,V008,R02,3,49.9,0.0
S0003633,PED001821,2024-02-13,C00599,P036,V013,R04,3,49.9,0.05
S0003634,PED001822,2024-01-24,C00553,P029,V019,R05,1,249.9,0.0
S0003635,PED001822,2024-01-24,C00553,P016,V019,R05,4,149.9,0.15
S0003636,PED001823,2024-08-21,C00511,P003,V004,R04,1,49.9,0.0
S0003637,PED001823,2024-08-21,C00511,P046,V004,R04,4,249.9,0.0
S0003638,PED001823,2024-08-21,C00511,P007,V004,R04,3,899.9,0.05
S0003639,PED001824,2025-09-19,C00327,P019,V004,R05,2,149.9,0.0
S0003640,PED001825,2023-11-27,C00605,P009,V013,R03,2,499.9,0.1
S0003641,PED001825,2023-11-27,C00605,P029,V013,R03,3,249.9,0.15
S0003642,PED001825,2023-11-27,C00605,P012,V013,R03,3,89.9,0.0
S0003643,PED001826,2024-08-17,C00695,P002,V003,R03,2,499.9,0.2
S0003644,PED001826,2024-08-17,C00695,P035,V003,R03,4,499.9,0.0
S0003645,PED001826,2024-08-17,C00695,P008,V003,R03,2,149.9,0.05
S0003646,PED001827,2024-01-10,C00562,P019,V009,R01,2,149.9,0.15
S0003647,PED001828,2025-07-09,C00484,P007,V015,R03,2,899.9,0.1
S0003648,PED001829,2023-07-13,C00545,P047,V001,R01,1,149.9,0.15
S0003649,PED001830,2023-05-11,C00478,P049,V017,R03,2,899.9,0.0
S0003650,PED001830,2023-05-11,C00478,P037,V017,R03,3,149.9,0.1
S0003651,PED001831,2024-07-27,C00667,P026,V012,R04,2,49.9,0.0
S0003652,PED001831,2024-07-27,C00667,P010,V012,R04,4,249.9,0.0
S0003653,PED001832,2025-01-07,C00494,P045,V010,R05,3,49.9,0.15
S0003654,PED001833,2025-06-09,C00637,P002,V023,R05,4,499.9,0.15
S0003655,PED001833,2025-06-09,C00637,P028,V023,R05,2,499.9,0.05
S0003656,PED001834,2024-10-30,C00585,P032,V002,R04,1,499.9,0.15
S0003657,PED001834,2024-10-30,C00585,P004,V002,R04,1,499.9,0.1
S0003658,PED001834,2024-10-30,C00585,P017,V002,R04,1,499.9,0.1
S0003659,PED001835,2025-05-15,C00468,P004,V006,R02,1,499.9,0.0
S0003660,PED001835,2025-05-15,C00468,P057,V006,R02,3,149.9,0.0
S0003661,PED001835,2025-05-15,C00468,P033,V006,R02,4,89.9,0.0
S0003662,PED001836,2024-03-17,C00514,P018,V004,R04,4,499.9,0.05
S0003663,PED001837,2023-02-12,C00549,P041,V005,R03,4,149.9,0.0
S0003664,PED001837,2023-02-12,C00549,P018,V005,R03,3,499.9,0.0
S0003665,PED001838,2023-05-25,C00496,P029,V003,R01,1,249.9,0.0
S0003666,PED001838,2023-05-25,C00496,P023,V003,R01,4,899.9,0.0
S0003667,PED001839,2023-02-20,C00481,P018,V014,R03,3,499.9,0.0
S0003668,PED001839,2023-02-20,C00481,P020,V014,R03,4,49.9,0.2
S0003669,PED001840,2023-12-28,C00593,P026,V003,R01,3,49.9,0.1
S0003670,PED001840,2023-12-28,C00593,P001,V003,R01,2,49.9,0.05
S0003671,PED001841,2024-07-18,C00579,P004,V002,R03,2,499.9,0.0
S0003672,PED001841,2024-07-18,C00579,P016,V002,R03,3,149.9,0.05
S0003673,PED001841,2024-07-18,C00579,P039,V002,R03,2,249.9,0.15
S0003674,PED001842,2024-01-30,C00571,P002,V003,R02,3,499.9,0.1
S0003675,PED001842,2024-01-30,C00571,P004,V003,R02,3,499.9,0.15
S0003676,PED001842,2024-01-30,C00571,P009,V003,R02,1,499.9,0.05
S0003677,PED001843,2024-10-01,C00673,P015,V019,R01,1,499.9,0.1
S0003678,PED001844,2024-06-30,C00405,P042,V008,R03,3,499.9,0.0
S0003679,PED001844,2024-06-30,C00405,P031,V008,R03,3,149.9,0.05
S0003680,PED001844,2024-06-30,C00405,P044,V008,R03,3,499.9,0.05
S0003681,PED001845,2025-01-15,C00581,P044,V012,R02,3,499.9,0.0
S0003682,PED001845,2025-01-15,C00581,P010,V012,R02,3,249.9,0.0
S0003683,PED001846,2025-01-01,C00534,P018,V014,R03,2,499.9,0.15
S0003684,PED001847,2023-12-18,C00599,P025,V021,R04,4,149.9,0.05
S0003685,PED001847,2023-12-18,C00599,P020,V021,R04,2,49.9,0.0
S0003686,PED001848,2024-01-17,C00214,P019,V001,R02,4,149.9,0.1
S0003687,PED001848,2024-01-17,C00214,P009,V001,R02,2,499.9,0.0
S0003688,PED001849,2024-10-25,C00565,P003,V005,R04,4,49.9,0.0
S0003689,PED001849,2024-10-25,C00565,P023,V005,R04,2,899.9,0.1
S0003690,PED001850,2024-11-04,C00465,P044,V018,R05,2,499.9,0.0
S0003691,PED001850,2024-11-04,C00465,P022,V018,R05,3,499.9,0.0
S0003692,PED001851,2023-12-16,C00564,P057,V009,R03,3,149.9,0.0
S0003693,PED001851,2023-12-16,C00564,P015,V009,R03,1,499.9,0.15
S0003694,PED001852,2023-12-29,C00699,P003,V001,R03,4,49.9,0.0
S0003695,PED001852,2023-12-29,C00699,P038,V001,R03,2,499.9,0.0
S0003696,PED001853,2025-02-04,C00616,P003,V003,R01,3,49.9,0.05
S0003697,PED001854,2024-12-15,C00663,P012,V012,R01,4,89.9,0.1
S0003698,PED001855,2023-06-16,C00569,P019,V024,R05,2,149.9,0.15
S0003699,PED001855,2023-06-16,C00569,P016,V024,R05,4,149.9,0.05
S0003700,PED001855,2023-06-16,C00569,P057,V024,R05,1,149.9,0.15
S0003701,PED001856,2024-05-15,C00505,P009,V010,R05,2,499.9,0.0
S0003702,PED001856,2024-05-15,C00505,P059,V010,R05,4,499.9,0.0
S0003703,PED001857,2025-09-30,C00653,P034,V020,R01,2,499.9,0.0
S0003704,PED001857,2025-09-30,C00653,P005,V020,R01,4,499.9,0.2
S0003705,PED001858,2023-02-17,C00505,P002,V010,R05,1,499.9,0.0
S0003706,PED001858,2023-02-17,C00505,P010,V010,R05,4,249.9,0.15
S0003707,PED001858,2023-02-17,C00505,P009,V010,R05,2,499.9,0.05
S0003708,PED001859,2025-08-18,C00224,P057,V001,R05,1,149.9,0.0
S0003709,PED001859,2025-08-18,C00224,P001,V001,R05,2,49.9,0.0
S0003710,PED001859,2025-08-18,C00224,P045,V001,R05,4,49.9,0.1
S0003711,PED001860,2023-07-19,C00487,P011,V012,R05,2,149.9,0.15
S0003712,PED001860,2023-07-19,C00487,P024,V012,R05,2,149.9,0.15
S0003713,PED001861,2024-08-01,C00601,P016,V013,R05,4,149.9,0.0
S0003714,PED001862,2024-04-25,C00573,P017,V001,R01,4,499.9,0.0
S0003715,PED001862,2024-04-25,C00573,P046,V001,R01,1,249.9,0.05
S0003716,PED001862,2024-04-25,C00573,P020,V001,R01,3,49.9,0.05
S0003717,PED001863,2023-01-13,C00601,P016,V019,R05,3,149.9,0.1
S0003718,PED001864,2025-10-23,C00462,P012,V006,R04,4,89.9,0.0
S0003719,PED001864,2025-10-23,C00462,P032,V006,R04,2,499.9,0.0
S0003720,PED001864,2025-10-23,C00462,P018,V006,R04,3,499.9,0.05
S0003721,PED001865,2024-05-31,C00699,P009,V011,R03,1,499.9,0.1
S0003722,PED001866,2025-11-23,C00554,P001,V010,R04,2,49.9,0.0
S0003723,PED001867,2023-11-23,C00371,P026,V014,R04,4,49.9,0.05
S0003724,PED001868,2025-08-31,C00621,P041,V010,R05,3,149.9,0.0
S0003725,PED001869,2025-10-30,C00619,P002,V016,R01,1,499.9,0.0
S0003726,PED001869,2025-10-30,C00619,P003,V016,R01,3,49.9,0.0
S0003727,PED001870,2024-09-27,C00650,P006,V002,R04,1,499.9,0.0
S0003728,PED001871,2023-09-04,C00545,P025,V019,R01,2,149.9,0.0
S0003729,PED001872,2025-01-24,C00644,P007,V009,R02,3,899.9,0.0
S0003730,PED001873,2024-09-18,C00531,P034,V010,R01,1,499.9,0.0
S0003731,PED001873,2024-09-18,C00531,P021,V010,R01,1,899.9,0.15
S0003732,PED001874,2025-11-16,C00242,P051,V015,R05,3,899.9,0.05
S0003733,PED001875,2024-05-13,C00614,P007,V002,R04,3,899.9,0.1
S0003734,PED001876,2023-11-09,C00625,P003,V008,R05,1,49.9,0.0
S0003735,PED001877,2023-06-20,C00501,P005,V012,R03,1,499.9,0.1
S0003736,PED001877,2023-06-20,C00501,P016,V012,R03,2,149.9,0.05
S0003737,PED001877,2023-06-20,C00501,P041,V012,R03,3,149.9,0.05
S0003738,PED001878,2025-02-11,C00660,P001,V005,R01,1,49.9,0.05
S0003739,PED001878,2025-02-11,C00660,P046,V005,R01,4,249.9,0.05
S0003740,PED001879,2025-12-09,C00515,P019,V005,R04,2,149.9,0.1
S0003741,PED001880,2023-02-06,C00666,P049,V015,R05,2,899.9,0.0
S0003742,PED001880,2023-02-06,C00666,P010,V015,R05,4,249.9,0.1
S0003743,PED001880,2023-02-06,C00666,P032,V015,R05,1,499.9,0.05
S0003744,PED001881,2025-04-04,C00489,P011,V003,R03,1,149.9,0.0
S0003745,PED001881,2025-04-04,C00489,P033,V003,R03,1,89.9,0.0
S0003746,PED001881,2025-04-04,C00489,P046,V003,R03,4,249.9,0.1
S0003747,PED001882,2025-11-03,C00468,P023,V010,R02,1,899.9,0.1
S0003748,PED001882,2025-11-03,C00468,P028,V010,R02,3,499.9,0.0
S0003749,PED001883,2023-04-06,C00590,P021,V001,R01,4,899.9,0.0
S0003750,PED001884,2023-05-18,C00465,P005,V009,R05,3,499.9,0.0
S0003751,PED001884,2023-05-18,C00465,P024,V009,R05,2,149.9,0.05
S0003752,PED001885,2025-02-02,C00534,P035,V018,R03,2,499.9,0.15
S0003753,PED001885,2025-02-02,C00534,P042,V018,R03,1,499.9,0.15
S0003754,PED001885,2025-02-02,C00534,P015,V018,R03,4,499.9,0.2
S0003755,PED001886,2024-12-15,C00431,P023,V013,R01,3,899.9,0.1
S0003756,PED001886,2024-12-15,C00431,P041,V013,R01,4,149.9,0.05
S0003757,PED001886,2024-12-15,C00431,P005,V013,R01,4,499.9,0.1
S0003758,PED001887,2023-03-29,C00456,P007,V021,R05,1,899.9,0.1
S0003759,PED001887,2023-03-29,C00456,P013,V021,R05,3,899.9,0.1
S0003760,PED001888,2025-07-25,C00282,P019,V012,R02,1,149.9,0.15
S0003761,PED001889,2024-08-20,C00590,P015,V007,R01,2,499.9,0.0
S0003762,PED001889,2024-08-20,C00590,P016,V007,R01,2,149.9,0.05
S0003763,PED001890,2025-10-14,C00595,P020,V013,R01,1,49.9,0.0
S0003764,PED001890,2025-10-14,C00595,P047,V013,R01,1,149.9,0.2
S0003765,PED001890,2025-10-14,C00595,P008,V013,R01,3,149.9,0.05
S0003766,PED001891,2025-09-13,C00664,P013,V008,R04,1,899.9,0.1
S0003767,PED001891,2025-09-13,C00664,P055,V008,R04,3,149.9,0.1
S0003768,PED001891,2025-09-13,C00664,P019,V008,R04,2,149.9,0.0
S0003769,PED001892,2025-06-28,C00580,P057,V001,R01,4,149.9,0.0
S0003770,PED001893,2024-08-11,C00585,P007,V021,R04,3,899.9,0.0
S0003771,PED001893,2024-08-11,C00585,P002,V021,R04,4,499.9,0.0
S0003772,PED001893,2024-08-11,C00585,P006,V021,R04,4,499.9,0.0
S0003773,PED001894,2023-10-26,C00578,P010,V010,R04,2,249.9,0.2
S0003774,PED001895,2024-07-30,C00646,P052,V006,R01,3,89.9,0.1
S0003775,PED001895,2024-07-30,C00646,P042,V006,R01,1,499.9,0.05
S0003776,PED001895,2024-07-30,C00646,P048,V006,R01,2,149.9,0.1
S0003777,PED001896,2023-05-07,C00503,P041,V005,R04,1,149.9,0.05
S0003778,PED001897,2024-12-24,C00521,P048,V001,R02,4,149.9,0.1
S0003779,PED001897,2024-12-24,C00521,P006,V001,R02,4,499.9,0.0
S0003780,PED001898,2023-06-15,C00554,P051,V011,R04,4,899.9,0.0
S0003781,PED001898,2023-06-15,C00554,P006,V011,R04,2,499.9,0.0
S0003782,PED001898,2023-06-15,C00554,P007,V011,R04,4,899.9,0.0
S0003783,PED001899,2024-08-05,C00619,P013,V008,R01,4,899.9,0.1
S0003784,PED001900,2023-03-12,C00618,P027,V003,R01,3,249.9,0.1
S0003785,PED001900,2023-03-12,C00618,P050,V003,R01,4,899.9,0.0
S0003786,PED001901,2023-12-02,C00697,P010,V001,R02,3,249.9,0.05
S0003787,PED001902,2023-10-06,C00516,P001,V020,R02,4,49.9,0.0
S0003788,PED001902,2023-10-06,C00516,P047,V020,R02,3,149.9,0.15
S0003789,PED001902,2023-10-06,C00516,P048,V020,R02,4,149.9,0.0
S0003790,PED001903,2024-11-22,C00548,P048,V022,R05,4,149.9,0.05
S0003791,PED001903,2024-11-22,C00548,P009,V022,R05,2,499.9,0.15
S0003792,PED001903,2024-11-22,C00548,P017,V022,R05,1,499.9,0.0
S0003793,PED001904,2025-05-30,C00546,P024,V011,R04,1,149.9,0.0
S0003794,PED001904,2025-05-30,C00546,P020,V011,R04,3,49.9,0.0
S0003795,PED001904,2025-05-30,C00546,P035,V011,R04,1,499.9,0.0
S0003796,PED001905,2023-03-15,C00471,P057,V009,R01,4,149.9,0.05
S0003797,PED001905,2023-03-15,C00471,P045,V009,R01,2,49.9,0.05
S0003798,PED001905,2023-03-15,C00471,P034,V009,R01,3,499.9,0.0
S0003799,PED001906,2025-08-13,C00666,P023,V007,R05,2,899.9,0.0
S0003800,PED001906,2025-08-13,C00666,P054,V007,R05,3,249.9,0.0
S0003801,PED001907,2025-08-25,C00127,P001,V011,R05,2,49.9,0.15
S0003802,PED001908,2024-01-12,C00582,P019,V021,R05,4,149.9,0.05
S0003803,PED001908,2024-01-12,C00582,P043,V021,R05,1,49.9,0.0
S0003804,PED001908,2024-01-12,C00582,P035,V021,R05,1,499.9,0.0
S0003805,PED001909,2024-12-25,C00689,P058,V021,R03,3,49.9,0.05
S0003806,PED001909,2024-12-25,C00689,P026,V021,R03,1,49.9,0.15
S0003807,PED001909,2024-12-25,C00689,P004,V021,R03,1,499.9,0.0
S0003808,PED001910,2024-03-29,C00671,P041,V004,R01,3,149.9,0.05
S0003809,PED001911,2023-07-09,C00590,P002,V001,R01,3,499.9,0.0
S0003810,PED001911,2023-07-09,C00590,P028,V001,R01,1,499.9,0.0
S0003811,PED001911,2023-07-09,C00590,P029,V001,R01,2,249.9,0.0
S0003812,PED001912,2024-08-26,C00643,P002,V013,R03,2,499.9,0.1
S0003813,PED001913,2023-04-20,C00518,P047,V016,R02,4,149.9,0.05
S0003814,PED001914,2025-09-14,C00568,P040,V008,R02,3,249.9,0.05
S0003815,PED001914,2025-09-14,C00568,P021,V008,R02,3,899.9,0.1
S0003816,PED001914,2025-09-14,C00568,P060,V008,R02,2,149.9,0.0
S0003817,PED001915,2025-11-01,C00129,P033,V022,R01,2,89.9,0.0
S0003818,PED001915,2025-11-01,C00129,P029,V022,R01,3,249.9,0.0
S0003819,PED001916,2025-07-09,C00574,P004,V008,R02,1,499.9,0.1
S0003820,PED001916,2025-07-09,C00574,P042,V008,R02,1,499.9,0.15
S0003821,PED001916,2025-07-09,C00574,P046,V008,R02,1,249.9,0.2
S0003822,PED001917,2024-10-03,C00469,P044,V001,R04,1,499.9,0.2
S0003823,PED001918,2024-09-27,C00514,P016,V007,R04,3,149.9,0.05
S0003824,PED001918,2024-09-27,C00514,P044,V007,R04,3,499.9,0.05
S0003825,PED001919,2025-12-18,C00527,P005,V015,R03,1,499.9,0.0
S0003826,PED001920,2023-10-22,C00676,P017,V004,R05,4,499.9,0.15
S0003827,PED001920,2023-10-22,C00676,P022,V004,R05,1,499.9,0.0
S0003828,PED001920,2023-10-22,C00676,P004,V004,R05,1,499.9,0.1
S0003829,PED001921,2023-04-07,C00494,P015,V003,R05,4,499.9,0.0
S0003830,PED001921,2023-04-07,C00494,P039,V003,R05,1,249.9,0.05
S0003831,PED001922,2024-10-02,C00628,P044,V013,R05,4,499.9,0.0
S0003832,PED001922,2024-10-02,C00628,P010,V013,R05,3,249.9,0.1
S0003833,PED001923,2023-12-28,C00657,P004,V022,R05,1,499.9,0.1
S0003834,PED001924,2023-12-22,C00572,P021,V020,R03,3,899.9,0.0
S0003835,PED001924,2023-12-22,C00572,P039,V020,R03,4,249.9,0.1
S0003836,PED001925,2023-01-10,C00630,P045,V021,R01,4,49.9,0.0
S0003837,PED001925,2023-01-10,C00630,P052,V021,R01,4,89.9,0.0
S0003838,PED001925,2023-01-10,C00630,P003,V021,R01,3,49.9,0.0
S0003839,PED001926,2024-11-04,C00672,P023,V009,R04,1,899.9,0.0
S0003840,PED001926,2024-11-04,C00672,P006,V009,R04,2,499.9,0.1
S0003841,PED001927,2023-11-06,C00667,P040,V012,R04,3,249.9,0.1
S0003842,PED001928,2023-08-18,C00662,P021,V005,R02,3,899.9,0.15
S0003843,PED001928,2023-08-18,C00662,P003,V005,R02,2,49.9,0.2
S0003844,PED001929,2023-02-22,C00700,P036,V001,R02,3,49.9,0.15
S0003845,PED001930,2024-02-10,C00547,P001,V019,R05,2,49.9,0.05
S0003846,PED001931,2025-09-15,C00642,P001,V003,R01,2,49.9,0.05
S0003847,PED001932,2024-01-05,C00489,P022,V001,R03,2,499.9,0.0
S0003848,PED001932,2024-01-05,C00489,P007,V001,R03,1,899.9,0.0
S0003849,PED001932,2024-01-05,C00489,P041,V001,R03,1,149.9,0.0
S0003850,PED001933,2025-01-16,C00642,P021,V016,R01,1,899.9,0.2
S0003851,PED001933,2025-01-16,C00642,P042,V016,R01,4,499.9,0.0
S0003852,PED001933,2025-01-16,C00642,P009,V016,R01,1,499.9,0.2
S0003853,PED001934,2025-04-24,C00599,P044,V009,R04,2,499.9,0.0
S0003854,PED001935,2023-12-27,C00618,P016,V004,R01,1,149.9,0.05
S0003855,PED001935,2023-12-27,C00618,P027,V004,R01,3,249.9,0.1
S0003856,PED001935,2023-12-27,C00618,P022,V004,R01,4,499.9,0.05
S0003857,PED001936,2025-07-09,C00457,P005,V001,R01,2,499.9,0.15
S0003858,PED001937,2025-02-01,C00510,P012,V008,R02,2,89.9,0.1
S0003859,PED001938,2024-09-29,C00510,P012,V010,R02,4,89.9,0.0
S0003860,PED001938,2024-09-29,C00510,P013,V010,R02,2,899.9,0.05
S0003861,PED001938,2024-09-29,C00510,P008,V010,R02,4,149.9,0.0
S0003862,PED001939,2023-01-02,C00492,P049,V005,R03,2,899.9,0.1
S0003863,PED001939,2023-01-02,C00492,P026,V005,R03,4,49.9,0.1
S0003864,PED001939,2023-01-02,C00492,P036,V005,R03,2,49.9,0.15
S0003865,PED001940,2023-02-15,C00491,P003,V015,R02,2,49.9,0.05
S0003866,PED001940,2023-02-15,C00491,P028,V015,R02,1,499.9,0.0
S0003867,PED001941,2025-12-24,C00605,P025,V013,R03,2,149.9,0.0
S0003868,PED001941,2025-12-24,C00605,P031,V013,R03,4,149.9,0.05
S0003869,PED001942,2025-05-25,C00652,P052,V012,R04,3,89.9,0.05
S0003870,PED001943,2025-11-10,C00579,P035,V022,R03,2,499.9,0.15
S0003871,PED001943,2025-11-10,C00579,P014,V022,R03,2,499.9,0.05
S0003872,PED001944,2025-10-09,C00346,P008,V005,R01,3,149.9,0.2
S0003873,PED001944,2025-10-09,C00346,P027,V005,R01,4,249.9,0.15
S0003874,PED001944,2025-10-09,C00346,P059,V005,R01,3,499.9,0.1
S0003875,PED001945,2023-01-27,C00482,P049,V023,R03,4,899.9,0.0
S0003876,PED001945,2023-01-27,C00482,P010,V023,R03,2,249.9,0.1
S0003877,PED001946,2025-06-05,C00503,P060,V022,R04,3,149.9,0.1
S0003878,PED001947,2024-05-27,C00525,P020,V011,R01,3,49.9,0.1
S0003879,PED001947,2024-05-27,C00525,P030,V011,R01,4,499.9,0.0
S0003880,PED001947,2024-05-27,C00525,P001,V011,R01,3,49.9,0.05
S0003881,PED001948,2025-06-02,C00560,P044,V018,R04,4,499.9,0.0
S0003882,PED001948,2025-06-02,C00560,P011,V018,R04,4,149.9,0.0
S0003883,PED001949,2023-01-09,C00497,P049,V010,R04,4,899.9,0.15
S0003884,PED001949,2023-01-09,C00497,P001,V010,R04,4,49.9,0.0
S0003885,PED001949,2023-01-09,C00497,P036,V010,R04,4,49.9,0.0
S0003886,PED001950,2023-11-24,C00064,P014,V010,R02,4,499.9,0.05
S0003887,PED001950,2023-11-24,C00064,P023,V010,R02,3,899.9,0.2
S0003888,PED001950,2023-11-24,C00064,P060,V010,R02,3,149.9,0.0
S0003889,PED001951,2025-04-18,C00677,P029,V006,R03,2,249.9,0.0
S0003890,PED001952,2025-06-06,C00529,P025,V003,R04,2,149.9,0.1
S0003891,PED001952,2025-06-06,C00529,P044,V003,R04,1,499.9,0.1
S0003892,PED001952,2025-06-06,C00529,P024,V003,R04,4,149.9,0.05
S0003893,PED001953,2024-11-22,C00668,P011,V001,R04,2,149.9,0.0
S0003894,PED001953,2024-11-22,C00668,P023,V001,R04,1,899.9,0.1
S0003895,PED001953,2024-11-22,C00668,P054,V001,R04,1,249.9,0.2
S0003896,PED001954,2023-12-04,C00621,P025,V017,R05,1,149.9,0.0
S0003897,PED001955,2023-12-12,C00675,P041,V013,R02,3,149.9,0.0
S0003898,PED001956,2025-12-03,C00634,P005,V023,R05,1,499.9,0.05
S0003899,PED001956,2025-12-03,C00634,P043,V023,R05,3,49.9,0.0
S0003900,PED001956,2025-12-03,C00634,P021,V023,R05,2,899.9,0.0
S0003901,PED001957,2024-05-13,C00500,P059,V017,R01,1,499.9,0.1
S0003902,PED001957,2024-05-13,C00500,P040,V017,R01,1,249.9,0.1
S0003903,PED001958,2024-05-22,C00010,P051,V010,R03,1,899.9,0.0
S0003904,PED001958,2024-05-22,C00010,P019,V010,R03,3,149.9,0.1
S0003905,PED001958,2024-05-22,C00010,P004,V010,R03,4,499.9,0.1
S0003906,PED001959,2024-09-22,C00668,P006,V004,R04,1,499.9,0.1
S0003907,PED001959,2024-09-22,C00668,P015,V004,R04,4,499.9,0.05
S0003908,PED001959,2024-09-22,C00668,P027,V004,R04,1,249.9,0.0
S0003909,PED001960,2024-04-07,C00633,P018,V014,R05,1,499.9,0.0
S0003910,PED001960,2024-04-07,C00633,P013,V014,R05,3,899.9,0.0
S0003911,PED001961,2024-09-22,C00516,P036,V010,R02,2,49.9,0.15
S0003912,PED001961,2024-09-22,C00516,P002,V010,R02,4,499.9,0.0
S0003913,PED001962,2024-05-05,C00658,P054,V003,R04,3,249.9,0.15
S0003914,PED001962,2024-05-05,C00658,P024,V003,R04,4,149.9,0.0
S0003915,PED001963,2025-07-15,C00500,P044,V011,R01,3,499.9,0.05
S0003916,PED001964,2025-10-16,C00466,P047,V023,R05,3,149.9,0.0
S0003917,PED001964,2025-10-16,C00466,P004,V023,R05,3,499.9,0.0
S0003918,PED001964,2025-10-16,C00466,P021,V023,R05,4,899.9,0.1
S0003919,PED001965,2025-11-06,C00668,P014,V002,R04,1,499.9,0.1
S0003920,PED001966,2024-10-05,C00536,P040,V005,R05,4,249.9,0.1
S0003921,PED001966,2024-10-05,C00536,P059,V005,R05,1,499.9,0.05
S0003922,PED001967,2024-05-16,C00178,P023,V002,R03,4,899.9,0.0
S0003923,PED001967,2024-05-16,C00178,P045,V002,R03,1,49.9,0.05
S0003924,PED001968,2025-02-20,C00559,P047,V019,R01,2,149.9,0.0
S0003925,PED001969,2025-07-29,C00565,P018,V010,R04,4,499.9,0.15
S0003926,PED001969,2025-07-29,C00565,P028,V010,R04,2,499.9,0.0
S0003927,PED001970,2024-10-03,C00535,P026,V023,R05,2,49.9,0.15
S0003928,PED001971,2025-02-12,C00648,P021,V012,R03,1,899.9,0.2
S0003929,PED001971,2025-02-12,C00648,P007,V012,R03,4,899.9,0.2
S0003930,PED001971,2025-02-12,C00648,P020,V012,R03,1,49.9,0.0
S0003931,PED001972,2025-04-16,C00506,P009,V011,R04,3,499.9,0.15
S0003932,PED001972,2025-04-16,C00506,P029,V011,R04,4,249.9,0.0
S0003933,PED001972,2025-04-16,C00506,P054,V011,R04,3,249.9,0.0
S0003934,PED001973,2025-01-13,C00617,P013,V012,R01,2,899.9,0.1
S0003935,PED001973,2025-01-13,C00617,P042,V012,R01,2,499.9,0.15
S0003936,PED001974,2025-04-11,C00096,P045,V006,R05,3,49.9,0.0
S0003937,PED001974,2025-04-11,C00096,P054,V006,R05,1,249.9,0.05
S0003938,PED001975,2023-09-11,C00557,P007,V006,R03,3,899.9,0.0
S0003939,PED001975,2023-09-11,C00557,P027,V006,R03,3,249.9,0.0
S0003940,PED001975,2023-09-11,C00557,P014,V006,R03,1,499.9,0.0
S0003941,PED001976,2024-07-21,C00556,P010,V005,R01,2,249.9,0.1
S0003942,PED001976,2024-07-21,C00556,P015,V005,R01,4,499.9,0.0
S0003943,PED001976,2024-07-21,C00556,P022,V005,R01,4,499.9,0.1
S0003944,PED001977,2024-10-29,C00685,P009,V005,R02,4,499.9,0.1
S0003945,PED001978,2023-01-04,C00608,P015,V016,R04,3,499.9,0.1
S0003946,PED001979,2025-08-19,C00205,P020,V002,R05,4,49.9,0.0
S0003947,PED001980,2024-11-15,C00668,P032,V008,R04,3,499.9,0.05
S0003948,PED001980,2024-11-15,C00668,P021,V008,R04,2,899.9,0.0
S0003949,PED001980,2024-11-15,C00668,P018,V008,R04,1,499.9,0.0
S0003950,PED001981,2023-06-10,C00569,P017,V010,R05,2,499.9,0.05
S0003951,PED001982,2025-07-03,C00557,P029,V024,R03,3,249.9,0.1
S0003952,PED001982,2025-07-03,C00557,P036,V024,R03,1,49.9,0.05
S0003953,PED001983,2025-03-07,C00609,P010,V020,R05,4,249.9,0.1
S0003954,PED001983,2025-03-07,C00609,P052,V020,R05,3,89.9,0.0
S0003955,PED001983,2025-03-07,C00609,P032,V020,R05,2,499.9,0.1
S0003956,PED001984,2025-04-26,C00589,P003,V001,R01,3,49.9,0.1
S0003957,PED001984,2025-04-26,C00589,P011,V001,R01,2,149.9,0.1
S0003958,PED001984,2025-04-26,C00589,P036,V001,R01,4,49.9,0.1
S0003959,PED001985,2024-03-17,C00549,P031,V022,R03,3,149.9,0.15
S0003960,PED001986,2025-08-17,C00513,P024,V017,R05,4,149.9,0.05
S0003961,PED001987,2024-04-12,C00513,P025,V014,R05,3,149.9,0.0
S0003962,PED001988,2024-10-11,C00483,P009,V005,R04,2,499.9,0.05
S0003963,PED001989,2023-01-01,C00653,P044,V003,R01,1,499.9,0.0
S0003964,PED001989,2023-01-01,C00653,P025,V003,R01,2,149.9,0.0
S0003965,PED001989,2023-01-01,C00653,P039,V003,R01,2,249.9,0.0
S0003966,PED001990,2024-12-12,C00616,P004,V001,R01,3,499.9,0.1
S0003967,PED001991,2025-03-08,C00662,P044,V011,R02,1,499.9,0.0
S0003968,PED001991,2025-03-08,C00662,P023,V011,R02,4,899.9,0.1
S0003969,PED001992,2024-10-07,C00617,P052,V012,R01,1,89.9,0.15
S0003970,PED001992,2024-10-07,C00617,P015,V012,R01,2,499.9,0.05
S0003971,PED001993,2024-07-19,C00556,P023,V023,R01,4,899.9,0.05
S0003972,PED001994,2025-06-25,C00537,P018,V008,R02,1,499.9,0.0
S0003973,PED001995,2025-01-19,C00583,P053,V015,R01,3,49.9,0.0
S0003974,PED001995,2025-01-19,C00583,P004,V015,R01,3,499.9,0.0
S0003975,PED001995,2025-01-19,C00583,P021,V015,R01,3,899.9,0.05
S0003976,PED001996,2023-11-16,C00573,P031,V014,R01,2,149.9,0.15
S0003977,PED001996,2023-11-16,C00573,P011,V014,R01,2,149.9,0.0
S0003978,PED001996,2023-11-16,C00573,P016,V014,R01,1,149.9,0.15
S0003979,PED001997,2025-11-27,C00646,P020,V003,R01,2,49.9,0.05
S0003980,PED001997,2025-11-27,C00646,P031,V003,R01,4,149.9,0.15
S0003981,PED001998,2025-02-22,C00549,P022,V008,R03,3,499.9,0.15
S0003982,PED001998,2025-02-22,C00549,P056,V008,R03,1,149.9,0.15
S0003983,PED001999,2025-12-21,C00461,P027,V023,R03,1,249.9,0.05
S0003984,PED001999,2025-12-21,C00461,P044,V023,R03,3,499.9,0.0
S0003985,PED001999,2025-12-21,C00461,P013,V023,R03,2,899.9,0.15
S0003986,PED002000,2025-12-07,C00633,P005,V024,R05,1,499.9,0.05
S0003987,PED002000,2025-12-07,C00633,P027,V024,R05,2,249.9,0.0
S0003988,PED002000,2025-12-07,C00633,P004,V024,R05,3,499.9,0.1
S0003989,PED002001,2025-10-26,C00050,P041,V003,R04,2,149.9,0.0
S0003990,PED002002,2025-04-23,C00613,P011,V006,R02,3,149.9,0.0
S0003991,PED002002,2025-04-23,C00613,P022,V006,R02,1,499.9,0.0
S0003992,PED002002,2025-04-23,C00613,P044,V006,R02,2,499.9,0.1
S0003993,PED002003,2024-11-14,C00511,P004,V007,R04,4,499.9,0.1
S0003994,PED002003,2024-11-14,C00511,P040,V007,R04,3,249.9,0.1
S0003995,PED002004,2023-07-30,C00302,P018,V005,R05,4,499.9,0.1
S0003996,PED002004,2023-07-30,C00302,P017,V005,R05,2,499.9,0.05
S0003997,PED002004,2023-07-30,C00302,P010,V005,R05,4,249.9,0.1
S0003998,PED002005,2024-09-12,C00512,P018,V009,R05,3,499.9,0.05
S0003999,PED002005,2024-09-12,C00512,P027,V009,R05,1,249.9,0.1
S0004000,PED002005,2024-09-12,C00512,P019,V009,R05,4,149.9,0.0
S0004001,PED002006,2025-05-05,C00640,P016,V004,R05,1,149.9,0.05
S0004002,PED002006,2025-05-05,C00640,P010,V004,R05,4,249.9,0.0
S0004003,PED002007,2024-08-17,C00467,P006,V024,R01,3,499.9,0.1
S0004004,PED002008,2025-09-03,C00555,P010,V017,R01,3,249.9,0.0
S0004005,PED002008,2025-09-03,C00555,P042,V017,R01,4,499.9,0.1
S0004006,PED002008,2025-09-03,C00555,P005,V017,R01,4,499.9,0.05
S0004007,PED002009,2023-05-18,C00468,P045,V001,R02,2,49.9,0.1
S0004008,PED002010,2024-03-03,C00670,P053,V018,R01,1,49.9,0.1
S0004009,PED002010,2024-03-03,C00670,P010,V018,R01,4,249.9,0.05
S0004010,PED002010,2024-03-03,C00670,P014,V018,R01,2,499.9,0.05
S0004011,PED002011,2024-07-30,C00647,P004,V020,R04,1,499.9,0.15
S0004012,PED002011,2024-07-30,C00647,P030,V020,R04,3,499.9,0.1
S0004013,PED002011,2024-07-30,C00647,P044,V020,R04,2,499.9,0.0
S0004014,PED002012,2024-05-05,C00673,P011,V006,R01,1,149.9,0.0
S0004015,PED002012,2024-05-05,C00673,P007,V006,R01,1,899.9,0.15
S0004016,PED002013,2023-05-17,C00578,P042,V004,R04,3,499.9,0.05
S0004017,PED002014,2023-07-08,C00624,P014,V016,R05,1,499.9,0.05
S0004018,PED002014,2023-07-08,C00624,P001,V016,R05,3,49.9,0.15
S0004019,PED002014,2023-07-08,C00624,P035,V016,R05,3,499.9,0.05
S0004020,PED002015,2025-07-29,C00382,P047,V001,R05,1,149.9,0.05
S0004021,PED002015,2025-07-29,C00382,P058,V001,R05,4,49.9,0.0
S0004022,PED002015,2025-07-29,C00382,P030,V001,R05,2,499.9,0.1
S0004023,PED002016,2024-07-04,C00620,P033,V011,R01,2,89.9,0.0
S0004024,PED002016,2024-07-04,C00620,P023,V011,R01,3,899.9,0.0
S0004025,PED002016,2024-07-04,C00620,P003,V011,R01,4,49.9,0.0
S0004026,PED002017,2023-03-05,C00604,P004,V021,R02,1,499.9,0.1
S0004027,PED002018,2023-01-22,C00617,P036,V020,R01,3,49.9,0.1
S0004028,PED002018,2023-01-22,C00617,P056,V020,R01,3,149.9,0.05
S0004029,PED002019,2024-06-22,C00469,P039,V006,R04,2,249.9,0.1
S0004030,PED002020,2023-07-21,C00503,P036,V017,R04,3,49.9,0.05
S0004031,PED002020,2023-07-21,C00503,P007,V017,R04,4,899.9,0.15
S0004032,PED002020,2023-07-21,C00503,P014,V017,R04,1,499.9,0.0
S0004033,PED002021,2025-02-19,C00313,P008,V002,R04,3,149.9,0.0
S0004034,PED002021,2025-02-19,C00313,P026,V002,R04,1,49.9,0.0
S0004035,PED002021,2025-02-19,C00313,P011,V002,R04,3,149.9,0.05
S0004036,PED002022,2025-06-09,C00648,P019,V004,R03,3,149.9,0.05
S0004037,PED002022,2025-06-09,C00648,P002,V004,R03,1,499.9,0.1
S0004038,PED002022,2025-06-09,C00648,P036,V004,R03,4,49.9,0.05
S0004039,PED002023,2023-10-02,C00472,P025,V001,R01,4,149.9,0.05
S0004040,PED002023,2023-10-02,C00472,P044,V001,R01,1,499.9,0.1
S0004041,PED002024,2024-11-01,C00684,P004,V018,R01,1,499.9,0.05
S0004042,PED002025,2023-07-09,C00510,P048,V012,R02,4,149.9,0.15
S0004043,PED002025,2023-07-09,C00510,P011,V012,R02,1,149.9,0.0
S0004044,PED002025,2023-07-09,C00510,P001,V012,R02,2,49.9,0.1
S0004045,PED002026,2023-12-06,C00533,P001,V018,R01,2,49.9,0.0
S0004046,PED002026,2023-12-06,C00533,P059,V018,R01,1,499.9,0.1
S0004047,PED002026,2023-12-06,C00533,P024,V018,R01,2,149.9,0.05
S0004048,PED002027,2025-09-25,C00465,P034,V008,R05,2,499.9,0.0
S0004049,PED002027,2025-09-25,C00465,P001,V008,R05,2,49.9,0.0
S0004050,PED002027,2025-09-25,C00465,P049,V008,R05,2,899.9,0.0
S0004051,PED002028,2024-09-13,C00549,P022,V016,R03,1,499.9,0.0
S0004052,PED002029,2025-09-22,C00622,P024,V008,R04,2,149.9,0.0
S0004053,PED002029,2025-09-22,C00622,P026,V008,R04,4,49.9,0.0
S0004054,PED002029,2025-09-22,C00622,P008,V008,R04,1,149.9,0.1
S0004055,PED002030,2023-09-29,C00474,P001,V002,R04,4,49.9,0.0
S0004056,PED002031,2023-12-29,C00668,P031,V003,R04,4,149.9,0.0
S0004057,PED002031,2023-12-29,C00668,P030,V003,R04,1,499.9,0.0
S0004058,PED002032,2024-06-19,C00276,P015,V024,R05,4,499.9,0.05
S0004059,PED002032,2024-06-19,C00276,P056,V024,R05,3,149.9,0.15
S0004060,PED002033,2024-06-29,C00641,P025,V016,R03,2,149.9,0.0
S0004061,PED002033,2024-06-29,C00641,P028,V016,R03,4,499.9,0.0
S0004062,PED002034,2025-12-29,C00620,P004,V009,R01,4,499.9,0.0
S0004063,PED002035,2023-05-24,C00507,P033,V009,R02,1,89.9,0.1
S0004064,PED002035,2023-05-24,C00507,P016,V009,R02,3,149.9,0.1
S0004065,PED002035,2023-05-24,C00507,P045,V009,R02,2,49.9,0.0
S0004066,PED002036,2025-08-15,C00506,P010,V012,R04,3,249.9,0.0
S0004067,PED002037,2025-08-28,C00623,P031,V011,R05,3,149.9,0.0
S0004068,PED002037,2025-08-28,C00623,P009,V011,R05,1,499.9,0.0
S0004069,PED002038,2024-09-23,C00578,P035,V024,R04,2,499.9,0.15
S0004070,PED002038,2024-09-23,C00578,P030,V024,R04,4,499.9,0.1
S0004071,PED002038,2024-09-23,C00578,P015,V024,R04,2,499.9,0.05
S0004072,PED002039,2024-01-14,C00523,P060,V002,R05,1,149.9,0.1
S0004073,PED002039,2024-01-14,C00523,P001,V002,R05,2,49.9,0.1
S0004074,PED002039,2024-01-14,C00523,P022,V002,R05,4,499.9,0.0
S0004075,PED002040,2024-08-15,C00598,P004,V005,R01,2,499.9,0.2
S0004076,PED002040,2024-08-15,C00598,P058,V005,R01,1,49.9,0.0
S0004077,PED002041,2023-11-27,C00609,P043,V020,R05,3,49.9,0.1
S0004078,PED002041,2023-11-27,C00609,P030,V020,R05,3,499.9,0.15
S0004079,PED002041,2023-11-27,C00609,P039,V020,R05,2,249.9,0.05
S0004080,PED002042,2025-06-13,C00645,P024,V004,R01,2,149.9,0.15
S0004081,PED002043,2024-07-21,C00568,P033,V018,R02,2,89.9,0.0
S0004082,PED002043,2024-07-21,C00568,P001,V018,R02,3,49.9,0.0
S0004083,PED002044,2025-11-02,C00658,P001,V007,R04,1,49.9,0.15
S0004084,PED002044,2025-11-02,C00658,P006,V007,R04,2,499.9,0.0
S0004085,PED002044,2025-11-02,C00658,P005,V007,R04,2,499.9,0.1
S0004086,PED002045,2024-11-24,C00525,P012,V004,R01,3,89.9,0.0
S0004087,PED002045,2024-11-24,C00525,P008,V004,R01,3,149.9,0.0
S0004088,PED002045,2024-11-24,C00525,P040,V004,R01,3,249.9,0.05
S0004089,PED002046,2024-08-09,C00656,P024,V002,R01,1,149.9,0.1
S0004090,PED002047,2025-02-27,C00479,P020,V003,R01,4,49.9,0.05
S0004091,PED002047,2025-02-27,C00479,P021,V003,R01,4,899.9,0.0
S0004092,PED002048,2024-07-28,C00515,P029,V003,R04,3,249.9,0.1
S0004093,PED002049,2025-10-12,C00625,P047,V014,R05,4,149.9,0.15
S0004094,PED002049,2025-10-12,C00625,P013,V014,R05,1,899.9,0.2
S0004095,PED002049,2025-10-12,C00625,P008,V014,R05,3,149.9,0.05
S0004096,PED002050,2023-08-14,C00511,P027,V023,R04,1,249.9,0.0
S0004097,PED002050,2023-08-14,C00511,P022,V023,R04,4,499.9,0.0
S0004098,PED002051,2025-12-08,C00619,P054,V002,R01,1,249.9,0.15
S0004099,PED002052,2025-06-28,C00620,P043,V024,R01,3,49.9,0.15
S0004100,PED002052,2025-06-28,C00620,P052,V024,R01,2,89.9,0.05
S0004101,PED002052,2025-06-28,C00620,P008,V024,R01,2,149.9,0.05
S0004102,PED002053,2025-08-25,C00617,P012,V006,R01,4,89.9,0.05
S0004103,PED002053,2025-08-25,C00617,P037,V006,R01,2,149.9,0.0
S0004104,PED002053,2025-08-25,C00617,P024,V006,R01,4,149.9,0.1
S0004105,PED002054,2024-07-02,C00348,P054,V009,R02,3,249.9,0.1
S0004106,PED002054,2024-07-02,C00348,P022,V009,R02,4,499.9,0.15
S0004107,PED002055,2025-07-28,C00544,P024,V017,R05,3,149.9,0.0
S0004108,PED002055,2025-07-28,C00544,P025,V017,R05,2,149.9,0.0
S0004109,PED002056,2023-12-09,C00145,P005,V016,R03,2,499.9,0.0
S0004110,PED002057,2025-05-01,C00552,P024,V002,R05,3,149.9,0.15
S0004111,PED002057,2025-05-01,C00552,P047,V002,R05,2,149.9,0.0
S0004112,PED002058,2023-06-23,C00506,P014,V010,R04,1,499.9,0.1
S0004113,PED002058,2023-06-23,C00506,P001,V010,R04,4,49.9,0.0
S0004114,PED002058,2023-06-23,C00506,P002,V010,R04,3,499.9,0.15
S0004115,PED002059,2023-12-09,C00321,P018,V015,R03,2,499.9,0.0
S0004116,PED002060,2024-05-21,C00610,P006,V019,R01,2,499.9,0.0
S0004117,PED002060,2024-05-21,C00610,P009,V019,R01,2,499.9,0.05
S0004118,PED002061,2023-12-22,C00536,P011,V023,R05,4,149.9,0.0
S0004119,PED002061,2023-12-22,C00536,P014,V023,R05,1,499.9,0.1
S0004120,PED002062,2024-03-10,C00509,P005,V023,R04,3,499.9,0.15
S0004121,PED002063,2025-07-07,C00668,P053,V019,R04,1,49.9,0.1
S0004122,PED002064,2023-10-31,C00173,P009,V017,R05,2,499.9,0.2
S0004123,PED002064,2023-10-31,C00173,P041,V017,R05,4,149.9,0.0
S0004124,PED002064,2023-10-31,C00173,P021,V017,R05,1,899.9,0.1
S0004125,PED002065,2025-04-10,C00597,P034,V012,R04,2,499.9,0.0
S0004126,PED002065,2025-04-10,C00597,P036,V012,R04,4,49.9,0.05
S0004127,PED002065,2025-04-10,C00597,P027,V012,R04,3,249.9,0.1
S0004128,PED002066,2023-04-04,C00641,P001,V014,R03,2,49.9,0.0
S0004129,PED002067,2025-05-05,C00546,P040,V007,R04,3,249.9,0.05
S0004130,PED002067,2025-05-05,C00546,P055,V007,R04,1,149.9,0.05
S0004131,PED002068,2025-06-05,C00563,P028,V009,R01,3,499.9,0.05
S0004132,PED002068,2025-06-05,C00563,P018,V009,R01,4,499.9,0.0
S0004133,PED002068,2025-06-05,C00563,P020,V009,R01,4,49.9,0.2
S0004134,PED002069,2024-03-28,C00586,P057,V002,R02,3,149.9,0.0
S0004135,PED002069,2024-03-28,C00586,P059,V002,R02,3,499.9,0.0
S0004136,PED002070,2025-03-13,C00606,P040,V001,R01,2,249.9,0.15
S0004137,PED002071,2025-10-22,C00691,P023,V003,R02,2,899.9,0.15
S0004138,PED002071,2025-10-22,C00691,P017,V003,R02,4,499.9,0.0
S0004139,PED002071,2025-10-22,C00691,P025,V003,R02,2,149.9,0.1
S0004140,PED002072,2025-06-15,C00624,P053,V001,R05,4,49.9,0.05
S0004141,PED002072,2025-06-15,C00624,P004,V001,R05,2,499.9,0.05
S0004142,PED002073,2024-03-15,C00241,P057,V010,R01,3,149.9,0.0
S0004143,PED002073,2024-03-15,C00241,P010,V010,R01,1,249.9,0.15
S0004144,PED002073,2024-03-15,C00241,P024,V010,R01,1,149.9,0.05
S0004145,PED002074,2024-07-04,C00665,P045,V003,R03,1,49.9,0.05
S0004146,PED002074,2024-07-04,C00665,P013,V003,R03,1,899.9,0.05
S0004147,PED002074,2024-07-04,C00665,P024,V003,R03,3,149.9,0.05
S0004148,PED002075,2025-05-21,C00685,P034,V008,R02,1,499.9,0.0
S0004149,PED002075,2025-05-21,C00685,P025,V008,R02,4,149.9,0.0
S0004150,PED002076,2023-11-27,C00203,P024,V004,R01,1,149.9,0.0
S0004151,PED002076,2023-11-27,C00203,P009,V004,R01,1,499.9,0.1
S0004152,PED002076,2023-11-27,C00203,P001,V004,R01,3,49.9,0.05
S0004153,PED002077,2025-06-19,C00553,P023,V023,R05,1,899.9,0.1
S0004154,PED002077,2025-06-19,C00553,P011,V023,R05,4,149.9,0.2
S0004155,PED002078,2023-12-27,C00468,P026,V016,R02,3,49.9,0.0
S0004156,PED002079,2025-06-21,C00607,P051,V001,R05,3,899.9,0.0
S0004157,PED002079,2025-06-21,C00607,P041,V001,R05,1,149.9,0.0
S0004158,PED002080,2023-04-20,C00459,P031,V017,R03,3,149.9,0.0
S0004159,PED002081,2023-02-28,C00697,P014,V022,R02,1,499.9,0.15
S0004160,PED002082,2025-12-29,C00540,P046,V016,R03,3,249.9,0.0
S0004161,PED002083,2025-09-04,C00639,P011,V002,R05,1,149.9,0.1
S0004162,PED002084,2025-09-19,C00121,P040,V011,R01,2,249.9,0.0
S0004163,PED002084,2025-09-19,C00121,P014,V011,R01,1,499.9,0.05
S0004164,PED002084,2025-09-19,C00121,P004,V011,R01,4,499.9,0.2
S0004165,PED002085,2025-11-21,C00575,P039,V020,R03,4,249.9,0.05
S0004166,PED002085,2025-11-21,C00575,P027,V020,R03,1,249.9,0.0
S0004167,PED002085,2025-11-21,C00575,P049,V020,R03,2,899.9,0.1
S0004168,PED002086,2024-05-12,C00676,P058,V008,R05,4,49.9,0.0
S0004169,PED002087,2023-11-23,C00438,P021,V007,R04,1,899.9,0.1
S0004170,PED002088,2023-06-11,C00518,P024,V006,R02,2,149.9,0.0
S0004171,PED002089,2024-07-25,C00673,P041,V001,R01,1,149.9,0.0
S0004172,PED002090,2023-09-23,C00601,P033,V001,R05,2,89.9,0.05
S0004173,PED002090,2023-09-23,C00601,P037,V001,R05,1,149.9,0.15
S0004174,PED002090,2023-09-23,C00601,P018,V001,R05,3,499.9,0.05
S0004175,PED002091,2025-11-09,C00554,P018,V015,R04,1,499.9,0.0
S0004176,PED002091,2025-11-09,C00554,P048,V015,R04,1,149.9,0.15
S0004177,PED002091,2025-11-09,C00554,P007,V015,R04,3,899.9,0.0
S0004178,PED002092,2023-01-06,C00621,P046,V020,R05,1,249.9,0.15
S0004179,PED002092,2023-01-06,C00621,P048,V020,R05,1,149.9,0.15
S0004180,PED002092,2023-01-06,C00621,P039,V020,R05,4,249.9,0.05
S0004181,PED002093,2023-06-26,C00671,P009,V009,R01,1,499.9,0.15
S0004182,PED002093,2023-06-26,C00671,P031,V009,R01,3,149.9,0.0
S0004183,PED002093,2023-06-26,C00671,P006,V009,R01,1,499.9,0.0
S0004184,PED002094,2023-10-21,C00645,P027,V001,R01,1,249.9,0.1
S0004185,PED002094,2023-10-21,C00645,P012,V001,R01,4,89.9,0.1
S0004186,PED002095,2023-08-31,C00619,P006,V015,R01,2,499.9,0.1
S0004187,PED002095,2023-08-31,C00619,P003,V015,R01,4,49.9,0.0
S0004188,PED002096,2023-09-30,C00659,P003,V015,R01,2,49.9,0.0
S0004189,PED002096,2023-09-30,C00659,P010,V015,R01,3,249.9,0.0
S0004190,PED002096,2023-09-30,C00659,P038,V015,R01,3,499.9,0.0
S0004191,PED002097,2024-12-22,C00553,P045,V005,R05,2,49.9,0.0
S0004192,PED002097,2024-12-22,C00553,P038,V005,R05,3,499.9,0.0
S0004193,PED002098,2023-12-27,C00498,P023,V019,R01,4,899.9,0.0
S0004194,PED002099,2024-11-18,C00558,P028,V012,R03,1,499.9,0.05
S0004195,PED002099,2024-11-18,C00558,P029,V012,R03,1,249.9,0.2
S0004196,PED002099,2024-11-18,C00558,P021,V012,R03,2,899.9,0.1
S0004197,PED002100,2025-09-27,C00610,P026,V022,R01,1,49.9,0.0
S0004198,PED002101,2024-11-09,C00620,P050,V017,R01,1,899.9,0.15
S0004199,PED002101,2024-11-09,C00620,P058,V017,R01,1,49.9,0.0
S0004200,PED002102,2025-02-05,C00537,P011,V013,R02,1,149.9,0.05
S0004201,PED002103,2024-02-12,C00532,P011,V010,R04,4,149.9,0.0
S0004202,PED002103,2024-02-12,C00532,P047,V010,R04,3,149.9,0.1
S0004203,PED002103,2024-02-12,C00532,P020,V010,R04,1,49.9,0.1
S0004204,PED002104,2023-07-15,C00519,P022,V001,R03,2,499.9,0.1
S0004205,PED002104,2023-07-15,C00519,P029,V001,R03,4,249.9,0.0
S0004206,PED002105,2023-12-21,C00649,P008,V002,R03,3,149.9,0.1
S0004207,PED002105,2023-12-21,C00649,P053,V002,R03,1,49.9,0.05
S0004208,PED002105,2023-12-21,C00649,P025,V002,R03,3,149.9,0.0
S0004209,PED002106,2025-11-30,C00463,P035,V017,R05,4,499.9,0.0
S0004210,PED002106,2025-11-30,C00463,P011,V017,R05,2,149.9,0.1
S0004211,PED002107,2024-11-23,C00118,P016,V006,R02,2,149.9,0.0
S0004212,PED002107,2024-11-23,C00118,P058,V006,R02,2,49.9,0.1
S0004213,PED002107,2024-11-23,C00118,P020,V006,R02,2,49.9,0.15
S0004214,PED002108,2023-11-16,C00595,P020,V024,R01,2,49.9,0.1
S0004215,PED002108,2023-11-16,C00595,P014,V024,R01,2,499.9,0.05
S0004216,PED002108,2023-11-16,C00595,P039,V024,R01,2,249.9,0.0
S0004217,PED002109,2024-05-27,C00555,P015,V015,R01,2,499.9,0.0
S0004218,PED002109,2024-05-27,C00555,P003,V015,R01,2,49.9,0.1
S0004219,PED002110,2025-07-26,C00572,P025,V015,R03,2,149.9,0.15
S0004220,PED002111,2025-01-02,C00585,P028,V020,R04,4,499.9,0.1
S0004221,PED002111,2025-01-02,C00585,P031,V020,R04,4,149.9,0.0
S0004222,PED002112,2024-10-01,C00625,P042,V010,R05,1,499.9,0.1
S0004223,PED002113,2025-09-21,C00506,P023,V024,R04,1,899.9,0.15
S0004224,PED002113,2025-09-21,C00506,P036,V024,R04,2,49.9,0.2
S0004225,PED002113,2025-09-21,C00506,P046,V024,R04,1,249.9,0.2
S0004226,PED002114,2025-01-08,C00474,P043,V023,R04,3,49.9,0.0
S0004227,PED002115,2024-12-10,C00656,P023,V005,R01,1,899.9,0.05
S0004228,PED002115,2024-12-10,C00656,P056,V005,R01,4,149.9,0.05
S0004229,PED002115,2024-12-10,C00656,P031,V005,R01,4,149.9,0.05
S0004230,PED002116,2023-08-20,C00674,P030,V013,R01,3,499.9,0.1
S0004231,PED002117,2023-05-14,C00312,P026,V009,R01,2,49.9,0.05
S0004232,PED002117,2023-05-14,C00312,P050,V009,R01,3,899.9,0.05
S0004233,PED002118,2025-12-01,C00516,P021,V001,R02,3,899.9,0.1
S0004234,PED002118,2025-12-01,C00516,P009,V001,R02,1,499.9,0.05
S0004235,PED002118,2025-12-01,C00516,P006,V001,R02,4,499.9,0.05
S0004236,PED002119,2024-11-06,C00499,P048,V008,R04,2,149.9,0.0
S0004237,PED002119,2024-11-06,C00499,P052,V008,R04,4,89.9,0.15
S0004238,PED002120,2024-04-14,C00555,P015,V018,R01,1,499.9,0.1
S0004239,PED002120,2024-04-14,C00555,P014,V018,R01,1,499.9,0.0
S0004240,PED002121,2024-10-29,C00535,P020,V005,R05,3,49.9,0.0
S0004241,PED002121,2024-10-29,C00535,P032,V005,R05,3,499.9,0.05
S0004242,PED002122,2023-03-21,C00602,P024,V024,R01,1,149.9,0.15
S0004243,PED002122,2023-03-21,C00602,P016,V024,R01,2,149.9,0.0
S0004244,PED002122,2023-03-21,C00602,P009,V024,R01,4,499.9,0.0
S0004245,PED002123,2025-07-10,C00547,P002,V002,R05,3,499.9,0.1
S0004246,PED002123,2025-07-10,C00547,P022,V002,R05,1,499.9,0.0
S0004247,PED002123,2025-07-10,C00547,P007,V002,R05,4,899.9,0.1
S0004248,PED002124,2023-09-20,C00435,P051,V019,R01,1,899.9,0.1
S0004249,PED002124,2023-09-20,C00435,P029,V019,R01,1,249.9,0.0
S0004250,PED002124,2023-09-20,C00435,P024,V019,R01,2,149.9,0.05
S0004251,PED002125,2025-06-19,C00622,P019,V016,R04,4,149.9,0.15
S0004252,PED002125,2025-06-19,C00622,P011,V016,R04,1,149.9,0.15
S0004253,PED002125,2025-06-19,C00622,P006,V016,R04,1,499.9,0.0
S0004254,PED002126,2024-09-02,C00677,P022,V001,R03,1,499.9,0.05
S0004255,PED002126,2024-09-02,C00677,P015,V001,R03,4,499.9,0.05
S0004256,PED002126,2024-09-02,C00677,P050,V001,R03,1,899.9,0.0
S0004257,PED002127,2023-11-15,C00585,P059,V015,R04,4,499.9,0.0
S0004258,PED002127,2023-11-15,C00585,P027,V015,R04,1,249.9,0.0
S0004259,PED002128,2023-02-09,C00663,P002,V009,R01,2,499.9,0.15
S0004260,PED002128,2023-02-09,C00663,P011,V009,R01,4,149.9,0.0
S0004261,PED002129,2025-07-02,C00643,P001,V024,R03,4,49.9,0.2
S0004262,PED002129,2025-07-02,C00643,P051,V024,R03,3,899.9,0.1
S0004263,PED002130,2023-08-04,C00633,P026,V007,R05,4,49.9,0.0
S0004264,PED002130,2023-08-04,C00633,P036,V007,R05,3,49.9,0.05
S0004265,PED002131,2023-03-09,C00561,P006,V019,R03,4,499.9,0.05
S0004266,PED002131,2023-03-09,C00561,P020,V019,R03,1,49.9,0.15
S0004267,PED002131,2023-03-09,C00561,P002,V019,R03,1,499.9,0.05
S0004268,PED002132,2025-04-23,C00459,P009,V008,R03,3,499.9,0.0
S0004269,PED002133,2024-01-22,C00537,P048,V002,R02,3,149.9,0.1
S0004270,PED002133,2024-01-22,C00537,P009,V002,R02,2,499.9,0.0
S0004271,PED002134,2024-03-13,C00571,P043,V014,R02,4,49.9,0.05
S0004272,PED002135,2023-10-21,C00532,P003,V009,R04,2,49.9,0.0
S0004273,PED002135,2023-10-21,C00532,P012,V009,R04,3,89.9,0.0
S0004274,PED002135,2023-10-21,C00532,P051,V009,R04,4,899.9,0.1
S0004275,PED002136,2025-08-23,C00470,P053,V008,R03,1,49.9,0.1
S0004276,PED002137,2023-11-30,C00544,P006,V003,R05,1,499.9,0.2
S0004277,PED002137,2023-11-30,C00544,P012,V003,R05,1,89.9,0.1
S0004278,PED002138,2023-09-12,C00611,P024,V007,R01,3,149.9,0.0
S0004279,PED002138,2023-09-12,C00611,P028,V007,R01,2,499.9,0.15
S0004280,PED002138,2023-09-12,C00611,P005,V007,R01,1,499.9,0.0
S0004281,PED002139,2023-12-11,C00461,P013,V016,R03,4,899.9,0.0
S0004282,PED002140,2023-09-05,C00615,P022,V007,R05,3,499.9,0.0
S0004283,PED002141,2023-12-18,C00635,P036,V002,R01,3,49.9,0.0
S0004284,PED002141,2023-12-18,C00635,P005,V002,R01,3,499.9,0.0
S0004285,PED002141,2023-12-18,C00635,P041,V002,R01,1,149.9,0.1
S0004286,PED002142,2023-04-16,C00663,P012,V014,R01,2,89.9,0.0
S0004287,PED002142,2023-04-16,C00663,P018,V014,R01,4,499.9,0.05
S0004288,PED002143,2023-07-14,C00418,P005,V009,R02,2,499.9,0.05
S0004289,PED002143,2023-07-14,C00418,P012,V009,R02,1,89.9,0.05
S0004290,PED002144,2024-04-16,C00544,P015,V014,R05,1,499.9,0.1
S0004291,PED002144,2024-04-16,C00544,P008,V014,R05,2,149.9,0.0
S0004292,PED002144,2024-04-16,C00544,P004,V014,R05,1,499.9,0.0
S0004293,PED002145,2025-09-15,C00463,P059,V006,R05,4,499.9,0.05
S0004294,PED002145,2025-09-15,C00463,P019,V006,R05,3,149.9,0.05
S0004295,PED002145,2025-09-15,C00463,P009,V006,R05,2,499.9,0.0
S0004296,PED002146,2023-03-15,C00700,P015,V003,R02,1,499.9,0.05
S0004297,PED002147,2023-09-15,C00557,P039,V020,R03,1,249.9,0.0
S0004298,PED002148,2025-10-16,C00465,P009,V001,R05,3,499.9,0.15
S0004299,PED002148,2025-10-16,C00465,P051,V001,R05,3,899.9,0.0
S0004300,PED002149,2025-09-27,C00461,P050,V004,R03,1,899.9,0.1
S0004301,PED002150,2025-01-17,C00691,P027,V006,R02,4,249.9,0.1
S0004302,PED002151,2023-10-15,C00576,P001,V014,R05,2,49.9,0.05
S0004303,PED002152,2024-04-19,C00644,P043,V011,R02,1,49.9,0.15
S0004304,PED002153,2023-09-14,C00485,P045,V004,R04,3,49.9,0.2
S0004305,PED002153,2023-09-14,C00485,P050,V004,R04,3,899.9,0.0
S0004306,PED002154,2023-06-09,C00483,P012,V015,R04,1,89.9,0.15
S0004307,PED002154,2023-06-09,C00483,P026,V015,R04,1,49.9,0.05
S0004308,PED002155,2024-03-02,C00648,P041,V020,R03,2,149.9,0.05
S0004309,PED002155,2024-03-02,C00648,P039,V020,R03,2,249.9,0.1
S0004310,PED002155,2024-03-02,C00648,P005,V020,R03,3,499.9,0.1
S0004311,PED002156,2024-10-16,C00505,P025,V023,R05,1,149.9,0.05
S0004312,PED002156,2024-10-16,C00505,P040,V023,R05,3,249.9,0.05
S0004313,PED002157,2024-02-04,C00539,P037,V023,R04,4,149.9,0.15
S0004314,PED002157,2024-02-04,C00539,P014,V023,R04,4,499.9,0.2
S0004315,PED002157,2024-02-04,C00539,P022,V023,R04,4,499.9,0.1
S0004316,PED002158,2024-11-15,C00557,P037,V016,R03,1,149.9,0.0
S0004317,PED002158,2024-11-15,C00557,P015,V016,R03,4,499.9,0.05
S0004318,PED002158,2024-11-15,C00557,P046,V016,R03,4,249.9,0.0
S0004319,PED002159,2023-11-30,C00596,P039,V013,R04,3,249.9,0.05
S0004320,PED002159,2023-11-30,C00596,P034,V013,R04,3,499.9,0.15
S0004321,PED002160,2024-01-17,C00686,P039,V024,R05,1,249.9,0.1
S0004322,PED002161,2025-06-03,C00194,P056,V005,R04,2,149.9,0.0
S0004323,PED002162,2025-09-14,C00641,P038,V004,R03,1,499.9,0.1
S0004324,PED002163,2023-12-22,C00647,P047,V007,R04,3,149.9,0.1
S0004325,PED002163,2023-12-22,C00647,P020,V007,R04,1,49.9,0.05
S0004326,PED002164,2024-10-12,C00581,P035,V012,R02,2,499.9,0.05
S0004327,PED002164,2024-10-12,C00581,P002,V012,R02,2,499.9,0.1
S0004328,PED002165,2023-11-16,C00642,P010,V005,R01,4,249.9,0.0
S0004329,PED002165,2023-11-16,C00642,P014,V005,R01,2,499.9,0.1
S0004330,PED002166,2023-03-11,C00653,P026,V007,R01,2,49.9,0.1
S0004331,PED002166,2023-03-11,C00653,P016,V007,R01,3,149.9,0.1
S0004332,PED002167,2025-04-01,C00655,P016,V011,R03,3,149.9,0.15
S0004333,PED002167,2025-04-01,C00655,P009,V011,R03,2,499.9,0.0
S0004334,PED002168,2023-07-29,C00655,P027,V004,R03,3,249.9,0.15
S0004335,PED002168,2023-07-29,C00655,P051,V004,R03,3,899.9,0.1
S0004336,PED002168,2023-07-29,C00655,P002,V004,R03,3,499.9,0.0
S0004337,PED002169,2024-04-27,C00536,P040,V006,R05,1,249.9,0.0
S0004338,PED002169,2024-04-27,C00536,P007,V006,R05,4,899.9,0.0
S0004339,PED002169,2024-04-27,C00536,P010,V006,R05,4,249.9,0.05
S0004340,PED002170,2024-07-07,C00692,P040,V016,R04,4,249.9,0.0
S0004341,PED002170,2024-07-07,C00692,P024,V016,R04,1,149.9,0.0
S0004342,PED002171,2023-08-14,C00586,P016,V008,R02,4,149.9,0.0
S0004343,PED002172,2023-04-30,C00577,P003,V016,R04,2,49.9,0.0
S0004344,PED002172,2023-04-30,C00577,P060,V016,R04,4,149.9,0.0
S0004345,PED002173,2024-01-20,C00527,P017,V023,R03,4,499.9,0.1
S0004346,PED002173,2024-01-20,C00527,P003,V023,R03,4,49.9,0.0
S0004347,PED002173,2024-01-20,C00527,P059,V023,R03,3,499.9,0.1
S0004348,PED002174,2025-11-21,C00528,P037,V012,R03,2,149.9,0.1
S0004349,PED002174,2025-11-21,C00528,P016,V012,R03,2,149.9,0.2
S0004350,PED002174,2025-11-21,C00528,P019,V012,R03,3,149.9,0.05
S0004351,PED002175,2024-11-18,C00673,P024,V006,R01,2,149.9,0.0
S0004352,PED002176,2024-03-04,C00517,P015,V012,R04,2,499.9,0.0
S0004353,PED002176,2024-03-04,C00517,P008,V012,R04,1,149.9,0.0
S0004354,PED002176,2024-03-04,C00517,P022,V012,R04,3,499.9,0.15
S0004355,PED002177,2023-02-20,C00458,P045,V011,R05,4,49.9,0.0
S0004356,PED002177,2023-02-20,C00458,P047,V011,R05,1,149.9,0.05
S0004357,PED002177,2023-02-20,C00458,P009,V011,R05,3,499.9,0.05
S0004358,PED002178,2024-11-07,C00592,P007,V015,R05,1,899.9,0.1
S0004359,PED002178,2024-11-07,C00592,P030,V015,R05,1,499.9,0.0
S0004360,PED002178,2024-11-07,C00592,P029,V015,R05,3,249.9,0.0
S0004361,PED002179,2023-04-27,C00577,P039,V008,R04,2,249.9,0.05
S0004362,PED002179,2023-04-27,C00577,P032,V008,R04,3,499.9,0.05
S0004363,PED002179,2023-04-27,C00577,P047,V008,R04,2,149.9,0.0
S0004364,PED002180,2024-09-11,C00683,P018,V002,R04,2,499.9,0.1
S0004365,PED002180,2024-09-11,C00683,P002,V002,R04,4,499.9,0.0
S0004366,PED002181,2025-04-18,C00689,P004,V015,R03,1,499.9,0.05
S0004367,PED002181,2025-04-18,C00689,P023,V015,R03,3,899.9,0.1
S0004368,PED002182,2024-04-24,C00648,P022,V008,R03,1,499.9,0.05
S0004369,PED002182,2024-04-24,C00648,P015,V008,R03,1,499.9,0.05
S0004370,PED002182,2024-04-24,C00648,P006,V008,R03,1,499.9,0.05
S0004371,PED002183,2023-12-02,C00462,P032,V017,R04,4,499.9,0.05
S0004372,PED002183,2023-12-02,C00462,P049,V017,R04,2,899.9,0.1
S0004373,PED002184,2023-03-03,C00655,P037,V019,R03,1,149.9,0.0
S0004374,PED002184,2023-03-03,C00655,P049,V019,R03,4,899.9,0.0
S0004375,PED002184,2023-03-03,C00655,P021,V019,R03,4,899.9,0.05
S0004376,PED002185,2023-02-01,C00617,P007,V001,R01,4,899.9,0.05
S0004377,PED002186,2024-05-02,C00577,P027,V003,R04,4,249.9,0.1
S0004378,PED002186,2024-05-02,C00577,P032,V003,R04,4,499.9,0.0
S0004379,PED002187,2025-09-19,C00482,P016,V024,R03,4,149.9,0.05
S0004380,PED002187,2025-09-19,C00482,P002,V024,R03,2,499.9,0.1
S0004381,PED002188,2023-10-18,C00421,P057,V021,R05,1,149.9,0.0
S0004382,PED002188,2023-10-18,C00421,P035,V021,R05,1,499.9,0.0
S0004383,PED002188,2023-10-18,C00421,P007,V021,R05,4,899.9,0.05
S0004384,PED002189,2024-10-14,C00498,P001,V017,R01,1,49.9,0.15
S0004385,PED002190,2025-01-23,C00625,P001,V003,R05,2,49.9,0.0
S0004386,PED002190,2025-01-23,C00625,P021,V003,R05,3,899.9,0.1
S0004387,PED002190,2025-01-23,C00625,P046,V003,R05,4,249.9,0.0
S0004388,PED002191,2023-03-20,C00531,P022,V014,R01,3,499.9,0.1
S0004389,PED002191,2023-03-20,C00531,P009,V014,R01,1,499.9,0.1
S0004390,PED002191,2023-03-20,C00531,P049,V014,R01,2,899.9,0.1
S0004391,PED002192,2023-07-07,C00678,P010,V001,R04,3,249.9,0.15
S0004392,PED002193,2023-12-30,C00546,P012,V021,R04,1,89.9,0.2
S0004393,PED002194,2025-01-05,C00647,P003,V014,R04,1,49.9,0.0
S0004394,PED002194,2025-01-05,C00647,P017,V014,R04,2,499.9,0.05
S0004395,PED002195,2024-05-13,C00612,P015,V016,R05,3,499.9,0.05
S0004396,PED002195,2024-05-13,C00612,P036,V016,R05,4,49.9,0.0
S0004397,PED002196,2025-03-27,C00592,P017,V008,R05,2,499.9,0.0
S0004398,PED002196,2025-03-27,C00592,P015,V008,R05,3,499.9,0.05
S0004399,PED002196,2025-03-27,C00592,P034,V008,R05,4,499.9,0.1
S0004400,PED002197,2025-09-02,C00691,P045,V017,R02,3,49.9,0.0
S0004401,PED002197,2025-09-02,C00691,P037,V017,R02,4,149.9,0.1
S0004402,PED002197,2025-09-02,C00691,P008,V017,R02,3,149.9,0.0
S0004403,PED002198,2025-04-26,C00669,P008,V005,R03,1,149.9,0.0
S0004404,PED002198,2025-04-26,C00669,P058,V005,R03,4,49.9,0.0
S0004405,PED002198,2025-04-26,C00669,P019,V005,R03,2,149.9,0.1
S0004406,PED002199,2025-12-25,C00060,P051,V002,R03,4,899.9,0.15
S0004407,PED002200,2025-04-21,C00483,P024,V008,R04,3,149.9,0.05
S0004408,PED002200,2025-04-21,C00483,P002,V008,R04,2,499.9,0.0
S0004409,PED002201,2025-08-15,C00662,P011,V024,R02,1,149.9,0.05
S0004410,PED002202,2025-07-22,C00603,P059,V010,R02,1,499.9,0.0
S0004411,PED002202,2025-07-22,C00603,P008,V010,R02,2,149.9,0.05
S0004412,PED002202,2025-07-22,C00603,P026,V010,R02,1,49.9,0.1
S0004413,PED002203,2025-03-23,C00465,P001,V011,R05,2,49.9,0.05
S0004414,PED002203,2025-03-23,C00465,P053,V011,R05,4,49.9,0.0
S0004415,PED002203,2025-03-23,C00465,P009,V011,R05,1,499.9,0.0
S0004416,PED002204,2025-06-16,C00598,P017,V002,R01,3,499.9,0.05
S0004417,PED002204,2025-06-16,C00598,P041,V002,R01,1,149.9,0.0
S0004418,PED002204,2025-06-16,C00598,P005,V002,R01,2,499.9,0.0
S0004419,PED002205,2025-11-08,C00565,P017,V001,R04,1,499.9,0.0
S0004420,PED002205,2025-11-08,C00565,P003,V001,R04,1,49.9,0.05
S0004421,PED002206,2024-06-24,C00594,P022,V004,R04,2,499.9,0.0
S0004422,PED002206,2024-06-24,C00594,P017,V004,R04,4,499.9,0.0
S0004423,PED002207,2024-12-07,C00604,P008,V019,R02,2,149.9,0.05
S0004424,PED002207,2024-12-07,C00604,P047,V019,R02,1,149.9,0.0
S0004425,PED002208,2024-08-10,C00344,P011,V005,R03,4,149.9,0.05
S0004426,PED002208,2024-08-10,C00344,P038,V005,R03,2,499.9,0.15
S0004427,PED002209,2025-08-13,C00648,P025,V024,R03,1,149.9,0.1
S0004428,PED002209,2025-08-13,C00648,P034,V024,R03,4,499.9,0.1
S0004429,PED002210,2024-05-04,C00527,P003,V015,R03,3,49.9,0.05
S0004430,PED002210,2024-05-04,C00527,P025,V015,R03,3,149.9,0.0
S0004431,PED002210,2024-05-04,C00527,P028,V015,R03,4,499.9,0.2
S0004432,PED002211,2025-07-07,C00685,P040,V007,R02,4,249.9,0.0
S0004433,PED002211,2025-07-07,C00685,P028,V007,R02,2,499.9,0.05
S0004434,PED002212,2025-06-13,C00562,P050,V018,R01,1,899.9,0.0
S0004435,PED002212,2025-06-13,C00562,P039,V018,R01,4,249.9,0.0
S0004436,PED002212,2025-06-13,C00562,P015,V018,R01,1,499.9,0.0
S0004437,PED002213,2025-11-29,C00600,P031,V002,R05,4,149.9,0.05
S0004438,PED002213,2025-11-29,C00600,P042,V002,R05,2,499.9,0.15
S0004439,PED002214,2023-10-23,C00522,P034,V005,R01,3,499.9,0.05
S0004440,PED002214,2023-10-23,C00522,P049,V005,R01,4,899.9,0.15
S0004441,PED002215,2025-02-26,C00552,P011,V010,R05,2,149.9,0.05
S0004442,PED002216,2025-04-24,C00583,P005,V005,R01,1,499.9,0.15
S0004443,PED002216,2025-04-24,C00583,P045,V005,R01,2,49.9,0.05
S0004444,PED002217,2025-11-10,C00481,P022,V022,R03,3,499.9,0.05
S0004445,PED002217,2025-11-10,C00481,P021,V022,R03,3,899.9,0.2
S0004446,PED002217,2025-11-10,C00481,P010,V022,R03,1,249.9,0.0
S0004447,PED002218,2025-10-14,C00190,P009,V007,R01,3,499.9,0.05
S0004448,PED002219,2024-10-14,C00535,P030,V007,R05,2,499.9,0.0
S0004449,PED002219,2024-10-14,C00535,P020,V007,R05,2,49.9,0.05
S0004450,PED002219,2024-10-14,C00535,P009,V007,R05,3,499.9,0.0
S0004451,PED002220,2024-10-19,C00613,P035,V013,R02,2,499.9,0.0
S0004452,PED002220,2024-10-19,C00613,P016,V013,R02,2,149.9,0.05
S0004453,PED002220,2024-10-19,C00613,P022,V013,R02,2,499.9,0.05
S0004454,PED002221,2023-07-24,C00609,P017,V017,R05,3,499.9,0.0
S0004455,PED002222,2025-12-10,C00522,P028,V009,R01,2,499.9,0.0
S0004456,PED002222,2025-12-10,C00522,P025,V009,R01,2,149.9,0.05
S0004457,PED002222,2025-12-10,C00522,P054,V009,R01,3,249.9,0.1
S0004458,PED002223,2023-10-29,C00505,P001,V018,R05,1,49.9,0.05
S0004459,PED002223,2023-10-29,C00505,P038,V018,R05,3,499.9,0.0
S0004460,PED002224,2025-03-16,C00255,P011,V021,R02,3,149.9,0.0
S0004461,PED002225,2025-06-09,C00586,P022,V015,R02,4,499.9,0.15
S0004462,PED002226,2024-05-15,C00511,P033,V008,R04,2,89.9,0.1
S0004463,PED002226,2024-05-15,C00511,P002,V008,R04,1,499.9,0.0
S0004464,PED002226,2024-05-15,C00511,P006,V008,R04,1,499.9,0.0
S0004465,PED002227,2023-09-14,C00012,P015,V005,R04,2,499.9,0.15
S0004466,PED002228,2023-08-19,C00638,P006,V014,R04,3,499.9,0.15
S0004467,PED002228,2023-08-19,C00638,P008,V014,R04,3,149.9,0.1
S0004468,PED002229,2025-08-20,C00565,P027,V007,R04,4,249.9,0.1
S0004469,PED002229,2025-08-20,C00565,P023,V007,R04,1,899.9,0.0
S0004470,PED002230,2024-08-05,C00661,P030,V010,R01,1,499.9,0.1
S0004471,PED002231,2023-04-25,C00549,P011,V008,R03,4,149.9,0.1
S0004472,PED002231,2023-04-25,C00549,P047,V008,R03,1,149.9,0.1
S0004473,PED002232,2025-03-07,C00545,P018,V010,R01,2,499.9,0.1
S0004474,PED002232,2025-03-07,C00545,P043,V010,R01,3,49.9,0.05
S0004475,PED002232,2025-03-07,C00545,P044,V010,R01,3,499.9,0.0
S0004476,PED002233,2023-10-24,C00603,P032,V014,R02,4,499.9,0.05
S0004477,PED002234,2025-09-12,C00474,P010,V007,R04,1,249.9,0.05
S0004478,PED002234,2025-09-12,C00474,P003,V007,R04,1,49.9,0.1
S0004479,PED002235,2023-12-11,C00518,P042,V021,R02,1,499.9,0.1
S0004480,PED002235,2023-12-11,C00518,P028,V021,R02,2,499.9,0.0
S0004481,PED002235,2023-12-11,C00518,P013,V021,R02,4,899.9,0.05
S0004482,PED002236,2023-09-01,C00633,P006,V005,R05,1,499.9,0.0
S0004483,PED002236,2023-09-01,C00633,P002,V005,R05,2,499.9,0.15
S0004484,PED002236,2023-09-01,C00633,P036,V005,R05,3,49.9,0.1
S0004485,PED002237,2023-04-18,C00558,P020,V006,R03,1,49.9,0.0
S0004486,PED002237,2023-04-18,C00558,P008,V006,R03,4,149.9,0.05
S0004487,PED002238,2024-08-06,C00460,P010,V004,R03,3,249.9,0.05
S0004488,PED002238,2024-08-06,C00460,P046,V004,R03,4,249.9,0.05
S0004489,PED002239,2024-05-26,C00495,P049,V014,R05,1,899.9,0.0
S0004490,PED002240,2025-04-18,C00620,P034,V014,R01,1,499.9,0.05
S0004491,PED002240,2025-04-18,C00620,P038,V014,R01,2,499.9,0.05
S0004492,PED002240,2025-04-18,C00620,P037,V014,R01,3,149.9,0.1
S0004493,PED002241,2024-06-11,C00520,P033,V010,R02,3,89.9,0.0
S0004494,PED002242,2024-01-14,C00615,P036,V014,R05,1,49.9,0.0
S0004495,PED002243,2023-11-04,C00468,P020,V019,R02,1,49.9,0.0
S0004496,PED002243,2023-11-04,C00468,P007,V019,R02,2,899.9,0.0
S0004497,PED002243,2023-11-04,C00468,P046,V019,R02,2,249.9,0.1
S0004498,PED002244,2023-11-16,C00585,P007,V006,R04,3,899.9,0.05
S0004499,PED002244,2023-11-16,C00585,P015,V006,R04,4,499.9,0.2
S0004500,PED002244,2023-11-16,C00585,P005,V006,R04,1,499.9,0.0
S0004501,PED002245,2025-11-03,C00634,P011,V013,R05,2,149.9,0.1
S0004502,PED002245,2025-11-03,C00634,P045,V013,R05,4,49.9,0.1
S0004503,PED002246,2023-07-22,C00622,P053,V004,R04,4,49.9,0.1
S0004504,PED002246,2023-07-22,C00622,P020,V004,R04,4,49.9,0.0
S0004505,PED002247,2025-12-21,C00512,P002,V012,R05,4,499.9,0.05
S0004506,PED002247,2025-12-21,C00512,P019,V012,R05,3,149.9,0.0
S0004507,PED002248,2023-12-26,C00502,P051,V016,R04,4,899.9,0.0
S0004508,PED002248,2023-12-26,C00502,P024,V016,R04,4,149.9,0.0
S0004509,PED002249,2023-04-22,C00697,P029,V002,R02,2,249.9,0.05
S0004510,PED002249,2023-04-22,C00697,P009,V002,R02,1,499.9,0.05
S0004511,PED002250,2023-10-23,C00512,P028,V013,R05,2,499.9,0.2
S0004512,PED002250,2023-10-23,C00512,P059,V013,R05,4,499.9,0.15
S0004513,PED002250,2023-10-23,C00512,P035,V013,R05,3,499.9,0.05
S0004514,PED002251,2023-03-17,C00499,P004,V008,R04,2,499.9,0.0
S0004515,PED002252,2025-06-03,C00548,P042,V012,R05,4,499.9,0.1
S0004516,PED002252,2025-06-03,C00548,P017,V012,R05,4,499.9,0.1
S0004517,PED002253,2024-08-07,C00159,P002,V002,R01,4,499.9,0.1
S0004518,PED002254,2024-01-05,C00645,P014,V001,R01,1,499.9,0.15
S0004519,PED002254,2024-01-05,C00645,P036,V001,R01,3,49.9,0.1
S0004520,PED002255,2024-12-27,C00693,P057,V006,R05,3,149.9,0.1
S0004521,PED002255,2024-12-27,C00693,P018,V006,R05,4,499.9,0.0
S0004522,PED002256,2024-11-30,C00626,P053,V007,R02,3,49.9,0.15
S0004523,PED002256,2024-11-30,C00626,P032,V007,R02,1,499.9,0.0
S0004524,PED002257,2025-11-12,C00497,P028,V011,R04,1,499.9,0.1
S0004525,PED002257,2025-11-12,C00497,P009,V011,R04,2,499.9,0.05
S0004526,PED002257,2025-11-12,C00497,P041,V011,R04,1,149.9,0.05
S0004527,PED002258,2025-11-28,C00489,P008,V012,R03,4,149.9,0.1
S0004528,PED002258,2025-11-28,C00489,P042,V012,R03,3,499.9,0.05
S0004529,PED002258,2025-11-28,C00489,P018,V012,R03,1,499.9,0.0
S0004530,PED002259,2025-01-18,C00620,P012,V012,R01,2,89.9,0.0
S0004531,PED002260,2025-07-05,C00489,P021,V009,R03,3,899.9,0.05
S0004532,PED002260,2025-07-05,C00489,P024,V009,R03,3,149.9,0.0
S0004533,PED002261,2025-06-05,C00480,P043,V021,R03,3,49.9,0.1
S0004534,PED002261,2025-06-05,C00480,P026,V021,R03,4,49.9,0.2
S0004535,PED002261,2025-06-05,C00480,P016,V021,R03,1,149.9,0.05
S0004536,PED002262,2024-07-13,C00483,P035,V002,R04,2,499.9,0.15
S0004537,PED002262,2024-07-13,C00483,P003,V002,R04,3,49.9,0.0
S0004538,PED002262,2024-07-13,C00483,P011,V002,R04,2,149.9,0.0
S0004539,PED002263,2025-02-19,C00505,P031,V013,R05,3,149.9,0.0
S0004540,PED002263,2025-02-19,C00505,P055,V013,R05,2,149.9,0.0
S0004541,PED002264,2023-04-10,C00544,P005,V009,R05,4,499.9,0.1
S0004542,PED002265,2025-04-26,C00489,P051,V003,R03,3,899.9,0.15
S0004543,PED002265,2025-04-26,C00489,P050,V003,R03,3,899.9,0.1
S0004544,PED002266,2025-11-29,C00581,P005,V007,R02,3,499.9,0.05
S0004545,PED002267,2023-04-18,C00492,P017,V019,R03,3,499.9,0.2
S0004546,PED002267,2023-04-18,C00492,P032,V019,R03,2,499.9,0.0
S0004547,PED002268,2025-07-27,C00628,P055,V003,R05,2,149.9,0.0
S0004548,PED002269,2025-11-07,C00627,P023,V013,R02,2,899.9,0.1
S0004549,PED002269,2025-11-07,C00627,P003,V013,R02,4,49.9,0.0
S0004550,PED002270,2023-09-30,C00644,P001,V023,R02,1,49.9,0.05
S0004551,PED002270,2023-09-30,C00644,P019,V023,R02,2,149.9,0.0
S0004552,PED002270,2023-09-30,C00644,P006,V023,R02,2,499.9,0.2
S0004553,PED002271,2024-08-22,C00502,P013,V007,R04,2,899.9,0.0
S0004554,PED002271,2024-08-22,C00502,P044,V007,R04,3,499.9,0.15
S0004555,PED002272,2025-11-03,C00565,P046,V004,R04,2,249.9,0.1
S0004556,PED002273,2025-11-27,C00564,P056,V002,R03,1,149.9,0.1
S0004557,PED002273,2025-11-27,C00564,P013,V002,R03,1,899.9,0.0
S0004558,PED002274,2023-06-08,C00674,P003,V007,R01,3,49.9,0.05
S0004559,PED002274,2023-06-08,C00674,P009,V007,R01,2,499.9,0.1
S0004560,PED002274,2023-06-08,C00674,P022,V007,R01,3,499.9,0.0
S0004561,PED002275,2024-01-21,C00616,P015,V008,R01,2,499.9,0.0
S0004562,PED002275,2024-01-21,C00616,P002,V008,R01,2,499.9,0.0
S0004563,PED002275,2024-01-21,C00616,P027,V008,R01,3,249.9,0.0
S0004564,PED002276,2025-02-10,C00501,P034,V006,R03,2,499.9,0.1
S0004565,PED002277,2023-09-25,C00607,P003,V023,R05,2,49.9,0.0
S0004566,PED002277,2023-09-25,C00607,P046,V023,R05,3,249.9,0.05
S0004567,PED002277,2023-09-25,C00607,P036,V023,R05,1,49.9,0.0
S0004568,PED002278,2023-12-24,C00558,P055,V013,R03,1,149.9,0.05
S0004569,PED002279,2023-01-30,C00558,P029,V016,R03,1,249.9,0.05
S0004570,PED002279,2023-01-30,C00558,P046,V016,R03,2,249.9,0.05
S0004571,PED002279,2023-01-30,C00558,P001,V016,R03,1,49.9,0.1
S0004572,PED002280,2023-07-08,C00604,P009,V015,R02,4,499.9,0.05
S0004573,PED002280,2023-07-08,C00604,P043,V015,R02,3,49.9,0.15
S0004574,PED002281,2024-10-03,C00527,P002,V001,R03,3,499.9,0.0
S0004575,PED002282,2024-12-19,C00439,P001,V002,R03,1,49.9,0.0
S0004576,PED002282,2024-12-19,C00439,P047,V002,R03,2,149.9,0.0
S0004577,PED002282,2024-12-19,C00439,P002,V002,R03,3,499.9,0.15
S0004578,PED002283,2024-12-16,C00663,P048,V017,R01,2,149.9,0.0
S0004579,PED002284,2025-05-20,C00536,P024,V004,R05,4,149.9,0.1
S0004580,PED002284,2025-05-20,C00536,P015,V004,R05,1,499.9,0.0
S0004581,PED002284,2025-05-20,C00536,P030,V004,R05,3,499.9,0.2
S0004582,PED002285,2024-04-14,C00575,P005,V004,R03,1,499.9,0.05
S0004583,PED002285,2024-04-14,C00575,P009,V004,R03,2,499.9,0.2
S0004584,PED002286,2023-11-13,C00461,P035,V020,R03,3,499.9,0.0
S0004585,PED002287,2023-01-20,C00506,P007,V022,R04,3,899.9,0.2
S0004586,PED002288,2023-09-08,C00619,P036,V010,R01,1,49.9,0.0
S0004587,PED002288,2023-09-08,C00619,P010,V010,R01,3,249.9,0.05
S0004588,PED002289,2023-12-14,C00523,P002,V006,R05,4,499.9,0.0
S0004589,PED002290,2023-08-06,C00518,P020,V011,R02,4,49.9,0.0
S0004590,PED002290,2023-08-06,C00518,P004,V011,R02,1,499.9,0.05
S0004591,PED002291,2023-01-26,C00487,P007,V019,R05,1,899.9,0.0
S0004592,PED002292,2023-07-13,C00692,P032,V013,R04,2,499.9,0.0
S0004593,PED002292,2023-07-13,C00692,P033,V013,R04,2,89.9,0.0
S0004594,PED002292,2023-07-13,C00692,P002,V013,R04,4,499.9,0.05
S0004595,PED002293,2024-12-31,C00582,P039,V011,R05,2,249.9,0.0
S0004596,PED002293,2024-12-31,C00582,P001,V011,R05,1,49.9,0.15
S0004597,PED002294,2024-11-29,C00665,P028,V001,R03,2,499.9,0.0
S0004598,PED002294,2024-11-29,C00665,P001,V001,R03,3,49.9,0.05
S0004599,PED002295,2025-11-09,C00582,P008,V023,R05,3,149.9,0.1
S0004600,PED002295,2025-11-09,C00582,P060,V023,R05,1,149.9,0.1
S0004601,PED002295,2025-11-09,C00582,P011,V023,R05,3,149.9,0.0
S0004602,PED002296,2025-06-12,C00668,P019,V015,R04,3,149.9,0.0
S0004603,PED002296,2025-06-12,C00668,P051,V015,R04,3,899.9,0.05
S0004604,PED002297,2024-10-08,C00617,P043,V004,R01,2,49.9,0.05
S0004605,PED002298,2023-06-19,C00590,P048,V015,R01,2,149.9,0.0
S0004606,PED002298,2023-06-19,C00590,P033,V015,R01,1,89.9,0.1
S0004607,PED002299,2024-10-04,C00695,P028,V021,R03,3,499.9,0.0
S0004608,PED002300,2023-03-21,C00613,P003,V010,R02,2,49.9,0.05
S0004609,PED002300,2023-03-21,C00613,P001,V010,R02,2,49.9,0.0
S0004610,PED002301,2024-05-03,C00468,P009,V021,R02,1,499.9,0.1
S0004611,PED002301,2024-05-03,C00468,P034,V021,R02,4,499.9,0.1
S0004612,PED002302,2024-03-14,C00610,P029,V018,R01,2,249.9,0.1
S0004613,PED002302,2024-03-14,C00610,P045,V018,R01,4,49.9,0.05
S0004614,PED002302,2024-03-14,C00610,P018,V018,R01,1,499.9,0.0
S0004615,PED002303,2024-04-29,C00467,P010,V014,R01,2,249.9,0.0
S0004616,PED002304,2023-11-17,C00457,P001,V015,R01,4,49.9,0.0
S0004617,PED002305,2025-01-25,C00660,P014,V015,R01,3,499.9,0.1
S0004618,PED002306,2025-08-02,C00486,P022,V020,R04,2,499.9,0.15
S0004619,PED002306,2025-08-02,C00486,P001,V020,R04,1,49.9,0.05
S0004620,PED002307,2025-05-08,C00044,P009,V024,R01,4,499.9,0.1
S0004621,PED002307,2025-05-08,C00044,P037,V024,R01,4,149.9,0.0
S0004622,PED002307,2025-05-08,C00044,P039,V024,R01,2,249.9,0.0
S0004623,PED002308,2024-11-28,C00469,P018,V020,R04,1,499.9,0.0
S0004624,PED002309,2024-09-06,C00678,P018,V010,R04,4,499.9,0.0
S0004625,PED002309,2024-09-06,C00678,P024,V010,R04,2,149.9,0.0
S0004626,PED002310,2023-02-10,C00675,P030,V023,R02,3,499.9,0.05
S0004627,PED002310,2023-02-10,C00675,P051,V023,R02,4,899.9,0.05
S0004628,PED002311,2025-03-14,C00514,P013,V004,R04,2,899.9,0.0
S0004629,PED002311,2025-03-14,C00514,P048,V004,R04,2,149.9,0.1
S0004630,PED002312,2024-09-14,C00468,P034,V002,R02,3,499.9,0.0
S0004631,PED002312,2024-09-14,C00468,P013,V002,R02,3,899.9,0.1
S0004632,PED002313,2023-11-11,C00671,P042,V021,R01,2,499.9,0.05
S0004633,PED002313,2023-11-11,C00671,P005,V021,R01,1,499.9,0.1
S0004634,PED002314,2023-12-27,C00539,P004,V001,R04,1,499.9,0.15
S0004635,PED002314,2023-12-27,C00539,P015,V001,R04,2,499.9,0.05
S0004636,PED002314,2023-12-27,C00539,P033,V001,R04,1,89.9,0.0
S0004637,PED002315,2025-11-09,C00505,P012,V008,R05,1,89.9,0.05
S0004638,PED002315,2025-11-09,C00505,P011,V008,R05,3,149.9,0.05
S0004639,PED002315,2025-11-09,C00505,P035,V008,R05,3,499.9,0.0
S0004640,PED002316,2024-11-25,C00479,P006,V005,R01,1,499.9,0.2
S0004641,PED002316,2024-11-25,C00479,P009,V005,R01,2,499.9,0.05
S0004642,PED002316,2024-11-25,C00479,P057,V005,R01,4,149.9,0.1
S0004643,PED002317,2024-06-24,C00602,P009,V013,R01,3,499.9,0.1
S0004644,PED002317,2024-06-24,C00602,P057,V013,R01,1,149.9,0.05
S0004645,PED002318,2024-11-23,C00608,P050,V018,R04,2,899.9,0.05
S0004646,PED002319,2024-04-12,C00467,P016,V006,R01,2,149.9,0.0
S0004647,PED002319,2024-04-12,C00467,P010,V006,R01,1,249.9,0.05
S0004648,PED002320,2024-06-18,C00573,P014,V017,R01,3,499.9,0.1
S0004649,PED002320,2024-06-18,C00573,P021,V017,R01,4,899.9,0.05
S0004650,PED002321,2023-11-25,C00119,P001,V004,R05,1,49.9,0.0
S0004651,PED002321,2023-11-25,C00119,P052,V004,R05,2,89.9,0.0
S0004652,PED002322,2024-05-14,C00691,P033,V011,R02,3,89.9,0.0
S0004653,PED002322,2024-05-14,C00691,P045,V011,R02,4,49.9,0.2
S0004654,PED002323,2025-01-24,C00540,P044,V009,R03,2,499.9,0.0
S0004655,PED002324,2023-02-22,C00544,P014,V023,R05,3,499.9,0.05
S0004656,PED002324,2023-02-22,C00544,P030,V023,R05,2,499.9,0.05
S0004657,PED002325,2025-06-08,C00462,P006,V005,R04,4,499.9,0.0
S0004658,PED002325,2025-06-08,C00462,P020,V005,R04,3,49.9,0.05
S0004659,PED002326,2023-11-20,C00656,P034,V012,R01,2,499.9,0.0
S0004660,PED002326,2023-11-20,C00656,P038,V012,R01,4,499.9,0.1
S0004661,PED002326,2023-11-20,C00656,P056,V012,R01,1,149.9,0.0
S0004662,PED002327,2025-01-20,C00473,P020,V009,R03,4,49.9,0.05
S0004663,PED002328,2024-12-10,C00573,P055,V014,R01,1,149.9,0.0
S0004664,PED002328,2024-12-10,C00573,P007,V014,R01,2,899.9,0.0
S0004665,PED002329,2024-12-19,C00525,P009,V024,R01,1,499.9,0.0
S0004666,PED002329,2024-12-19,C00525,P019,V024,R01,2,149.9,0.2
S0004667,PED002330,2024-11-13,C00464,P018,V015,R04,4,499.9,0.0
S0004668,PED002330,2024-11-13,C00464,P033,V015,R04,4,89.9,0.1
S0004669,PED002331,2025-11-27,C00596,P004,V013,R04,3,499.9,0.1
S0004670,PED002332,2024-08-02,C00646,P008,V018,R01,3,149.9,0.0
S0004671,PED002333,2025-03-25,C00389,P058,V016,R02,3,49.9,0.1
S0004672,PED002333,2025-03-25,C00389,P020,V016,R02,3,49.9,0.05
S0004673,PED002333,2025-03-25,C00389,P010,V016,R02,3,249.9,0.1
S0004674,PED002334,2025-02-20,C00655,P005,V006,R03,1,499.9,0.0
S0004675,PED002334,2025-02-20,C00655,P012,V006,R03,4,89.9,0.0
S0004676,PED002334,2025-02-20,C00655,P031,V006,R03,4,149.9,0.1
S0004677,PED002335,2023-10-10,C00461,P025,V011,R03,1,149.9,0.0
S0004678,PED002335,2023-10-10,C00461,P055,V011,R03,3,149.9,0.0
S0004679,PED002335,2023-10-10,C00461,P054,V011,R03,3,249.9,0.05
S0004680,PED002336,2023-11-20,C00626,P030,V007,R02,4,499.9,0.1
S0004681,PED002336,2023-11-20,C00626,P008,V007,R02,3,149.9,0.1
S0004682,PED002336,2023-11-20,C00626,P059,V007,R02,1,499.9,0.05
S0004683,PED002337,2024-04-25,C00700,P012,V008,R02,1,89.9,0.0
S0004684,PED002337,2024-04-25,C00700,P007,V008,R02,2,899.9,0.2
S0004685,PED002337,2024-04-25,C00700,P041,V008,R02,2,149.9,0.2
S0004686,PED002338,2023-11-16,C00646,P054,V018,R01,4,249.9,0.0
S0004687,PED002338,2023-11-16,C00646,P041,V018,R01,4,149.9,0.05
S0004688,PED002338,2023-11-16,C00646,P020,V018,R01,1,49.9,0.0
S0004689,PED002339,2024-02-13,C00472,P025,V007,R01,1,149.9,0.0
S0004690,PED002340,2024-03-15,C00456,P012,V005,R05,3,89.9,0.1
S0004691,PED002340,2024-03-15,C00456,P021,V005,R05,4,899.9,0.0
S0004692,PED002340,2024-03-15,C00456,P010,V005,R05,4,249.9,0.1
S0004693,PED002341,2024-11-10,C00557,P043,V019,R03,4,49.9,0.0
S0004694,PED002341,2024-11-10,C00557,P025,V019,R03,2,149.9,0.05
S0004695,PED002341,2024-11-10,C00557,P003,V019,R03,1,49.9,0.2
S0004696,PED002342,2023-09-23,C00633,P060,V004,R05,3,149.9,0.0
S0004697,PED002342,2023-09-23,C00633,P001,V004,R05,2,49.9,0.0
S0004698,PED002343,2025-06-19,C00465,P018,V010,R05,1,499.9,0.0
S0004699,PED002344,2024-05-11,C00661,P009,V015,R01,4,499.9,0.1
S0004700,PED002344,2024-05-11,C00661,P020,V015,R01,1,49.9,0.05
S0004701,PED002345,2025-02-21,C00544,P019,V004,R05,3,149.9,0.0
S0004702,PED002345,2025-02-21,C00544,P043,V004,R05,1,49.9,0.0
S0004703,PED002345,2025-02-21,C00544,P058,V004,R05,2,49.9,0.1
S0004704,PED002346,2023-04-14,C00623,P045,V001,R05,3,49.9,0.0
S0004705,PED002347,2024-06-18,C00476,P051,V019,R01,1,899.9,0.0
S0004706,PED002347,2024-06-18,C00476,P040,V019,R01,3,249.9,0.1
S0004707,PED002347,2024-06-18,C00476,P017,V019,R01,3,499.9,0.0
S0004708,PED002348,2023-02-06,C00586,P054,V022,R02,4,249.9,0.0
S0004709,PED002348,2023-02-06,C00586,P013,V022,R02,3,899.9,0.0
S0004710,PED002348,2023-02-06,C00586,P019,V022,R02,2,149.9,0.0
S0004711,PED002349,2025-01-12,C00656,P006,V014,R01,1,499.9,0.1
S0004712,PED002349,2025-01-12,C00656,P024,V014,R01,1,149.9,0.0
S0004713,PED002349,2025-01-12,C00656,P034,V014,R01,3,499.9,0.05
S0004714,PED002350,2024-01-14,C00590,P006,V013,R01,2,499.9,0.0
S0004715,PED002350,2024-01-14,C00590,P052,V013,R01,3,89.9,0.15
S0004716,PED002350,2024-01-14,C00590,P004,V013,R01,1,499.9,0.05
S0004717,PED002351,2025-11-19,C00507,P038,V023,R02,4,499.9,0.1
S0004718,PED002351,2025-11-19,C00507,P008,V023,R02,3,149.9,0.15
S0004719,PED002351,2025-11-19,C00507,P015,V023,R02,4,499.9,0.15
S0004720,PED002352,2023-12-24,C00473,P023,V014,R03,2,899.9,0.05
S0004721,PED002353,2024-10-04,C00524,P004,V003,R01,2,499.9,0.05
S0004722,PED002353,2024-10-04,C00524,P013,V003,R01,1,899.9,0.1
S0004723,PED002353,2024-10-04,C00524,P033,V003,R01,3,89.9,0.05
S0004724,PED002354,2023-11-01,C00486,P003,V009,R04,3,49.9,0.05
S0004725,PED002355,2024-11-22,C00492,P045,V016,R03,2,49.9,0.0
S0004726,PED002356,2024-06-14,C00582,P037,V011,R05,4,149.9,0.05
S0004727,PED002357,2024-02-19,C00468,P034,V013,R02,1,499.9,0.0
S0004728,PED002357,2024-02-19,C00468,P029,V013,R02,1,249.9,0.2
S0004729,PED002358,2023-09-05,C00630,P049,V004,R01,2,899.9,0.0
S0004730,PED002359,2023-05-20,C00623,P029,V012,R05,2,249.9,0.0
S0004731,PED002360,2023-05-30,C00634,P034,V010,R05,2,499.9,0.0
S0004732,PED002360,2023-05-30,C00634,P017,V010,R05,3,499.9,0.0
S0004733,PED002361,2025-12-31,C00463,P038,V006,R05,1,499.9,0.0
S0004734,PED002361,2025-12-31,C00463,P058,V006,R05,4,49.9,0.0
S0004735,PED002361,2025-12-31,C00463,P002,V006,R05,4,499.9,0.0
S0004736,PED002362,2024-04-10,C00574,P022,V014,R02,2,499.9,0.15
S0004737,PED002363,2023-01-03,C00591,P009,V012,R04,3,499.9,0.15
S0004738,PED002363,2023-01-03,C00591,P011,V012,R04,2,149.9,0.1
S0004739,PED002364,2025-11-22,C00699,P042,V003,R03,3,499.9,0.05
S0004740,PED002364,2025-11-22,C00699,P001,V003,R03,3,49.9,0.05
S0004741,PED002364,2025-11-22,C00699,P028,V003,R03,1,499.9,0.15
S0004742,PED002365,2023-01-26,C00470,P006,V004,R03,1,499.9,0.0
S0004743,PED002365,2023-01-26,C00470,P030,V004,R03,1,499.9,0.0
S0004744,PED002365,2023-01-26,C00470,P010,V004,R03,3,249.9,0.2
S0004745,PED002366,2024-04-18,C00554,P025,V019,R04,3,149.9,0.05
S0004746,PED002366,2024-04-18,C00554,P004,V019,R04,3,499.9,0.1
S0004747,PED002367,2025-03-07,C00666,P009,V010,R05,3,499.9,0.0
S0004748,PED002367,2025-03-07,C00666,P043,V010,R05,1,49.9,0.0
S0004749,PED002367,2025-03-07,C00666,P039,V010,R05,4,249.9,0.0
S0004750,PED002368,2025-10-22,C00523,P005,V017,R05,3,499.9,0.0
S0004751,PED002369,2025-03-02,C00445,P021,V003,R04,1,899.9,0.05
S0004752,PED002369,2025-03-02,C00445,P002,V003,R04,2,499.9,0.1
S0004753,PED002370,2024-06-10,C00656,P004,V023,R01,2,499.9,0.0
S0004754,PED002370,2024-06-10,C00656,P002,V023,R01,1,499.9,0.05
S0004755,PED002371,2025-12-09,C00572,P055,V001,R03,3,149.9,0.1
S0004756,PED002371,2025-12-09,C00572,P011,V001,R03,3,149.9,0.0
S0004757,PED002371,2025-12-09,C00572,P001,V001,R03,4,49.9,0.05
S0004758,PED002372,2023-02-21,C00521,P036,V005,R02,3,49.9,0.0
S0004759,PED002372,2023-02-21,C00521,P009,V005,R02,4,499.9,0.05
S0004760,PED002373,2025-12-20,C00558,P023,V021,R03,2,899.9,0.1
S0004761,PED002373,2025-12-20,C00558,P041,V021,R03,3,149.9,0.0
S0004762,PED002374,2025-08-12,C00517,P003,V006,R04,3,49.9,0.0
S0004763,PED002375,2025-11-04,C00423,P033,V001,R03,4,89.9,0.2
S0004764,PED002375,2025-11-04,C00423,P044,V001,R03,2,499.9,0.05
S0004765,PED002376,2023-10-29,C00642,P037,V010,R01,4,149.9,0.1
S0004766,PED002376,2023-10-29,C00642,P046,V010,R01,2,249.9,0.05
S0004767,PED002376,2023-10-29,C00642,P043,V010,R01,1,49.9,0.0
S0004768,PED002377,2023-06-25,C00536,P009,V001,R05,4,499.9,0.15
S0004769,PED002377,2023-06-25,C00536,P036,V001,R05,1,49.9,0.0
S0004770,PED002378,2024-12-28,C00476,P009,V001,R01,2,499.9,0.0
S0004771,PED002378,2024-12-28,C00476,P005,V001,R01,2,499.9,0.0
S0004772,PED002379,2024-08-11,C00494,P006,V012,R05,1,499.9,0.0
S0004773,PED002379,2024-08-11,C00494,P001,V012,R05,1,49.9,0.1
S0004774,PED002380,2024-08-20,C00540,P047,V009,R03,3,149.9,0.15
S0004775,PED002380,2024-08-20,C00540,P009,V009,R03,4,499.9,0.1
S0004776,PED002381,2025-11-01,C00530,P005,V020,R02,3,499.9,0.0
S0004777,PED002381,2025-11-01,C00530,P025,V020,R02,3,149.9,0.0
S0004778,PED002381,2025-11-01,C00530,P022,V020,R02,1,499.9,0.05
S0004779,PED002382,2024-11-22,C00560,P006,V005,R04,2,499.9,0.0
S0004780,PED002382,2024-11-22,C00560,P028,V005,R04,4,499.9,0.0
S0004781,PED002382,2024-11-22,C00560,P009,V005,R04,1,499.9,0.0
S0004782,PED002383,2023-12-12,C00617,P026,V004,R01,3,49.9,0.1
S0004783,PED002383,2023-12-12,C00617,P034,V004,R01,4,499.9,0.05
S0004784,PED002383,2023-12-12,C00617,P019,V004,R01,2,149.9,0.1
S0004785,PED002384,2024-03-26,C00681,P023,V001,R02,1,899.9,0.15
S0004786,PED002384,2024-03-26,C00681,P006,V001,R02,1,499.9,0.0
S0004787,PED002385,2023-06-15,C00677,P026,V006,R03,1,49.9,0.0
S0004788,PED002385,2023-06-15,C00677,P044,V006,R03,4,499.9,0.05
S0004789,PED002386,2023-08-23,C00561,P045,V021,R03,2,49.9,0.05
S0004790,PED002386,2023-08-23,C00561,P008,V021,R03,1,149.9,0.0
S0004791,PED002386,2023-08-23,C00561,P048,V021,R03,2,149.9,0.2
S0004792,PED002387,2023-06-26,C00530,P025,V017,R02,4,149.9,0.0
S0004793,PED002387,2023-06-26,C00530,P053,V017,R02,2,49.9,0.1
S0004794,PED002388,2025-06-26,C00607,P001,V001,R05,4,49.9,0.0
S0004795,PED002388,2025-06-26,C00607,P012,V001,R05,4,89.9,0.0
S0004796,PED002389,2025-02-19,C00551,P001,V002,R02,3,49.9,0.05
S0004797,PED002390,2024-08-28,C00455,P004,V003,R05,2,499.9,0.0
S0004798,PED002390,2024-08-28,C00455,P012,V003,R05,2,89.9,0.2
S0004799,PED002390,2024-08-28,C00455,P015,V003,R05,1,499.9,0.05
S0004800,PED002391,2024-02-24,C00630,P013,V015,R01,4,899.9,0.0
S0004801,PED002392,2025-01-03,C00683,P044,V012,R04,1,499.9,0.15
S0004802,PED002393,2025-06-29,C00555,P035,V011,R01,2,499.9,0.0
S0004803,PED002393,2025-06-29,C00555,P002,V011,R01,4,499.9,0.0
S0004804,PED002394,2025-09-17,C00678,P015,V011,R04,4,499.9,0.0
S0004805,PED002395,2024-09-16,C00471,P032,V023,R01,4,499.9,0.05
S0004806,PED002395,2024-09-16,C00471,P018,V023,R01,2,499.9,0.0
S0004807,PED002396,2025-07-07,C00504,P028,V017,R03,4,499.9,0.1
S0004808,PED002396,2025-07-07,C00504,P056,V017,R03,2,149.9,0.2
S0004809,PED002396,2025-07-07,C00504,P026,V017,R03,2,49.9,0.0
S0004810,PED002397,2024-08-06,C00491,P038,V007,R02,2,499.9,0.0
S0004811,PED002397,2024-08-06,C00491,P028,V007,R02,1,499.9,0.0
S0004812,PED002397,2024-08-06,C00491,P001,V007,R02,1,49.9,0.2
S0004813,PED002398,2024-06-23,C00636,P003,V015,R04,2,49.9,0.05
S0004814,PED002399,2025-08-30,C00667,P048,V017,R04,2,149.9,0.0
S0004815,PED002399,2025-08-30,C00667,P003,V017,R04,4,49.9,0.1
S0004816,PED002400,2024-03-10,C00629,P006,V021,R02,4,499.9,0.0
S0004817,PED002400,2024-03-10,C00629,P009,V021,R02,4,499.9,0.0
S0004818,PED002400,2024-03-10,C00629,P002,V021,R02,1,499.9,0.05
S0004819,PED002401,2024-03-21,C00488,P035,V002,R04,2,499.9,0.1
S0004820,PED002401,2024-03-21,C00488,P001,V002,R04,3,49.9,0.05
S0004821,PED002401,2024-03-21,C00488,P030,V002,R04,3,499.9,0.1
S0004822,PED002402,2023-12-07,C00485,P041,V011,R04,3,149.9,0.0
S0004823,PED002402,2023-12-07,C00485,P044,V011,R04,4,499.9,0.05
S0004824,PED002402,2023-12-07,C00485,P016,V011,R04,4,149.9,0.1
S0004825,PED002403,2024-08-14,C00524,P024,V002,R01,1,149.9,0.0
S0004826,PED002403,2024-08-14,C00524,P042,V002,R01,4,499.9,0.1
S0004827,PED002404,2024-09-13,C00663,P044,V017,R01,1,499.9,0.0
S0004828,PED002404,2024-09-13,C00663,P011,V017,R01,1,149.9,0.0
S0004829,PED002404,2024-09-13,C00663,P014,V017,R01,1,499.9,0.1
S0004830,PED002405,2024-12-26,C00542,P022,V004,R02,3,499.9,0.0
S0004831,PED002405,2024-12-26,C00542,P032,V004,R02,4,499.9,0.0
S0004832,PED002405,2024-12-26,C00542,P037,V004,R02,4,149.9,0.0
S0004833,PED002406,2024-05-03,C00620,P006,V017,R01,2,499.9,0.0
S0004834,PED002406,2024-05-03,C00620,P021,V017,R01,4,899.9,0.1
S0004835,PED002406,2024-05-03,C00620,P027,V017,R01,1,249.9,0.1
S0004836,PED002407,2023-09-21,C00571,P047,V022,R02,2,149.9,0.2
S0004837,PED002407,2023-09-21,C00571,P039,V022,R02,4,249.9,0.05
S0004838,PED002407,2023-09-21,C00571,P027,V022,R02,3,249.9,0.0
S0004839,PED002408,2025-09-01,C00595,P059,V018,R01,1,499.9,0.2
S0004840,PED002409,2024-01-17,C00581,P018,V005,R02,2,499.9,0.2
S0004841,PED002410,2025-10-30,C00684,P054,V012,R01,3,249.9,0.0
S0004842,PED002410,2025-10-30,C00684,P044,V012,R01,4,499.9,0.0
S0004843,PED002410,2025-10-30,C00684,P046,V012,R01,1,249.9,0.0
S0004844,PED002411,2023-09-09,C00636,P003,V005,R04,1,49.9,0.05
S0004845,PED002412,2024-09-30,C00606,P014,V003,R01,3,499.9,0.0
S0004846,PED002413,2024-09-04,C00510,P049,V015,R02,2,899.9,0.1
S0004847,PED002414,2025-07-18,C00514,P036,V024,R04,1,49.9,0.05
S0004848,PED002414,2025-07-18,C00514,P002,V024,R04,3,499.9,0.1
S0004849,PED002414,2025-07-18,C00514,P009,V024,R04,1,499.9,0.2
S0004850,PED002415,2023-06-21,C00618,P051,V011,R01,1,899.9,0.0
S0004851,PED002416,2025-10-17,C00657,P009,V007,R05,3,499.9,0.0
S0004852,PED002416,2025-10-17,C00657,P011,V007,R05,4,149.9,0.0
S0004853,PED002417,2024-08-29,C00694,P009,V007,R03,3,499.9,0.0
S0004854,PED002418,2024-10-26,C00554,P053,V020,R04,1,49.9,0.0
S0004855,PED002419,2024-08-04,C00469,P007,V014,R04,3,899.9,0.0
S0004856,PED002419,2024-08-04,C00469,P032,V014,R04,1,499.9,0.2
S0004857,PED002419,2024-08-04,C00469,P017,V014,R04,4,499.9,0.0
S0004858,PED002420,2023-02-16,C00571,P002,V015,R02,1,499.9,0.0
S0004859,PED002421,2024-07-20,C00604,P023,V013,R02,3,899.9,0.2
S0004860,PED002422,2023-11-05,C00521,P009,V017,R02,1,499.9,0.05
S0004861,PED002423,2024-01-13,C00555,P001,V007,R01,1,49.9,0.0
S0004862,PED002424,2024-12-16,C00468,P038,V011,R02,3,499.9,0.0
S0004863,PED002424,2024-12-16,C00468,P056,V011,R02,3,149.9,0.0
S0004864,PED002424,2024-12-16,C00468,P044,V011,R02,3,499.9,0.2
S0004865,PED002425,2024-07-20,C00602,P036,V011,R01,1,49.9,0.05
S0004866,PED002426,2023-04-28,C00509,P014,V024,R04,1,499.9,0.0
S0004867,PED002426,2023-04-28,C00509,P053,V024,R04,2,49.9,0.1
S0004868,PED002426,2023-04-28,C00509,P021,V024,R04,3,899.9,0.0
S0004869,PED002427,2023-04-04,C00636,P010,V005,R04,2,249.9,0.0
S0004870,PED002428,2023-08-15,C00695,P028,V007,R03,3,499.9,0.05
S0004871,PED002429,2023-08-21,C00468,P008,V004,R02,2,149.9,0.15
S0004872,PED002429,2023-08-21,C00468,P055,V004,R02,4,149.9,0.1
S0004873,PED002429,2023-08-21,C00468,P007,V004,R02,3,899.9,0.15
S0004874,PED002430,2024-11-13,C00622,P011,V018,R04,3,149.9,0.0
S0004875,PED002430,2024-11-13,C00622,P031,V018,R04,2,149.9,0.15
S0004876,PED002431,2023-08-06,C00549,P011,V012,R03,1,149.9,0.15
S0004877,PED002431,2023-08-06,C00549,P049,V012,R03,1,899.9,0.1
S0004878,PED002432,2025-09-18,C00561,P054,V003,R03,1,249.9,0.0
S0004879,PED002433,2023-09-12,C00618,P015,V024,R01,2,499.9,0.0
S0004880,PED002433,2023-09-12,C00618,P031,V024,R01,4,149.9,0.0
S0004881,PED002433,2023-09-12,C00618,P022,V024,R01,3,499.9,0.0
S0004882,PED002434,2023-04-26,C00533,P033,V019,R01,3,89.9,0.05
S0004883,PED002435,2025-09-11,C00639,P053,V013,R05,1,49.9,0.1
S0004884,PED002435,2025-09-11,C00639,P020,V013,R05,3,49.9,0.05
S0004885,PED002435,2025-09-11,C00639,P051,V013,R05,3,899.9,0.0
S0004886,PED002436,2023-11-29,C00684,P014,V006,R01,3,499.9,0.05
S0004887,PED002436,2023-11-29,C00684,P004,V006,R01,3,499.9,0.0
S0004888,PED002437,2024-04-26,C00469,P005,V010,R04,4,499.9,0.0
S0004889,PED002438,2025-11-27,C00271,P053,V012,R05,2,49.9,0.1
S0004890,PED002439,2025-11-16,C00523,P030,V004,R05,2,499.9,0.1
S0004891,PED002440,2025-03-04,C00590,P033,V016,R01,2,89.9,0.1
S0004892,PED002441,2023-03-29,C00498,P024,V003,R01,4,149.9,0.05
S0004893,PED002442,2024-11-02,C00632,P035,V018,R05,3,499.9,0.05
S0004894,PED002442,2024-11-02,C00632,P038,V018,R05,2,499.9,0.05
S0004895,PED002442,2024-11-02,C00632,P013,V018,R05,1,899.9,0.05
S0004896,PED002443,2025-12-22,C00512,P006,V015,R05,4,499.9,0.0
S0004897,PED002443,2025-12-22,C00512,P017,V015,R05,1,499.9,0.1
S0004898,PED002443,2025-12-22,C00512,P051,V015,R05,3,899.9,0.05
S0004899,PED002444,2025-11-17,C00519,P022,V015,R03,1,499.9,0.15
S0004900,PED002445,2023-05-14,C00621,P056,V010,R05,1,149.9,0.05
S0004901,PED002445,2023-05-14,C00621,P012,V010,R05,3,89.9,0.0
S0004902,PED002445,2023-05-14,C00621,P010,V010,R05,2,249.9,0.0
S0004903,PED002446,2024-03-21,C00484,P016,V005,R03,1,149.9,0.05
S0004904,PED002446,2024-03-21,C00484,P052,V005,R03,4,89.9,0.05
S0004905,PED002447,2023-12-16,C00464,P029,V001,R04,2,249.9,0.0
S0004906,PED002447,2023-12-16,C00464,P039,V001,R04,2,249.9,0.1
S0004907,PED002448,2023-06-10,C00079,P050,V002,R02,1,899.9,0.0
S0004908,PED002448,2023-06-10,C00079,P009,V002,R02,3,499.9,0.05
S0004909,PED002448,2023-06-10,C00079,P052,V002,R02,1,89.9,0.1
S0004910,PED002449,2025-02-05,C00640,P018,V019,R05,4,499.9,0.0
S0004911,PED002449,2025-02-05,C00640,P045,V019,R05,2,49.9,0.0
S0004912,PED002450,2023-11-13,C00583,P019,V019,R01,3,149.9,0.1
S0004913,PED002451,2024-01-16,C00539,P017,V020,R04,1,499.9,0.0
S0004914,PED002451,2024-01-16,C00539,P003,V020,R04,2,49.9,0.0
S0004915,PED002452,2023-04-25,C00610,P055,V018,R01,1,149.9,0.1
S0004916,PED002452,2023-04-25,C00610,P010,V018,R01,1,249.9,0.05
S0004917,PED002452,2023-04-25,C00610,P018,V018,R01,2,499.9,0.1
S0004918,PED002453,2024-07-21,C00582,P023,V017,R05,4,899.9,0.05
S0004919,PED002453,2024-07-21,C00582,P048,V017,R05,4,149.9,0.0
S0004920,PED002454,2023-07-13,C00345,P026,V017,R02,4,49.9,0.05
S0004921,PED002454,2023-07-13,C00345,P034,V017,R02,3,499.9,0.15
S0004922,PED002454,2023-07-13,C00345,P015,V017,R02,4,499.9,0.0
S0004923,PED002455,2024-05-04,C00543,P017,V001,R04,2,499.9,0.0
S0004924,PED002455,2024-05-04,C00543,P039,V001,R04,2,249.9,0.05
S0004925,PED002456,2023-06-26,C00523,P023,V015,R05,2,899.9,0.05
S0004926,PED002456,2023-06-26,C00523,P040,V015,R05,2,249.9,0.05
S0004927,PED002456,2023-06-26,C00523,P019,V015,R05,4,149.9,0.15
S0004928,PED002457,2025-11-23,C00689,P008,V016,R03,4,149.9,0.0
S0004929,PED002458,2023-06-28,C00681,P009,V009,R02,1,499.9,0.0
S0004930,PED002458,2023-06-28,C00681,P005,V009,R02,3,499.9,0.0
S0004931,PED002458,2023-06-28,C00681,P017,V009,R02,2,499.9,0.0
S0004932,PED002459,2024-08-18,C00521,P012,V012,R02,1,89.9,0.05
S0004933,PED002460,2023-08-29,C00544,P037,V005,R05,4,149.9,0.05
S0004934,PED002460,2023-08-29,C00544,P032,V005,R05,3,499.9,0.0
S0004935,PED002461,2023-04-08,C00673,P019,V012,R01,4,149.9,0.15
S0004936,PED002461,2023-04-08,C00673,P032,V012,R01,4,499.9,0.05
S0004937,PED002461,2023-04-08,C00673,P020,V012,R01,2,49.9,0.05
S0004938,PED002462,2023-09-04,C00686,P037,V016,R05,3,149.9,0.0
S0004939,PED002462,2023-09-04,C00686,P036,V016,R05,2,49.9,0.0
S0004940,PED002462,2023-09-04,C00686,P021,V016,R05,4,899.9,0.0
S0004941,PED002463,2023-03-12,C00517,P019,V003,R04,2,149.9,0.05
S0004942,PED002463,2023-03-12,C00517,P032,V003,R04,1,499.9,0.0
S0004943,PED002464,2023-06-21,C00553,P038,V021,R05,4,499.9,0.0
S0004944,PED002465,2024-07-15,C00602,P046,V021,R01,2,249.9,0.1
S0004945,PED002465,2024-07-15,C00602,P020,V021,R01,2,49.9,0.1
S0004946,PED002465,2024-07-15,C00602,P032,V021,R01,3,499.9,0.0
S0004947,PED002466,2024-12-18,C00536,P036,V008,R05,4,49.9,0.2
S0004948,PED002466,2024-12-18,C00536,P034,V008,R05,2,499.9,0.0
S0004949,PED002467,2023-04-21,C00518,P041,V003,R02,2,149.9,0.1
S0004950,PED002467,2023-04-21,C00518,P038,V003,R02,4,499.9,0.05
S0004951,PED002468,2024-05-15,C00569,P028,V006,R05,1,499.9,0.0
S0004952,PED002468,2024-05-15,C00569,P018,V006,R05,1,499.9,0.05
S0004953,PED002468,2024-05-15,C00569,P024,V006,R05,2,149.9,0.2
S0004954,PED002469,2024-10-22,C00499,P051,V001,R04,3,899.9,0.15
S0004955,PED002470,2023-10-08,C00602,P008,V011,R01,4,149.9,0.0
S0004956,PED002471,2024-02-20,C00489,P006,V018,R03,2,499.9,0.1
S0004957,PED002472,2023-04-02,C00598,P019,V013,R01,4,149.9,0.05
S0004958,PED002473,2023-09-23,C00687,P029,V005,R03,3,249.9,0.2
S0004959,PED002474,2024-06-14,C00627,P026,V012,R02,2,49.9,0.2
S0004960,PED002475,2025-12-23,C00632,P028,V017,R05,2,499.9,0.1
S0004961,PED002475,2025-12-23,C00632,P046,V017,R05,4,249.9,0.05
S0004962,PED002475,2025-12-23,C00632,P008,V017,R05,4,149.9,0.1
S0004963,PED002476,2025-12-28,C00528,P050,V016,R03,4,899.9,0.05
S0004964,PED002476,2025-12-28,C00528,P034,V016,R03,1,499.9,0.0
S0004965,PED002476,2025-12-28,C00528,P011,V016,R03,1,149.9,0.1
S0004966,PED002477,2025-12-14,C00667,P051,V006,R04,2,899.9,0.05
S0004967,PED002477,2025-12-14,C00667,P037,V006,R04,1,149.9,0.05
S0004968,PED002477,2025-12-14,C00667,P059,V006,R04,4,499.9,0.15
S0004969,PED002478,2024-04-24,C00632,P010,V021,R05,1,249.9,0.2
S0004970,PED002478,2024-04-24,C00632,P019,V021,R05,1,149.9,0.1
S0004971,PED002478,2024-04-24,C00632,P035,V021,R05,3,499.9,0.15
S0004972,PED002479,2023-04-13,C00477,P019,V004,R01,1,149.9,0.0
S0004973,PED002479,2023-04-13,C00477,P031,V004,R01,3,149.9,0.05
S0004974,PED002479,2023-04-13,C00477,P043,V004,R01,4,49.9,0.0
S0004975,PED002480,2023-12-23,C00461,P007,V024,R03,4,899.9,0.0
S0004976,PED002481,2023-10-12,C00597,P007,V020,R04,2,899.9,0.0
S0004977,PED002482,2023-01-19,C00672,P007,V013,R04,2,899.9,0.1
S0004978,PED002483,2023-05-01,C00550,P002,V011,R01,4,499.9,0.1
S0004979,PED002483,2023-05-01,C00550,P023,V011,R01,2,899.9,0.0
S0004980,PED002483,2023-05-01,C00550,P009,V011,R01,2,499.9,0.0
S0004981,PED002484,2024-05-29,C00543,P011,V001,R04,3,149.9,0.1
S0004982,PED002485,2024-01-09,C00533,P015,V001,R01,3,499.9,0.1
S0004983,PED002485,2024-01-09,C00533,P052,V001,R01,3,89.9,0.05
S0004984,PED002486,2023-08-09,C00578,P038,V002,R04,1,499.9,0.15
S0004985,PED002487,2025-03-06,C00692,P020,V010,R04,2,49.9,0.0
S0004986,PED002487,2025-03-06,C00692,P001,V010,R04,2,49.9,0.0
S0004987,PED002488,2024-01-31,C00549,P033,V007,R03,2,89.9,0.15
S0004988,PED002488,2024-01-31,C00549,P019,V007,R03,1,149.9,0.0
S0004989,PED002488,2024-01-31,C00549,P058,V007,R03,3,49.9,0.05
S0004990,PED002489,2025-08-14,C00514,P018,V020,R04,3,499.9,0.0
S0004991,PED002490,2023-10-15,C00621,P044,V002,R05,3,499.9,0.1
S0004992,PED002491,2024-09-06,C00534,P029,V009,R03,2,249.9,0.1
S0004993,PED002491,2024-09-06,C00534,P025,V009,R03,2,149.9,0.1
S0004994,PED002491,2024-09-06,C00534,P002,V009,R03,2,499.9,0.1
S0004995,PED002492,2023-08-13,C00530,P052,V017,R02,2,89.9,0.05
S0004996,PED002492,2023-08-13,C00530,P059,V017,R02,1,499.9,0.1
S0004997,PED002493,2024-07-17,C00221,P028,V019,R03,1,499.9,0.0
S0004998,PED002493,2024-07-17,C00221,P049,V019,R03,3,899.9,0.0
S0004999,PED002493,2024-07-17,C00221,P010,V019,R03,2,249.9,0.05
S0005000,PED002494,2023-07-07,C00662,P005,V002,R02,4,499.9,0.1
S0005001,PED002495,2023-07-18,C00576,P015,V001,R05,4,499.9,0.05
S0005002,PED002495,2023-07-18,C00576,P031,V001,R05,1,149.9,0.0
S0005003,PED002495,2023-07-18,C00576,P008,V001,R05,2,149.9,0.1
S0005004,PED002496,2024-11-16,C00607,P025,V003,R05,4,149.9,0.0
S0005005,PED002497,2023-11-05,C00637,P044,V022,R05,1,499.9,0.05
S0005006,PED002497,2023-11-05,C00637,P014,V022,R05,4,499.9,0.0
S0005007,PED002498,2023-07-31,C00649,P006,V015,R03,4,499.9,0.0
S0005008,PED002498,2023-07-31,C00649,P035,V015,R03,1,499.9,0.05
S0005009,PED002498,2023-07-31,C00649,P007,V015,R03,4,899.9,0.2
S0005010,PED002499,2025-11-05,C00566,P043,V016,R05,2,49.9,0.1
S0005011,PED002499,2025-11-05,C00566,P047,V016,R05,1,149.9,0.0
S0005012,PED002499,2025-11-05,C00566,P024,V016,R05,2,149.9,0.0
S0005013,PED002500,2023-02-26,C00488,P044,V005,R04,4,499.9,0.05
S0005014,PED002500,2023-02-26,C00488,P005,V005,R04,4,499.9,0.1
S0005015,PED002500,2023-02-26,C00488,P057,V005,R04,3,149.9,0.05
S0005016,PED002501,2024-10-05,C00471,P001,V020,R01,1,49.9,0.0
S0005017,PED002502,2024-09-17,C00569,P034,V014,R05,1,499.9,0.0
S0005018,PED002503,2023-10-25,C00678,P008,V019,R04,4,149.9,0.0
S0005019,PED002504,2024-05-29,C00634,P002,V017,R05,4,499.9,0.05
S0005020,PED002505,2023-04-22,C00685,P055,V001,R02,1,149.9,0.05
S0005021,PED002506,2025-03-12,C00105,P007,V009,R02,1,899.9,0.0
S0005022,PED002506,2025-03-12,C00105,P025,V009,R02,3,149.9,0.1
S0005023,PED002506,2025-03-12,C00105,P010,V009,R02,1,249.9,0.05
S0005024,PED002507,2023-09-25,C00094,P011,V003,R01,1,149.9,0.05
S0005025,PED002508,2023-08-24,C00461,P014,V024,R03,4,499.9,0.0
S0005026,PED002508,2023-08-24,C00461,P004,V024,R03,3,499.9,0.15
S0005027,PED002509,2023-12-16,C00661,P032,V004,R01,4,499.9,0.05
S0005028,PED002509,2023-12-16,C00661,P008,V004,R01,1,149.9,0.0
S0005029,PED002509,2023-12-16,C00661,P018,V004,R01,3,499.9,0.05
S0005030,PED002510,2025-10-10,C00626,P028,V016,R02,3,499.9,0.15
S0005031,PED002511,2025-06-10,C00658,P011,V010,R04,2,149.9,0.0
S0005032,PED002511,2025-06-10,C00658,P006,V010,R04,1,499.9,0.1
S0005033,PED002512,2025-11-17,C00473,P034,V004,R03,1,499.9,0.0
S0005034,PED002512,2025-11-17,C00473,P004,V004,R03,1,499.9,0.05
S0005035,PED002513,2024-12-19,C00600,P026,V004,R05,1,49.9,0.0
S0005036,PED002513,2024-12-19,C00600,P018,V004,R05,2,499.9,0.0
S0005037,PED002513,2024-12-19,C00600,P013,V004,R05,1,899.9,0.05
S0005038,PED002514,2024-12-28,C00595,P043,V011,R01,4,49.9,0.15
S0005039,PED002514,2024-12-28,C00595,P001,V011,R01,3,49.9,0.05
S0005040,PED002514,2024-12-28,C00595,P010,V011,R01,2,249.9,0.1
S0005041,PED002515,2024-06-29,C00481,P009,V011,R03,1,499.9,0.0
S0005042,PED002516,2025-10-12,C00470,P029,V004,R03,1,249.9,0.0
S0005043,PED002517,2024-08-05,C00469,P054,V002,R04,1,249.9,0.0
S0005044,PED002517,2024-08-05,C00469,P007,V002,R04,2,899.9,0.0
S0005045,PED002518,2024-01-29,C00228,P003,V004,R03,3,49.9,0.05
S0005046,PED002518,2024-01-29,C00228,P058,V004,R03,3,49.9,0.15
S0005047,PED002519,2024-12-08,C00517,P021,V012,R04,2,899.9,0.1
S0005048,PED002519,2024-12-08,C00517,P017,V012,R04,4,499.9,0.0
S0005049,PED002520,2024-09-15,C00614,P003,V008,R04,4,49.9,0.05
S0005050,PED002521,2023-06-04,C00559,P028,V001,R01,2,499.9,0.1
S0005051,PED002521,2023-06-04,C00559,P040,V001,R01,2,249.9,0.0
S0005052,PED002521,2023-06-04,C00559,P018,V001,R01,3,499.9,0.05
S0005053,PED002522,2024-03-17,C00481,P048,V018,R03,1,149.9,0.1
S0005054,PED002522,2024-03-17,C00481,P053,V018,R03,1,49.9,0.1
S0005055,PED002523,2023-12-14,C00692,P046,V008,R04,4,249.9,0.0
S0005056,PED002523,2023-12-14,C00692,P039,V008,R04,3,249.9,0.15
S0005057,PED002524,2025-08-09,C00530,P012,V024,R02,2,89.9,0.05
S0005058,PED002525,2024-03-01,C00683,P028,V002,R04,2,499.9,0.0
S0005059,PED002526,2025-07-09,C00510,P024,V016,R02,1,149.9,0.1
S0005060,PED002526,2025-07-09,C00510,P012,V016,R02,3,89.9,0.05
S0005061,PED002526,2025-07-09,C00510,P018,V016,R02,4,499.9,0.0
S0005062,PED002527,2024-05-17,C00108,P025,V023,R05,1,149.9,0.05
S0005063,PED002527,2024-05-17,C00108,P017,V023,R05,2,499.9,0.15
S0005064,PED002527,2024-05-17,C00108,P003,V023,R05,2,49.9,0.0
S0005065,PED002528,2025-04-20,C00599,P022,V007,R04,2,499.9,0.0
S0005066,PED002528,2025-04-20,C00599,P045,V007,R04,1,49.9,0.0
S0005067,PED002528,2025-04-20,C00599,P039,V007,R04,2,249.9,0.0
S0005068,PED002529,2023-06-17,C00693,P043,V005,R05,1,49.9,0.1
S0005069,PED002529,2023-06-17,C00693,P018,V005,R05,4,499.9,0.0
S0005070,PED002530,2025-11-01,C00369,P034,V001,R03,3,499.9,0.1
S0005071,PED002530,2025-11-01,C00369,P021,V001,R03,2,899.9,0.0
S0005072,PED002530,2025-11-01,C00369,P050,V001,R03,3,899.9,0.0
S0005073,PED002531,2024-06-30,C00691,P044,V010,R02,2,499.9,0.1
S0005074,PED002531,2024-06-30,C00691,P019,V010,R02,4,149.9,0.0
S0005075,PED002531,2024-06-30,C00691,P009,V010,R02,3,499.9,0.05
S0005076,PED002532,2023-11-02,C00019,P013,V015,R04,2,899.9,0.0
S0005077,PED002532,2023-11-02,C00019,P033,V015,R04,4,89.9,0.0
S0005078,PED002532,2023-11-02,C00019,P001,V015,R04,3,49.9,0.2
S0005079,PED002533,2023-10-16,C00677,P060,V003,R03,3,149.9,0.05
S0005080,PED002533,2023-10-16,C00677,P015,V003,R03,1,499.9,0.05
S0005081,PED002534,2023-11-06,C00528,P057,V024,R03,4,149.9,0.1
S0005082,PED002535,2024-02-13,C00692,P014,V019,R04,1,499.9,0.2
S0005083,PED002535,2024-02-13,C00692,P043,V019,R04,1,49.9,0.15
S0005084,PED002536,2025-03-07,C00601,P054,V011,R05,2,249.9,0.05
S0005085,PED002536,2025-03-07,C00601,P003,V011,R05,2,49.9,0.0
S0005086,PED002536,2025-03-07,C00601,P022,V011,R05,2,499.9,0.0
S0005087,PED002537,2025-11-19,C00528,P044,V024,R03,4,499.9,0.1
S0005088,PED002537,2025-11-19,C00528,P023,V024,R03,4,899.9,0.1
S0005089,PED002538,2025-01-03,C00469,P010,V020,R04,1,249.9,0.0
S0005090,PED002538,2025-01-03,C00469,P054,V020,R04,4,249.9,0.2
S0005091,PED002539,2024-09-16,C00643,P002,V020,R03,1,499.9,0.1
S0005092,PED002540,2024-05-24,C00472,P022,V017,R01,1,499.9,0.05
S0005093,PED002541,2025-07-17,C00684,P009,V009,R01,1,499.9,0.05
S0005094,PED002541,2025-07-17,C00684,P042,V009,R01,2,499.9,0.2
S0005095,PED002541,2025-07-17,C00684,P003,V009,R01,3,49.9,0.2
S0005096,PED002542,2025-08-12,C00675,P002,V022,R02,3,499.9,0.0
S0005097,PED002543,2023-11-27,C00509,P002,V010,R04,1,499.9,0.0
S0005098,PED002544,2025-11-22,C00517,P052,V008,R04,3,89.9,0.0
S0005099,PED002544,2025-11-22,C00517,P017,V008,R04,3,499.9,0.0
S0005100,PED002545,2024-03-20,C00498,P019,V021,R01,3,149.9,0.05
S0005101,PED002545,2024-03-20,C00498,P014,V021,R01,3,499.9,0.05
S0005102,PED002546,2025-06-14,C00111,P002,V003,R02,2,499.9,0.0
S0005103,PED002546,2025-06-14,C00111,P038,V003,R02,3,499.9,0.05
S0005104,PED002547,2025-12-03,C00605,P014,V012,R03,3,499.9,0.05
S0005105,PED002548,2025-02-17,C00502,P013,V022,R04,4,899.9,0.0
S0005106,PED002548,2025-02-17,C00502,P025,V022,R04,2,149.9,0.0
S0005107,PED002548,2025-02-17,C00502,P018,V022,R04,1,499.9,0.1
S0005108,PED002549,2023-07-18,C00634,P001,V002,R05,4,49.9,0.1
S0005109,PED002549,2023-07-18,C00634,P004,V002,R05,1,499.9,0.0
S0005110,PED002549,2023-07-18,C00634,P030,V002,R05,1,499.9,0.15
S0005111,PED002550,2024-10-26,C00677,P046,V001,R03,3,249.9,0.05
S0005112,PED002550,2024-10-26,C00677,P051,V001,R03,2,899.9,0.0
S0005113,PED002550,2024-10-26,C00677,P024,V001,R03,2,149.9,0.05
S0005114,PED002551,2023-05-29,C00615,P029,V018,R05,2,249.9,0.0
S0005115,PED002551,2023-05-29,C00615,P012,V018,R05,4,89.9,0.0
S0005116,PED002551,2023-05-29,C00615,P022,V018,R05,3,499.9,0.0
S0005117,PED002552,2025-06-02,C00627,P008,V020,R02,4,149.9,0.0
S0005118,PED002552,2025-06-02,C00627,P040,V020,R02,1,249.9,0.0
S0005119,PED002552,2025-06-02,C00627,P029,V020,R02,1,249.9,0.0
S0005120,PED002553,2023-11-18,C00555,P027,V006,R01,2,249.9,0.05
S0005121,PED002553,2023-11-18,C00555,P055,V006,R01,1,149.9,0.15
S0005122,PED002554,2025-02-06,C00590,P028,V011,R01,4,499.9,0.1
S0005123,PED002555,2025-10-17,C00559,P026,V018,R01,1,49.9,0.0
S0005124,PED002555,2025-10-17,C00559,P029,V018,R01,1,249.9,0.1
S0005125,PED002556,2023-08-10,C00584,P018,V001,R05,4,499.9,0.05
S0005126,PED002556,2023-08-10,C00584,P006,V001,R05,1,499.9,0.0
S0005127,PED002557,2024-03-18,C00480,P052,V009,R03,1,89.9,0.0
S0005128,PED002557,2024-03-18,C00480,P048,V009,R03,2,149.9,0.0
S0005129,PED002558,2024-12-14,C00464,P036,V001,R04,3,49.9,0.05
S0005130,PED002559,2024-04-19,C00488,P042,V019,R04,4,499.9,0.05
S0005131,PED002559,2024-04-19,C00488,P018,V019,R04,3,499.9,0.05
S0005132,PED002560,2023-08-02,C00557,P011,V003,R03,2,149.9,0.1
S0005133,PED002560,2023-08-02,C00557,P007,V003,R03,1,899.9,0.2
S0005134,PED002560,2023-08-02,C00557,P018,V003,R03,2,499.9,0.0
S0005135,PED002561,2023-02-07,C00628,P014,V023,R05,1,499.9,0.0
S0005136,PED002561,2023-02-07,C00628,P007,V023,R05,1,899.9,0.0
S0005137,PED002561,2023-02-07,C00628,P010,V023,R05,3,249.9,0.0
S0005138,PED002562,2024-04-03,C00642,P019,V005,R01,3,149.9,0.0
S0005139,PED002562,2024-04-03,C00642,P007,V005,R01,2,899.9,0.1
S0005140,PED002563,2024-12-16,C00528,P024,V009,R03,1,149.9,0.1
S0005141,PED002563,2024-12-16,C00528,P010,V009,R03,3,249.9,0.0
S0005142,PED002563,2024-12-16,C00528,P022,V009,R03,1,499.9,0.05
S0005143,PED002564,2024-10-14,C00678,P033,V016,R04,1,89.9,0.0
S0005144,PED002564,2024-10-14,C00678,P037,V016,R04,2,149.9,0.05
S0005145,PED002564,2024-10-14,C00678,P007,V016,R04,2,899.9,0.1
S0005146,PED002565,2023-07-11,C00476,P027,V012,R01,3,249.9,0.0
S0005147,PED002565,2023-07-11,C00476,P030,V012,R01,2,499.9,0.0
S0005148,PED002566,2024-05-26,C00589,P014,V017,R01,1,499.9,0.05
S0005149,PED002566,2024-05-26,C00589,P012,V017,R01,4,89.9,0.15
S0005150,PED002567,2024-02-17,C00463,P025,V002,R05,3,149.9,0.0
S0005151,PED002567,2024-02-17,C00463,P002,V002,R05,2,499.9,0.05
S0005152,PED002567,2024-02-17,C00463,P040,V002,R05,4,249.9,0.15
S0005153,PED002568,2023-11-13,C00471,P054,V001,R01,1,249.9,0.1
S0005154,PED002568,2023-11-13,C00471,P010,V001,R01,1,249.9,0.05
S0005155,PED002569,2025-03-22,C00608,P023,V021,R04,3,899.9,0.15
S0005156,PED002569,2025-03-22,C00608,P009,V021,R04,2,499.9,0.05
S0005157,PED002570,2023-12-11,C00624,P004,V018,R05,1,499.9,0.1
S0005158,PED002570,2023-12-11,C00624,P046,V018,R05,3,249.9,0.1
S0005159,PED002571,2024-09-08,C00581,P035,V009,R02,4,499.9,0.1
S0005160,PED002571,2024-09-08,C00581,P001,V009,R02,4,49.9,0.0
S0005161,PED002571,2024-09-08,C00581,P023,V009,R02,4,899.9,0.0
S0005162,PED002572,2025-10-30,C00629,P047,V004,R02,3,149.9,0.1
S0005163,PED002573,2024-09-07,C00570,P023,V018,R03,3,899.9,0.05
S0005164,PED002573,2024-09-07,C00570,P057,V018,R03,4,149.9,0.0
S0005165,PED002573,2024-09-07,C00570,P004,V018,R03,2,499.9,0.05
S0005166,PED002574,2024-11-20,C00599,P006,V005,R04,2,499.9,0.0
S0005167,PED002575,2023-04-04,C00472,P024,V004,R01,4,149.9,0.05
S0005168,PED002575,2023-04-04,C00472,P041,V004,R01,2,149.9,0.1
S0005169,PED002576,2023-08-06,C00676,P017,V001,R05,1,499.9,0.1
S0005170,PED002577,2023-05-08,C00528,P009,V021,R03,2,499.9,0.1
S0005171,PED002577,2023-05-08,C00528,P032,V021,R03,2,499.9,0.15
S0005172,PED002578,2025-05-04,C00691,P041,V011,R02,2,149.9,0.05
S0005173,PED002579,2025-07-27,C00558,P053,V020,R03,3,49.9,0.0
S0005174,PED002580,2023-08-16,C00498,P032,V016,R01,2,499.9,0.1
S0005175,PED002580,2023-08-16,C00498,P053,V016,R01,3,49.9,0.0
S0005176,PED002580,2023-08-16,C00498,P031,V016,R01,1,149.9,0.05
S0005177,PED002581,2023-09-23,C00655,P036,V009,R03,1,49.9,0.1
S0005178,PED002582,2023-12-23,C00526,P016,V002,R05,1,149.9,0.05
S0005179,PED002582,2023-12-23,C00526,P030,V002,R05,1,499.9,0.1
S0005180,PED002582,2023-12-23,C00526,P049,V002,R05,1,899.9,0.0
S0005181,PED002583,2024-10-31,C00694,P050,V014,R03,2,899.9,0.0
S0005182,PED002583,2024-10-31,C00694,P034,V014,R03,2,499.9,0.0
S0005183,PED002583,2024-10-31,C00694,P001,V014,R03,1,49.9,0.0
S0005184,PED002584,2024-11-23,C00649,P004,V011,R03,4,499.9,0.15
S0005185,PED002584,2024-11-23,C00649,P020,V011,R03,4,49.9,0.05
S0005186,PED002585,2025-01-26,C00489,P035,V017,R03,4,499.9,0.0
S0005187,PED002585,2025-01-26,C00489,P023,V017,R03,4,899.9,0.0
S0005188,PED002586,2025-10-12,C00687,P009,V009,R03,1,499.9,0.05
S0005189,PED002586,2025-10-12,C00687,P006,V009,R03,1,499.9,0.0
S0005190,PED002586,2025-10-12,C00687,P034,V009,R03,4,499.9,0.05
S0005191,PED002587,2023-11-29,C00220,P033,V004,R05,1,89.9,0.1
S0005192,PED002587,2023-11-29,C00220,P006,V004,R05,4,499.9,0.1
S0005193,PED002588,2024-12-24,C00670,P048,V012,R01,2,149.9,0.05
S0005194,PED002588,2024-12-24,C00670,P003,V012,R01,1,49.9,0.15
S0005195,PED002588,2024-12-24,C00670,P052,V012,R01,3,89.9,0.1
S0005196,PED002589,2024-09-30,C00545,P046,V012,R01,3,249.9,0.05
S0005197,PED002590,2023-12-08,C00513,P001,V004,R05,1,49.9,0.1
S0005198,PED002591,2025-10-15,C00516,P036,V016,R02,1,49.9,0.1
S0005199,PED002591,2025-10-15,C00516,P041,V016,R02,2,149.9,0.1
S0005200,PED002591,2025-10-15,C00516,P021,V016,R02,1,899.9,0.05
S0005201,PED002592,2023-05-01,C00478,P039,V004,R03,2,249.9,0.05
S0005202,PED002593,2025-03-01,C00466,P059,V016,R05,1,499.9,0.15
S0005203,PED002594,2025-03-20,C00624,P001,V014,R05,3,49.9,0.0
S0005204,PED002594,2025-03-20,C00624,P017,V014,R05,2,499.9,0.05
S0005205,PED002595,2025-10-23,C00396,P016,V003,R03,4,149.9,0.0
S0005206,PED002596,2024-08-14,C00680,P053,V013,R01,4,49.9,0.15
S0005207,PED002597,2023-12-22,C00624,P023,V020,R05,2,899.9,0.0
S0005208,PED002598,2025-07-17,C00219,P025,V022,R02,1,149.9,0.15
S0005209,PED002598,2025-07-17,C00219,P011,V022,R02,1,149.9,0.15
S0005210,PED002599,2025-05-11,C00484,P007,V022,R03,3,899.9,0.0
S0005211,PED002599,2025-05-11,C00484,P038,V022,R03,2,499.9,0.0
S0005212,PED002600,2024-07-23,C00679,P037,V013,R03,2,149.9,0.1
S0005213,PED002601,2025-05-08,C00636,P003,V008,R04,1,49.9,0.0
S0005214,PED002602,2023-11-08,C00696,P037,V023,R01,2,149.9,0.0
S0005215,PED002602,2023-11-08,C00696,P053,V023,R01,4,49.9,0.15
S0005216,PED002603,2024-10-30,C00627,P005,V013,R02,2,499.9,0.1
S0005217,PED002603,2024-10-30,C00627,P039,V013,R02,4,249.9,0.1
S0005218,PED002604,2025-08-30,C00661,P011,V017,R01,3,149.9,0.0
S0005219,PED002604,2025-08-30,C00661,P050,V017,R01,4,899.9,0.0
S0005220,PED002605,2023-12-18,C00692,P041,V014,R04,2,149.9,0.0
S0005221,PED002605,2023-12-18,C00692,P007,V014,R04,1,899.9,0.05
S0005222,PED002605,2023-12-18,C00692,P029,V014,R04,3,249.9,0.2
S0005223,PED002606,2024-07-03,C00681,P039,V012,R02,2,249.9,0.1
S0005224,PED002606,2024-07-03,C00681,P011,V012,R02,3,149.9,0.1
S0005225,PED002606,2024-07-03,C00681,P010,V012,R02,1,249.9,0.0
S0005226,PED002607,2025-11-21,C00180,P040,V001,R01,2,249.9,0.05
S0005227,PED002608,2025-06-12,C00687,P001,V012,R03,2,49.9,0.1
S0005228,PED002609,2025-09-23,C00480,P026,V006,R03,1,49.9,0.0
S0005229,PED002609,2025-09-23,C00480,P057,V006,R03,1,149.9,0.1
S0005230,PED002610,2024-03-08,C00686,P002,V013,R05,4,499.9,0.15
S0005231,PED002611,2025-12-28,C00513,P023,V010,R05,1,899.9,0.0
S0005232,PED002612,2023-07-07,C00562,P012,V004,R01,1,89.9,0.05
S0005233,PED002613,2024-08-14,C00495,P014,V002,R05,1,499.9,0.1
S0005234,PED002614,2024-06-28,C00660,P057,V024,R01,1,149.9,0.05
S0005235,PED002614,2024-06-28,C00660,P033,V024,R01,4,89.9,0.1
S0005236,PED002614,2024-06-28,C00660,P049,V024,R01,2,899.9,0.05
S0005237,PED002615,2025-06-12,C00588,P024,V021,R05,4,149.9,0.05
S0005238,PED002615,2025-06-12,C00588,P026,V021,R05,1,49.9,0.1
S0005239,PED002616,2025-10-16,C00538,P003,V014,R04,4,49.9,0.0
S0005240,PED002616,2025-10-16,C00538,P056,V014,R04,1,149.9,0.0
S0005241,PED002616,2025-10-16,C00538,P014,V014,R04,3,499.9,0.0
S0005242,PED002617,2025-03-24,C00575,P001,V003,R03,3,49.9,0.05
S0005243,PED002617,2025-03-24,C00575,P007,V003,R03,4,899.9,0.0
S0005244,PED002618,2024-11-27,C00515,P025,V012,R04,3,149.9,0.0
S0005245,PED002618,2024-11-27,C00515,P014,V012,R04,2,499.9,0.2
S0005246,PED002618,2024-11-27,C00515,P031,V012,R04,1,149.9,0.0
S0005247,PED002619,2024-04-29,C00509,P036,V003,R04,1,49.9,0.0
S0005248,PED002619,2024-04-29,C00509,P005,V003,R04,3,499.9,0.0
S0005249,PED002620,2024-08-04,C00688,P005,V010,R03,1,499.9,0.0
S0005250,PED002621,2024-08-03,C00603,P028,V023,R02,1,499.9,0.1
S0005251,PED002621,2024-08-03,C00603,P003,V023,R02,1,49.9,0.1
S0005252,PED002622,2023-01-27,C00485,P024,V007,R04,1,149.9,0.0
S0005253,PED002622,2023-01-27,C00485,P012,V007,R04,3,89.9,0.1
S0005254,PED002623,2024-07-27,C00530,P002,V007,R02,2,499.9,0.05
S0005255,PED002623,2024-07-27,C00530,P005,V007,R02,3,499.9,0.1
S0005256,PED002624,2025-08-19,C00553,P021,V012,R05,2,899.9,0.15
S0005257,PED002624,2025-08-19,C00553,P056,V012,R05,4,149.9,0.1
S0005258,PED002625,2025-02-25,C00489,P001,V001,R03,1,49.9,0.15
S0005259,PED002625,2025-02-25,C00489,P014,V001,R03,4,499.9,0.1
S0005260,PED002626,2025-06-09,C00584,P052,V015,R05,1,89.9,0.15
S0005261,PED002626,2025-06-09,C00584,P004,V015,R05,2,499.9,0.0
S0005262,PED002627,2024-03-15,C00647,P005,V012,R04,3,499.9,0.1
S0005263,PED002628,2024-08-26,C00550,P013,V016,R01,4,899.9,0.05
S0005264,PED002629,2023-02-13,C00487,P019,V003,R05,1,149.9,0.0
S0005265,PED002629,2023-02-13,C00487,P030,V003,R05,4,499.9,0.1
S0005266,PED002630,2024-03-06,C00460,P040,V010,R03,3,249.9,0.15
S0005267,PED002630,2024-03-06,C00460,P024,V010,R03,4,149.9,0.05
S0005268,PED002630,2024-03-06,C00460,P003,V010,R03,3,49.9,0.05
S0005269,PED002631,2024-06-23,C00635,P024,V004,R01,2,149.9,0.0
S0005270,PED002631,2024-06-23,C00635,P017,V004,R01,3,499.9,0.05
S0005271,PED002632,2023-10-29,C00549,P002,V015,R03,3,499.9,0.05
S0005272,PED002632,2023-10-29,C00549,P023,V015,R03,3,899.9,0.05
S0005273,PED002632,2023-10-29,C00549,P003,V015,R03,2,49.9,0.0
S0005274,PED002633,2023-02-10,C00488,P036,V009,R04,3,49.9,0.1
S0005275,PED002633,2023-02-10,C00488,P024,V009,R04,4,149.9,0.0
S0005276,PED002633,2023-02-10,C00488,P031,V009,R04,3,149.9,0.15
S0005277,PED002634,2025-01-31,C00524,P023,V001,R01,1,899.9,0.1
S0005278,PED002635,2024-05-08,C00678,P037,V003,R04,1,149.9,0.05
S0005279,PED002635,2024-05-08,C00678,P017,V003,R04,3,499.9,0.0
S0005280,PED002635,2024-05-08,C00678,P049,V003,R04,3,899.9,0.0
S0005281,PED002636,2024-04-14,C00670,P024,V016,R01,2,149.9,0.0
S0005282,PED002637,2023-10-24,C00681,P028,V007,R02,2,499.9,0.0
S0005283,PED002637,2023-10-24,C00681,P031,V007,R02,2,149.9,0.1
S0005284,PED002637,2023-10-24,C00681,P023,V007,R02,1,899.9,0.1
S0005285,PED002638,2024-09-06,C00520,P030,V015,R02,1,499.9,0.15
S0005286,PED002638,2024-09-06,C00520,P039,V015,R02,2,249.9,0.15
S0005287,PED002638,2024-09-06,C00520,P001,V015,R02,3,49.9,0.0
S0005288,PED002639,2024-05-11,C00642,P010,V018,R01,1,249.9,0.05
S0005289,PED002639,2024-05-11,C00642,P024,V018,R01,2,149.9,0.1
S0005290,PED002639,2024-05-11,C00642,P027,V018,R01,3,249.9,0.0
S0005291,PED002640,2024-06-22,C00676,P052,V015,R05,3,89.9,0.0
S0005292,PED002641,2024-10-21,C00464,P041,V012,R04,1,149.9,0.1
S0005293,PED002641,2024-10-21,C00464,P010,V012,R04,2,249.9,0.0
S0005294,PED002641,2024-10-21,C00464,P030,V012,R04,3,499.9,0.0
S0005295,PED002642,2023-01-09,C00595,P005,V009,R01,3,499.9,0.05
S0005296,PED002643,2025-10-15,C00172,P013,V001,R02,2,899.9,0.0
S0005297,PED002643,2025-10-15,C00172,P008,V001,R02,4,149.9,0.05
S0005298,PED002644,2023-04-01,C00674,P045,V008,R01,2,49.9,0.1
S0005299,PED002645,2024-05-27,C00482,P011,V013,R03,1,149.9,0.0
S0005300,PED002646,2023-09-09,C00575,P018,V009,R03,4,499.9,0.0
S0005301,PED002647,2024-08-20,C00545,P003,V002,R01,2,49.9,0.05
S0005302,PED002647,2024-08-20,C00545,P016,V002,R01,2,149.9,0.0
S0005303,PED002647,2024-08-20,C00545,P056,V002,R01,1,149.9,0.05
S0005304,PED002648,2023-11-18,C00640,P027,V001,R05,4,249.9,0.05
S0005305,PED002649,2025-08-24,C00508,P001,V016,R04,1,49.9,0.0
S0005306,PED002649,2025-08-24,C00508,P029,V016,R04,2,249.9,0.15
S0005307,PED002650,2024-03-22,C00626,P005,V018,R02,2,499.9,0.0
S0005308,PED002651,2024-12-07,C00488,P018,V018,R04,4,499.9,0.15
S0005309,PED002651,2024-12-07,C00488,P023,V018,R04,1,899.9,0.0
S0005310,PED002651,2024-12-07,C00488,P032,V018,R04,1,499.9,0.0
S0005311,PED002652,2023-10-23,C00618,P003,V004,R01,4,49.9,0.1
S0005312,PED002652,2023-10-23,C00618,P017,V004,R01,3,499.9,0.05
S0005313,PED002652,2023-10-23,C00618,P027,V004,R01,4,249.9,0.0
S0005314,PED002653,2023-01-25,C00682,P050,V014,R01,3,899.9,0.0
S0005315,PED002653,2023-01-25,C00682,P015,V014,R01,2,499.9,0.0
S0005316,PED002654,2024-03-31,C00567,P044,V012,R03,1,499.9,0.0
S0005317,PED002655,2024-09-04,C00533,P017,V004,R01,1,499.9,0.05
S0005318,PED002655,2024-09-04,C00533,P038,V004,R01,2,499.9,0.1
S0005319,PED002655,2024-09-04,C00533,P050,V004,R01,1,899.9,0.1
S0005320,PED002656,2024-06-06,C00600,P026,V015,R05,2,49.9,0.15
S0005321,PED002656,2024-06-06,C00600,P003,V015,R05,3,49.9,0.0
S0005322,PED002656,2024-06-06,C00600,P011,V015,R05,1,149.9,0.0
S0005323,PED002657,2025-11-29,C00510,P005,V003,R02,4,499.9,0.1
S0005324,PED002657,2025-11-29,C00510,P022,V003,R02,1,499.9,0.0
S0005325,PED002658,2025-02-22,C00683,P006,V007,R04,4,499.9,0.05
S0005326,PED002659,2025-12-28,C00543,P030,V004,R04,4,499.9,0.0
S0005327,PED002660,2023-11-29,C00499,P001,V004,R04,2,49.9,0.0
S0005328,PED002660,2023-11-29,C00499,P017,V004,R04,1,499.9,0.0
S0005329,PED002660,2023-11-29,C00499,P023,V004,R04,4,899.9,0.0
S0005330,PED002661,2025-06-02,C00462,P025,V016,R04,2,149.9,0.1
S0005331,PED002661,2025-06-02,C00462,P016,V016,R04,1,149.9,0.0
S0005332,PED002661,2025-06-02,C00462,P029,V016,R04,2,249.9,0.05
S0005333,PED002662,2024-09-25,C00652,P034,V012,R04,1,499.9,0.0
S0005334,PED002662,2024-09-25,C00652,P005,V012,R04,2,499.9,0.0
S0005335,PED002663,2024-11-16,C00020,P028,V004,R03,3,499.9,0.05
S0005336,PED002663,2024-11-16,C00020,P043,V004,R03,1,49.9,0.15
S0005337,PED002664,2025-12-19,C00560,P035,V003,R04,2,499.9,0.0
S0005338,PED002664,2025-12-19,C00560,P014,V003,R04,4,499.9,0.15
S0005339,PED002664,2025-12-19,C00560,P012,V003,R04,1,89.9,0.15
S0005340,PED002665,2024-12-20,C00604,P027,V012,R02,2,249.9,0.05
S0005341,PED002665,2024-12-20,C00604,P018,V012,R02,2,499.9,0.2
S0005342,PED002665,2024-12-20,C00604,P045,V012,R02,4,49.9,0.1
S0005343,PED002666,2025-10-06,C00529,P001,V006,R04,2,49.9,0.1
S0005344,PED002666,2025-10-06,C00529,P028,V006,R04,2,499.9,0.0
S0005345,PED002667,2025-03-17,C00629,P022,V002,R02,4,499.9,0.0
S0005346,PED002667,2025-03-17,C00629,P023,V002,R02,4,899.9,0.15
S0005347,PED002668,2023-06-08,C00558,P009,V011,R03,1,499.9,0.05
S0005348,PED002668,2023-06-08,C00558,P058,V011,R03,3,49.9,0.05
S0005349,PED002668,2023-06-08,C00558,P049,V011,R03,3,899.9,0.1
S0005350,PED002669,2025-02-12,C00515,P025,V014,R04,3,149.9,0.05
S0005351,PED002670,2024-07-04,C00610,P009,V020,R01,1,499.9,0.0
S0005352,PED002670,2024-07-04,C00610,P056,V020,R01,3,149.9,0.0
S0005353,PED002670,2024-07-04,C00610,P007,V020,R01,3,899.9,0.0
S0005354,PED002671,2025-10-26,C00592,P007,V018,R05,3,899.9,0.0
S0005355,PED002671,2025-10-26,C00592,P017,V018,R05,2,499.9,0.0
S0005356,PED002671,2025-10-26,C00592,P023,V018,R05,1,899.9,0.05
S0005357,PED002672,2025-06-22,C00465,P016,V010,R05,2,149.9,0.15
S0005358,PED002673,2023-05-11,C00601,P051,V005,R05,4,899.9,0.2
S0005359,PED002674,2023-06-15,C00640,P024,V009,R05,4,149.9,0.15
S0005360,PED002675,2023-03-30,C00506,P036,V006,R04,2,49.9,0.05
S0005361,PED002676,2024-07-15,C00467,P021,V016,R01,2,899.9,0.1
S0005362,PED002677,2023-04-13,C00499,P009,V010,R04,2,499.9,0.0
S0005363,PED002677,2023-04-13,C00499,P017,V010,R04,3,499.9,0.05
S0005364,PED002678,2025-03-15,C00604,P028,V003,R02,4,499.9,0.05
S0005365,PED002679,2024-09-22,C00633,P004,V018,R05,4,499.9,0.05
S0005366,PED002679,2024-09-22,C00633,P013,V018,R05,2,899.9,0.0
S0005367,PED002680,2025-07-26,C00552,P006,V007,R05,3,499.9,0.0
S0005368,PED002680,2025-07-26,C00552,P005,V007,R05,2,499.9,0.05
S0005369,PED002681,2023-11-17,C00474,P044,V003,R04,1,499.9,0.2
S0005370,PED002681,2023-11-17,C00474,P027,V003,R04,1,249.9,0.1
S0005371,PED002681,2023-11-17,C00474,P049,V003,R04,3,899.9,0.0
S0005372,PED002682,2024-08-15,C00487,P032,V015,R05,3,499.9,0.15
S0005373,PED002682,2024-08-15,C00487,P005,V015,R05,1,499.9,0.1
S0005374,PED002683,2023-05-27,C00544,P047,V024,R05,3,149.9,0.05
S0005375,PED002683,2023-05-27,C00544,P013,V024,R05,2,899.9,0.05
S0005376,PED002684,2025-09-21,C00597,P050,V008,R04,3,899.9,0.0
S0005377,PED002684,2025-09-21,C00597,P013,V008,R04,2,899.9,0.05
S0005378,PED002685,2023-08-03,C00491,P037,V021,R02,4,149.9,0.0
S0005379,PED002685,2023-08-03,C00491,P017,V021,R02,4,499.9,0.0
S0005380,PED002685,2023-08-03,C00491,P030,V021,R02,2,499.9,0.0
S0005381,PED002686,2023-05-09,C00481,P007,V022,R03,2,899.9,0.0
S0005382,PED002686,2023-05-09,C00481,P016,V022,R03,4,149.9,0.0
S0005383,PED002687,2023-09-07,C00546,P057,V002,R04,4,149.9,0.0
S0005384,PED002688,2025-06-21,C00515,P004,V016,R04,3,499.9,0.0
S0005385,PED002689,2023-05-13,C00690,P024,V021,R04,1,149.9,0.05
S0005386,PED002689,2023-05-13,C00690,P010,V021,R04,2,249.9,0.0
S0005387,PED002690,2024-11-18,C00652,P059,V001,R04,2,499.9,0.0
S0005388,PED002691,2025-04-11,C00699,P013,V008,R03,4,899.9,0.0
S0005389,PED002692,2025-04-17,C00635,P025,V013,R01,4,149.9,0.1
S0005390,PED002692,2025-04-17,C00635,P046,V013,R01,1,249.9,0.1
S0005391,PED002692,2025-04-17,C00635,P042,V013,R01,3,499.9,0.2
S0005392,PED002693,2023-08-20,C00472,P020,V016,R01,4,49.9,0.0
S0005393,PED002693,2023-08-20,C00472,P013,V016,R01,4,899.9,0.05
S0005394,PED002693,2023-08-20,C00472,P046,V016,R01,1,249.9,0.0
S0005395,PED002694,2023-03-21,C00509,P013,V008,R04,3,899.9,0.0
S0005396,PED002695,2024-05-24,C00592,P027,V013,R05,3,249.9,0.1
S0005397,PED002695,2024-05-24,C00592,P040,V013,R05,2,249.9,0.1
S0005398,PED002695,2024-05-24,C00592,P004,V013,R05,2,499.9,0.05
S0005399,PED002696,2023-09-04,C00601,P014,V023,R05,2,499.9,0.1
S0005400,PED002696,2023-09-04,C00601,P006,V023,R05,4,499.9,0.0
S0005401,PED002697,2025-02-11,C00615,P043,V020,R05,2,49.9,0.05
S0005402,PED002697,2025-02-11,C00615,P030,V020,R05,4,499.9,0.1
S0005403,PED002698,2024-01-31,C00645,P034,V003,R01,1,499.9,0.0
S0005404,PED002698,2024-01-31,C00645,P040,V003,R01,2,249.9,0.2
S0005405,PED002698,2024-01-31,C00645,P025,V003,R01,4,149.9,0.05
S0005406,PED002699,2024-05-25,C00684,P004,V013,R01,3,499.9,0.15
S0005407,PED002699,2024-05-25,C00684,P009,V013,R01,1,499.9,0.0
S0005408,PED002700,2023-05-22,C00510,P049,V005,R02,3,899.9,0.1
S0005409,PED002700,2023-05-22,C00510,P002,V005,R02,4,499.9,0.05
S0005410,PED002700,2023-05-22,C00510,P009,V005,R02,3,499.9,0.0
S0005411,PED002701,2024-10-08,C00641,P044,V020,R03,3,499.9,0.2
S0005412,PED002702,2023-08-15,C00519,P035,V016,R03,1,499.9,0.0
S0005413,PED002702,2023-08-15,C00519,P026,V016,R03,4,49.9,0.15
S0005414,PED002702,2023-08-15,C00519,P005,V016,R03,1,499.9,0.1
S0005415,PED002703,2025-01-16,C00512,P028,V015,R05,4,499.9,0.0
S0005416,PED002703,2025-01-16,C00512,P045,V015,R05,3,49.9,0.1
S0005417,PED002703,2025-01-16,C00512,P010,V015,R05,3,249.9,0.1
S0005418,PED002704,2023-04-01,C00591,P010,V024,R04,4,249.9,0.1
S0005419,PED002704,2023-04-01,C00591,P020,V024,R04,3,49.9,0.0
S0005420,PED002705,2025-12-11,C00663,P042,V010,R01,4,499.9,0.0
S0005421,PED002705,2025-12-11,C00663,P010,V010,R01,3,249.9,0.05
S0005422,PED002706,2025-01-23,C00667,P037,V015,R04,1,149.9,0.1
S0005423,PED002707,2023-08-11,C00582,P039,V006,R05,4,249.9,0.05
S0005424,PED002707,2023-08-11,C00582,P024,V006,R05,1,149.9,0.0
S0005425,PED002707,2023-08-11,C00582,P004,V006,R05,2,499.9,0.05
S0005426,PED002708,2023-01-19,C00644,P037,V022,R02,1,149.9,0.1
S0005427,PED002708,2023-01-19,C00644,P029,V022,R02,4,249.9,0.05
S0005428,PED002708,2023-01-19,C00644,P032,V022,R02,2,499.9,0.0
S0005429,PED002709,2024-01-02,C00167,P001,V006,R04,3,49.9,0.0
S0005430,PED002709,2024-01-02,C00167,P011,V006,R04,1,149.9,0.0
S0005431,PED002710,2023-07-07,C00477,P007,V002,R01,3,899.9,0.1
S0005432,PED002711,2023-09-22,C00685,P051,V022,R02,4,899.9,0.0
S0005433,PED002711,2023-09-22,C00685,P047,V022,R02,2,149.9,0.15
S0005434,PED002711,2023-09-22,C00685,P033,V022,R02,2,89.9,0.05
S0005435,PED002712,2025-09-08,C00659,P001,V011,R01,4,49.9,0.05
S0005436,PED002712,2025-09-08,C00659,P006,V011,R01,1,499.9,0.1
S0005437,PED002712,2025-09-08,C00659,P025,V011,R01,4,149.9,0.15
S0005438,PED002713,2024-11-10,C00557,P019,V005,R03,3,149.9,0.0
S0005439,PED002713,2024-11-10,C00557,P029,V005,R03,4,249.9,0.0
S0005440,PED002713,2024-11-10,C00557,P027,V005,R03,4,249.9,0.05
S0005441,PED002714,2023-08-04,C00495,P014,V008,R05,1,499.9,0.1
S0005442,PED002714,2023-08-04,C00495,P011,V008,R05,2,149.9,0.0
S0005443,PED002715,2024-09-26,C00486,P005,V020,R04,3,499.9,0.0
S0005444,PED002715,2024-09-26,C00486,P001,V020,R04,2,49.9,0.15
S0005445,PED002715,2024-09-26,C00486,P002,V020,R04,3,499.9,0.0
S0005446,PED002716,2023-10-30,C00457,P023,V006,R01,4,899.9,0.0
S0005447,PED002716,2023-10-30,C00457,P019,V006,R01,1,149.9,0.2
S0005448,PED002716,2023-10-30,C00457,P021,V006,R01,1,899.9,0.05
S0005449,PED002717,2025-12-11,C00618,P017,V006,R01,4,499.9,0.1
S0005450,PED002717,2025-12-11,C00618,P006,V006,R01,4,499.9,0.0
S0005451,PED002717,2025-12-11,C00618,P056,V006,R01,4,149.9,0.0
S0005452,PED002718,2023-02-12,C00687,P047,V022,R03,1,149.9,0.1
S0005453,PED002719,2025-03-25,C00666,P051,V008,R05,4,899.9,0.15
S0005454,PED002720,2025-05-14,C00675,P013,V008,R02,3,899.9,0.0
S0005455,PED002721,2023-03-27,C00596,P003,V021,R04,4,49.9,0.1
S0005456,PED002722,2023-07-30,C00675,P002,V023,R02,3,499.9,0.0
S0005457,PED002723,2024-03-07,C00675,P012,V010,R02,4,89.9,0.0
S0005458,PED002724,2025-09-03,C00574,P054,V018,R02,4,249.9,0.15
S0005459,PED002724,2025-09-03,C00574,P044,V018,R02,3,499.9,0.05
S0005460,PED002724,2025-09-03,C00574,P028,V018,R02,3,499.9,0.0
S0005461,PED002725,2024-09-05,C00509,P049,V009,R04,1,899.9,0.2
S0005462,PED002725,2024-09-05,C00509,P001,V009,R04,3,49.9,0.1
S0005463,PED002725,2024-09-05,C00509,P013,V009,R04,4,899.9,0.1
S0005464,PED002726,2024-12-21,C00600,P041,V001,R05,2,149.9,0.0
S0005465,PED002726,2024-12-21,C00600,P049,V001,R05,3,899.9,0.05
S0005466,PED002726,2024-12-21,C00600,P015,V001,R05,1,499.9,0.0
S0005467,PED002727,2025-05-25,C00580,P025,V001,R01,2,149.9,0.0
S0005468,PED002727,2025-05-25,C00580,P030,V001,R01,1,499.9,0.05
S0005469,PED002727,2025-05-25,C00580,P015,V001,R01,2,499.9,0.0
S0005470,PED002728,2025-07-17,C00687,P040,V022,R03,2,249.9,0.05
S0005471,PED002728,2025-07-17,C00687,P014,V022,R03,3,499.9,0.0
S0005472,PED002729,2024-06-25,C00660,P006,V008,R01,2,499.9,0.1
S0005473,PED002729,2024-06-25,C00660,P023,V008,R01,3,899.9,0.0
S0005474,PED002729,2024-06-25,C00660,P050,V008,R01,4,899.9,0.1
S0005475,PED002730,2024-08-03,C00615,P005,V003,R05,2,499.9,0.2
S0005476,PED002730,2024-08-03,C00615,P010,V003,R05,1,249.9,0.0
S0005477,PED002731,2025-03-08,C00481,P009,V002,R03,1,499.9,0.0
S0005478,PED002731,2025-03-08,C00481,P016,V002,R03,1,149.9,0.1
S0005479,PED002731,2025-03-08,C00481,P008,V002,R03,1,149.9,0.05
S0005480,PED002732,2023-11-05,C00675,P013,V016,R02,1,899.9,0.0
S0005481,PED002732,2023-11-05,C00675,P058,V016,R02,1,49.9,0.0
S0005482,PED002733,2025-08-18,C00576,P025,V001,R05,1,149.9,0.0
S0005483,PED002733,2025-08-18,C00576,P014,V001,R05,2,499.9,0.05
S0005484,PED002734,2023-01-27,C00656,P012,V019,R01,3,89.9,0.1
S0005485,PED002734,2023-01-27,C00656,P010,V019,R01,4,249.9,0.15
S0005486,PED002735,2023-08-27,C00624,P011,V019,R05,1,149.9,0.0
S0005487,PED002736,2025-06-14,C00502,P056,V001,R04,4,149.9,0.0
S0005488,PED002736,2025-06-14,C00502,P038,V001,R04,4,499.9,0.1
S0005489,PED002736,2025-06-14,C00502,P022,V001,R04,2,499.9,0.1
S0005490,PED002737,2024-01-10,C00490,P015,V009,R03,4,499.9,0.0
S0005491,PED002737,2024-01-10,C00490,P049,V009,R03,4,899.9,0.0
S0005492,PED002737,2024-01-10,C00490,P012,V009,R03,4,89.9,0.05
S0005493,PED002738,2023-07-03,C00691,P017,V003,R02,2,499.9,0.0
S0005494,PED002739,2023-08-17,C00576,P018,V013,R05,3,499.9,0.0
S0005495,PED002739,2023-08-17,C00576,P031,V013,R05,4,149.9,0.05
S0005496,PED002739,2023-08-17,C00576,P022,V013,R05,1,499.9,0.05
S0005497,PED002740,2024-08-29,C00587,P027,V003,R04,2,249.9,0.1
S0005498,PED002741,2025-08-08,C00675,P030,V009,R02,3,499.9,0.2
S0005499,PED002741,2025-08-08,C00675,P003,V009,R02,3,49.9,0.05
S0005500,PED002742,2023-04-01,C00502,P006,V001,R04,3,499.9,0.05
S0005501,PED002743,2023-02-09,C00632,P047,V001,R05,2,149.9,0.05
S0005502,PED002743,2023-02-09,C00632,P006,V001,R05,3,499.9,0.0
S0005503,PED002744,2024-06-12,C00487,P037,V014,R05,3,149.9,0.0
S0005504,PED002745,2025-11-24,C00675,P020,V002,R02,3,49.9,0.15
S0005505,PED002745,2025-11-24,C00675,P027,V002,R02,4,249.9,0.0
S0005506,PED002745,2025-11-24,C00675,P037,V002,R02,3,149.9,0.2
S0005507,PED002746,2023-11-17,C00550,P013,V001,R01,1,899.9,0.0
S0005508,PED002746,2023-11-17,C00550,P038,V001,R01,1,499.9,0.05
S0005509,PED002746,2023-11-17,C00550,P021,V001,R01,2,899.9,0.1
S0005510,PED002747,2025-11-27,C00462,P021,V023,R04,4,899.9,0.15
S0005511,PED002747,2025-11-27,C00462,P041,V023,R04,3,149.9,0.1
S0005512,PED002747,2025-11-27,C00462,P004,V023,R04,1,499.9,0.0
S0005513,PED002748,2025-09-24,C00579,P033,V004,R03,3,89.9,0.1
S0005514,PED002748,2025-09-24,C00579,P014,V004,R03,2,499.9,0.0
S0005515,PED002749,2023-11-20,C00608,P002,V008,R04,1,499.9,0.0
S0005516,PED002750,2025-07-04,C00566,P019,V004,R05,3,149.9,0.05
S0005517,PED002750,2025-07-04,C00566,P021,V004,R05,4,899.9,0.05
S0005518,PED002750,2025-07-04,C00566,P047,V004,R05,3,149.9,0.05
S0005519,PED002751,2025-01-25,C00479,P019,V006,R01,4,149.9,0.05
S0005520,PED002751,2025-01-25,C00479,P026,V006,R01,1,49.9,0.05
S0005521,PED002752,2024-08-06,C00614,P020,V009,R04,3,49.9,0.1
S0005522,PED002752,2024-08-06,C00614,P039,V009,R04,4,249.9,0.0
S0005523,PED002752,2024-08-06,C00614,P014,V009,R04,1,499.9,0.15
S0005524,PED002753,2024-04-23,C00536,P014,V006,R05,2,499.9,0.0
S0005525,PED002754,2025-07-02,C00686,P038,V010,R05,1,499.9,0.0
S0005526,PED002755,2025-06-06,C00517,P014,V011,R04,4,499.9,0.2
S0005527,PED002755,2025-06-06,C00517,P030,V011,R04,2,499.9,0.1
S0005528,PED002756,2025-04-24,C00644,P027,V015,R02,3,249.9,0.15
S0005529,PED002756,2025-04-24,C00644,P020,V015,R02,3,49.9,0.05
S0005530,PED002756,2025-04-24,C00644,P041,V015,R02,4,149.9,0.1
S0005531,PED002757,2025-12-30,C00574,P034,V008,R02,1,499.9,0.15
S0005532,PED002758,2024-06-27,C00658,P018,V020,R04,4,499.9,0.1
S0005533,PED002759,2025-06-22,C00555,P006,V014,R01,3,499.9,0.05
S0005534,PED002760,2025-08-27,C00558,P054,V006,R03,3,249.9,0.1
S0005535,PED002761,2023-09-14,C00598,P026,V005,R01,2,49.9,0.0
S0005536,PED002761,2023-09-14,C00598,P036,V005,R01,4,49.9,0.15
S0005537,PED002762,2023-02-25,C00486,P036,V001,R04,4,49.9,0.15
S0005538,PED002762,2023-02-25,C00486,P047,V001,R04,4,149.9,0.1
S0005539,PED002763,2024-04-01,C00583,P002,V011,R01,2,499.9,0.05
S0005540,PED002763,2024-04-01,C00583,P001,V011,R01,4,49.9,0.0
S0005541,PED002764,2025-08-20,C00534,P005,V018,R03,4,499.9,0.1
S0005542,PED002765,2023-11-24,C00539,P024,V001,R04,2,149.9,0.1
S0005543,PED002766,2025-02-12,C00541,P028,V013,R01,1,499.9,0.1
S0005544,PED002767,2023-01-10,C00491,P026,V006,R02,1,49.9,0.0
S0005545,PED002768,2024-01-29,C00542,P009,V004,R02,4,499.9,0.0
S0005546,PED002769,2024-11-19,C00156,P025,V020,R02,2,149.9,0.0
S0005547,PED002770,2023-06-10,C00497,P056,V001,R04,1,149.9,0.1
S0005548,PED002770,2023-06-10,C00497,P003,V001,R04,4,49.9,0.0
S0005549,PED002771,2025-10-04,C00541,P047,V016,R01,4,149.9,0.05
S0005550,PED002772,2023-07-11,C00484,P004,V004,R03,3,499.9,0.05
S0005551,PED002772,2023-07-11,C00484,P016,V004,R03,4,149.9,0.15
S0005552,PED002773,2025-10-17,C00656,P003,V024,R01,4,49.9,0.05
S0005553,PED002774,2023-09-19,C00521,P004,V001,R02,2,499.9,0.0
S0005554,PED002775,2025-12-27,C00547,P019,V005,R05,2,149.9,0.0
S0005555,PED002775,2025-12-27,C00547,P001,V005,R05,4,49.9,0.0
S0005556,PED002775,2025-12-27,C00547,P042,V005,R05,4,499.9,0.1
S0005557,PED002776,2024-11-11,C00592,P017,V011,R05,3,499.9,0.1
S0005558,PED002776,2024-11-11,C00592,P025,V011,R05,2,149.9,0.0
S0005559,PED002776,2024-11-11,C00592,P011,V011,R05,4,149.9,0.1
S0005560,PED002777,2023-04-17,C00522,P026,V017,R01,1,49.9,0.0
S0005561,PED002777,2023-04-17,C00522,P008,V017,R01,4,149.9,0.15
S0005562,PED002777,2023-04-17,C00522,P034,V017,R01,1,499.9,0.1
S0005563,PED002778,2023-03-25,C00517,P031,V002,R04,3,149.9,0.1
S0005564,PED002778,2023-03-25,C00517,P015,V002,R04,1,499.9,0.05
S0005565,PED002778,2023-03-25,C00517,P013,V002,R04,1,899.9,0.0
S0005566,PED002779,2023-04-06,C00571,P020,V008,R02,3,49.9,0.0
S0005567,PED002779,2023-04-06,C00571,P021,V008,R02,1,899.9,0.0
S0005568,PED002780,2024-10-30,C00570,P041,V017,R03,3,149.9,0.0
S0005569,PED002780,2024-10-30,C00570,P019,V017,R03,3,149.9,0.0
S0005570,PED002781,2025-06-25,C00679,P040,V009,R03,2,249.9,0.0
S0005571,PED002782,2024-03-30,C00626,P017,V002,R02,4,499.9,0.0
S0005572,PED002783,2024-05-19,C00546,P036,V002,R04,3,49.9,0.1
S0005573,PED002783,2024-05-19,C00546,P018,V002,R04,2,499.9,0.0
S0005574,PED002784,2024-10-30,C00554,P017,V020,R04,4,499.9,0.0
S0005575,PED002784,2024-10-30,C00554,P021,V020,R04,2,899.9,0.0
S0005576,PED002784,2024-10-30,C00554,P040,V020,R04,3,249.9,0.1
S0005577,PED002785,2024-08-31,C00539,P020,V024,R04,2,49.9,0.05
S0005578,PED002785,2024-08-31,C00539,P025,V024,R04,3,149.9,0.15
S0005579,PED002785,2024-08-31,C00539,P006,V024,R04,3,499.9,0.1
S0005580,PED002786,2025-01-28,C00538,P004,V013,R04,1,499.9,0.05
S0005581,PED002787,2024-06-20,C00630,P020,V013,R01,4,49.9,0.0
S0005582,PED002787,2024-06-20,C00630,P007,V013,R01,2,899.9,0.0
S0005583,PED002788,2025-03-03,C00545,P005,V004,R01,4,499.9,0.2
S0005584,PED002788,2025-03-03,C00545,P018,V004,R01,2,499.9,0.15
S0005585,PED002789,2025-12-29,C00466,P021,V004,R05,4,899.9,0.05
S0005586,PED002789,2025-12-29,C00466,P052,V004,R05,1,89.9,0.0
S0005587,PED002790,2024-01-22,C00534,P051,V023,R03,1,899.9,0.05
S0005588,PED002791,2023-01-16,C00047,P038,V011,R03,4,499.9,0.0
S0005589,PED002791,2023-01-16,C00047,P021,V011,R03,1,899.9,0.05
S0005590,PED002792,2023-06-06,C00470,P054,V007,R03,4,249.9,0.15
S0005591,PED002792,2023-06-06,C00470,P010,V007,R03,3,249.9,0.05
S0005592,PED002793,2024-09-23,C00646,P018,V003,R01,1,499.9,0.0
S0005593,PED002793,2024-09-23,C00646,P060,V003,R01,3,149.9,0.0
S0005594,PED002793,2024-09-23,C00646,P031,V003,R01,2,149.9,0.05
S0005595,PED002794,2024-01-15,C00532,P020,V020,R04,1,49.9,0.0
S0005596,PED002794,2024-01-15,C00532,P012,V020,R04,2,89.9,0.0
S0005597,PED002795,2025-11-12,C00394,P018,V006,R03,4,499.9,0.0
S0005598,PED002795,2025-11-12,C00394,P046,V006,R03,1,249.9,0.0
S0005599,PED002795,2025-11-12,C00394,P054,V006,R03,3,249.9,0.0
S0005600,PED002796,2024-11-28,C00683,P032,V006,R04,1,499.9,0.05
S0005601,PED002796,2024-11-28,C00683,P035,V006,R04,4,499.9,0.1
S0005602,PED002796,2024-11-28,C00683,P030,V006,R04,4,499.9,0.15
S0005603,PED002797,2024-08-16,C00308,P024,V015,R01,2,149.9,0.1
S0005604,PED002797,2024-08-16,C00308,P022,V015,R01,4,499.9,0.2
S0005605,PED002797,2024-08-16,C00308,P005,V015,R01,4,499.9,0.0
S0005606,PED002798,2025-06-12,C00567,P041,V002,R03,1,149.9,0.15
S0005607,PED002798,2025-06-12,C00567,P030,V002,R03,1,499.9,0.0
S0005608,PED002798,2025-06-12,C00567,P038,V002,R03,1,499.9,0.1
S0005609,PED002799,2023-11-01,C00533,P020,V005,R01,3,49.9,0.0
S0005610,PED002799,2023-11-01,C00533,P028,V005,R01,2,499.9,0.2
S0005611,PED002799,2023-11-01,C00533,P059,V005,R01,2,499.9,0.0
S0005612,PED002800,2025-07-07,C00640,P010,V016,R05,4,249.9,0.0
S0005613,PED002800,2025-07-07,C00640,P004,V016,R05,4,499.9,0.0
S0005614,PED002801,2023-01-04,C00642,P018,V003,R01,2,499.9,0.0
S0005615,PED002802,2024-11-22,C00467,P006,V010,R01,3,499.9,0.2
S0005616,PED002802,2024-11-22,C00467,P034,V010,R01,1,499.9,0.1
S0005617,PED002802,2024-11-22,C00467,P014,V010,R01,2,499.9,0.1
S0005618,PED002803,2025-11-08,C00611,P013,V009,R01,4,899.9,0.2
S0005619,PED002803,2025-11-08,C00611,P022,V009,R01,4,499.9,0.05
S0005620,PED002804,2025-05-31,C00570,P034,V008,R03,3,499.9,0.0
S0005621,PED002805,2025-08-17,C00590,P018,V009,R01,1,499.9,0.05
S0005622,PED002805,2025-08-17,C00590,P038,V009,R01,2,499.9,0.0
S0005623,PED002805,2025-08-17,C00590,P013,V009,R01,2,899.9,0.1
S0005624,PED002806,2024-03-22,C00398,P033,V012,R02,4,89.9,0.05
S0005625,PED002806,2024-03-22,C00398,P042,V012,R02,2,499.9,0.1
S0005626,PED002806,2024-03-22,C00398,P007,V012,R02,2,899.9,0.05
S0005627,PED002807,2025-07-12,C00595,P037,V001,R01,3,149.9,0.1
S0005628,PED002807,2025-07-12,C00595,P011,V001,R01,1,149.9,0.05
S0005629,PED002807,2025-07-12,C00595,P031,V001,R01,1,149.9,0.15
S0005630,PED002808,2024-09-20,C00569,P029,V003,R05,2,249.9,0.1
S0005631,PED002808,2024-09-20,C00569,P027,V003,R05,4,249.9,0.05
S0005632,PED002809,2024-11-21,C00492,P004,V009,R03,1,499.9,0.2
S0005633,PED002809,2024-11-21,C00492,P027,V009,R03,1,249.9,0.0
S0005634,PED002810,2023-03-17,C00628,P004,V002,R05,4,499.9,0.1
S0005635,PED002810,2023-03-17,C00628,P018,V002,R05,2,499.9,0.0
S0005636,PED002810,2023-03-17,C00628,P052,V002,R05,1,89.9,0.05
S0005637,PED002811,2023-09-03,C00515,P007,V010,R04,1,899.9,0.1
S0005638,PED002812,2024-09-20,C00552,P008,V007,R05,4,149.9,0.0
S0005639,PED002812,2024-09-20,C00552,P028,V007,R05,2,499.9,0.0
S0005640,PED002812,2024-09-20,C00552,P023,V007,R05,3,899.9,0.15
S0005641,PED002813,2023-03-17,C00499,P027,V016,R04,2,249.9,0.0
S0005642,PED002813,2023-03-17,C00499,P049,V016,R04,3,899.9,0.0
S0005643,PED002813,2023-03-17,C00499,P019,V016,R04,4,149.9,0.1
S0005644,PED002814,2025-04-05,C00655,P019,V004,R03,3,149.9,0.05
S0005645,PED002814,2025-04-05,C00655,P001,V004,R03,3,49.9,0.1
S0005646,PED002814,2025-04-05,C00655,P047,V004,R03,2,149.9,0.05
S0005647,PED002815,2025-08-01,C00540,P057,V001,R03,3,149.9,0.0
S0005648,PED002816,2025-10-28,C00616,P004,V020,R01,3,499.9,0.05
S0005649,PED002816,2025-10-28,C00616,P036,V020,R01,2,49.9,0.05
S0005650,PED002817,2023-05-09,C00526,P005,V001,R05,2,499.9,0.1
S0005651,PED002817,2023-05-09,C00526,P015,V001,R05,4,499.9,0.1
S0005652,PED002817,2023-05-09,C00526,P022,V001,R05,3,499.9,0.0
S0005653,PED002818,2025-11-12,C00561,P004,V016,R03,3,499.9,0.1
S0005654,PED002818,2025-11-12,C00561,P012,V016,R03,4,89.9,0.0
S0005655,PED002819,2023-03-28,C00506,P028,V022,R04,4,499.9,0.0
S0005656,PED002820,2024-06-22,C00507,P030,V006,R02,2,499.9,0.0
S0005657,PED002820,2024-06-22,C00507,P027,V006,R02,1,249.9,0.05
S0005658,PED002821,2025-08-01,C00536,P005,V019,R05,4,499.9,0.2
S0005659,PED002822,2023-03-31,C00502,P020,V016,R04,2,49.9,0.0
S0005660,PED002822,2023-03-31,C00502,P036,V016,R04,4,49.9,0.0
S0005661,PED002822,2023-03-31,C00502,P046,V016,R04,1,249.9,0.0
S0005662,PED002823,2023-01-24,C00532,P011,V016,R04,2,149.9,0.1
S0005663,PED002824,2023-02-01,C00654,P003,V011,R05,3,49.9,0.0
S0005664,PED002824,2023-02-01,C00654,P013,V011,R05,4,899.9,0.0
S0005665,PED002824,2023-02-01,C00654,P002,V011,R05,2,499.9,0.05
S0005666,PED002825,2024-08-06,C00657,P060,V013,R05,4,149.9,0.0
S0005667,PED002826,2025-06-27,C00654,P013,V017,R05,2,899.9,0.15
S0005668,PED002827,2023-06-08,C00494,P018,V012,R05,2,499.9,0.0
S0005669,PED002828,2023-06-04,C00505,P010,V001,R05,4,249.9,0.2
S0005670,PED002828,2023-06-04,C00505,P002,V001,R05,4,499.9,0.1
S0005671,PED002828,2023-06-04,C00505,P018,V001,R05,2,499.9,0.0
S0005672,PED002829,2024-10-09,C00456,P007,V006,R05,3,899.9,0.15
S0005673,PED002829,2024-10-09,C00456,P023,V006,R05,1,899.9,0.0
S0005674,PED002829,2024-10-09,C00456,P014,V006,R05,1,499.9,0.0
S0005675,PED002830,2023-10-08,C00682,P032,V011,R01,2,499.9,0.05
S0005676,PED002830,2023-10-08,C00682,P010,V011,R01,3,249.9,0.0
S0005677,PED002830,2023-10-08,C00682,P003,V011,R01,1,49.9,0.0
S0005678,PED002831,2025-03-23,C00468,P048,V006,R02,2,149.9,0.1
S0005679,PED002831,2025-03-23,C00468,P007,V006,R02,2,899.9,0.1
S0005680,PED002832,2025-11-20,C00663,P030,V002,R01,3,499.9,0.0
S0005681,PED002832,2025-11-20,C00663,P008,V002,R01,3,149.9,0.05
S0005682,PED002833,2025-05-05,C00500,P027,V002,R01,1,249.9,0.0
S0005683,PED002833,2025-05-05,C00500,P016,V002,R01,2,149.9,0.05
S0005684,PED002833,2025-05-05,C00500,P004,V002,R01,1,499.9,0.0
S0005685,PED002834,2025-09-13,C00550,P036,V013,R01,1,49.9,0.0
S0005686,PED002834,2025-09-13,C00550,P023,V013,R01,1,899.9,0.15
S0005687,PED002835,2024-08-15,C00622,P033,V004,R04,2,89.9,0.0
S0005688,PED002835,2024-08-15,C00622,P040,V004,R04,1,249.9,0.0
S0005689,PED002835,2024-08-15,C00622,P050,V004,R04,4,899.9,0.1
S0005690,PED002836,2025-07-22,C00579,P046,V006,R03,4,249.9,0.1
S0005691,PED002837,2023-08-12,C00505,P021,V013,R05,1,899.9,0.1
S0005692,PED002837,2023-08-12,C00505,P002,V013,R05,4,499.9,0.0
S0005693,PED002838,2023-03-29,C00694,P040,V005,R03,3,249.9,0.05
S0005694,PED002839,2024-12-22,C00207,P014,V004,R03,1,499.9,0.1
S0005695,PED002839,2024-12-22,C00207,P023,V004,R03,1,899.9,0.05
S0005696,PED002840,2023-03-09,C00512,P017,V024,R05,1,499.9,0.05
S0005697,PED002840,2023-03-09,C00512,P052,V024,R05,3,89.9,0.0
S0005698,PED002840,2023-03-09,C00512,P048,V024,R05,1,149.9,0.05
S0005699,PED002841,2025-09-29,C00691,P024,V005,R02,1,149.9,0.0
S0005700,PED002841,2025-09-29,C00691,P008,V005,R02,1,149.9,0.05
S0005701,PED002841,2025-09-29,C00691,P047,V005,R02,4,149.9,0.2
S0005702,PED002842,2025-02-01,C00566,P010,V017,R05,1,249.9,0.0
S0005703,PED002843,2025-11-21,C00585,P035,V016,R04,1,499.9,0.15
S0005704,PED002844,2023-12-15,C00662,P049,V008,R02,3,899.9,0.0
S0005705,PED002844,2023-12-15,C00662,P038,V008,R02,2,499.9,0.05
S0005706,PED002845,2024-07-06,C00470,P023,V005,R03,3,899.9,0.05
S0005707,PED002846,2025-04-06,C00618,P006,V005,R01,3,499.9,0.05
S0005708,PED002846,2025-04-06,C00618,P049,V005,R01,1,899.9,0.05
S0005709,PED002846,2025-04-06,C00618,P010,V005,R01,4,249.9,0.05
S0005710,PED002847,2023-10-17,C00393,P003,V012,R03,4,49.9,0.0
S0005711,PED002847,2023-10-17,C00393,P018,V012,R03,3,499.9,0.2
S0005712,PED002848,2024-09-10,C00590,P032,V005,R01,2,499.9,0.05
S0005713,PED002849,2024-12-25,C00583,P056,V001,R01,3,149.9,0.0
S0005714,PED002850,2025-12-13,C00539,P018,V003,R04,1,499.9,0.1
S0005715,PED002850,2025-12-13,C00539,P008,V003,R04,3,149.9,0.15
S0005716,PED002851,2025-04-09,C00501,P020,V008,R03,1,49.9,0.0
S0005717,PED002851,2025-04-09,C00501,P014,V008,R03,3,499.9,0.0
S0005718,PED002851,2025-04-09,C00501,P006,V008,R03,3,499.9,0.1
S0005719,PED002852,2023-05-28,C00616,P014,V022,R01,3,499.9,0.05
S0005720,PED002852,2023-05-28,C00616,P047,V022,R01,1,149.9,0.05
S0005721,PED002852,2023-05-28,C00616,P017,V022,R01,2,499.9,0.1
S0005722,PED002853,2024-06-24,C00602,P051,V007,R01,3,899.9,0.15
S0005723,PED002853,2024-06-24,C00602,P003,V007,R01,3,49.9,0.05
S0005724,PED002854,2024-10-29,C00528,P001,V020,R03,3,49.9,0.1
S0005725,PED002854,2024-10-29,C00528,P032,V020,R03,3,499.9,0.0
S0005726,PED002855,2023-06-30,C00478,P013,V001,R03,4,899.9,0.15
S0005727,PED002856,2024-05-04,C00627,P016,V015,R02,2,149.9,0.1
S0005728,PED002856,2024-05-04,C00627,P017,V015,R02,2,499.9,0.05
S0005729,PED002856,2024-05-04,C00627,P002,V015,R02,4,499.9,0.0
S0005730,PED002857,2023-11-20,C00473,P012,V022,R03,4,89.9,0.0
S0005731,PED002857,2023-11-20,C00473,P017,V022,R03,2,499.9,0.05
S0005732,PED002858,2023-05-29,C00515,P003,V013,R04,3,49.9,0.2
S0005733,PED002859,2024-08-06,C00518,P007,V016,R02,4,899.9,0.15
S0005734,PED002860,2023-07-22,C00488,P001,V016,R04,3,49.9,0.0
S0005735,PED002860,2023-07-22,C00488,P011,V016,R04,3,149.9,0.1
S0005736,PED002860,2023-07-22,C00488,P044,V016,R04,3,499.9,0.1
S0005737,PED002861,2024-10-31,C00666,P013,V008,R05,4,899.9,0.1
S0005738,PED002862,2023-07-27,C00456,P015,V009,R05,1,499.9,0.1
S0005739,PED002863,2025-03-15,C00612,P005,V013,R05,1,499.9,0.1
S0005740,PED002864,2023-08-27,C00556,P037,V005,R01,1,149.9,0.05
S0005741,PED002864,2023-08-27,C00556,P014,V005,R01,2,499.9,0.05
S0005742,PED002864,2023-08-27,C00556,P003,V005,R01,3,49.9,0.0
S0005743,PED002865,2025-10-03,C00696,P020,V009,R01,2,49.9,0.0
S0005744,PED002866,2023-02-03,C00480,P005,V006,R03,3,499.9,0.2
S0005745,PED002867,2024-08-18,C00468,P033,V024,R02,2,89.9,0.0
S0005746,PED002867,2024-08-18,C00468,P030,V024,R02,3,499.9,0.2
S0005747,PED002868,2023-12-20,C00525,P027,V003,R01,4,249.9,0.05
S0005748,PED002868,2023-12-20,C00525,P028,V003,R01,1,499.9,0.15
S0005749,PED002869,2023-09-29,C00550,P011,V003,R01,1,149.9,0.1
S0005750,PED002870,2024-06-19,C00575,P040,V012,R03,3,249.9,0.2
S0005751,PED002871,2025-08-03,C00503,P016,V004,R04,4,149.9,0.0
S0005752,PED002871,2025-08-03,C00503,P006,V004,R04,2,499.9,0.15
S0005753,PED002872,2025-10-22,C00596,P029,V010,R04,3,249.9,0.15
S0005754,PED002872,2025-10-22,C00596,P002,V010,R04,1,499.9,0.1
S0005755,PED002873,2023-12-06,C00037,P002,V010,R05,1,499.9,0.0
S0005756,PED002873,2023-12-06,C00037,P057,V010,R05,4,149.9,0.1
S0005757,PED002874,2023-07-09,C00134,P005,V022,R05,1,499.9,0.0
S0005758,PED002875,2025-03-11,C00493,P004,V015,R01,2,499.9,0.05
S0005759,PED002875,2025-03-11,C00493,P046,V015,R01,4,249.9,0.15
S0005760,PED002875,2025-03-11,C00493,P034,V015,R01,1,499.9,0.05
S0005761,PED002876,2024-10-22,C00495,P042,V002,R05,1,499.9,0.1
S0005762,PED002876,2024-10-22,C00495,P018,V002,R05,3,499.9,0.1
S0005763,PED002877,2023-09-02,C00594,P024,V012,R04,3,149.9,0.05
S0005764,PED002878,2025-04-29,C00542,P042,V009,R02,4,499.9,0.05
S0005765,PED002879,2024-08-15,C00489,P044,V003,R03,2,499.9,0.0
S0005766,PED002879,2024-08-15,C00489,P051,V003,R03,2,899.9,0.0
S0005767,PED002880,2024-12-20,C00694,P053,V022,R03,4,49.9,0.0
S0005768,PED002880,2024-12-20,C00694,P023,V022,R03,3,899.9,0.1
S0005769,PED002880,2024-12-20,C00694,P054,V022,R03,4,249.9,0.0
S0005770,PED002881,2024-02-03,C00673,P029,V004,R01,1,249.9,0.1
S0005771,PED002882,2024-05-13,C00500,P047,V021,R01,1,149.9,0.1
S0005772,PED002882,2024-05-13,C00500,P033,V021,R01,2,89.9,0.0
S0005773,PED002882,2024-05-13,C00500,P051,V021,R01,4,899.9,0.0
S0005774,PED002883,2023-08-09,C00216,P056,V002,R03,3,149.9,0.15
S0005775,PED002884,2025-04-24,C00552,P034,V010,R05,3,499.9,0.0
S0005776,PED002884,2025-04-24,C00552,P014,V010,R05,4,499.9,0.1
S0005777,PED002885,2023-07-12,C00561,P043,V023,R03,4,49.9,0.0
S0005778,PED002886,2025-05-20,C00457,P016,V009,R01,1,149.9,0.1
S0005779,PED002886,2025-05-20,C00457,P001,V009,R01,1,49.9,0.1
S0005780,PED002887,2025-06-12,C00635,P023,V018,R01,1,899.9,0.05
S0005781,PED002887,2025-06-12,C00635,P008,V018,R01,2,149.9,0.15
S0005782,PED002887,2025-06-12,C00635,P035,V018,R01,2,499.9,0.0
S0005783,PED002888,2025-04-12,C00660,P034,V001,R01,4,499.9,0.0
S0005784,PED002888,2025-04-12,C00660,P009,V001,R01,3,499.9,0.1
S0005785,PED002889,2023-01-25,C00516,P040,V021,R02,1,249.9,0.0
S0005786,PED002890,2023-11-12,C00497,P014,V003,R04,2,499.9,0.1
S0005787,PED002890,2023-11-12,C00497,P059,V003,R04,2,499.9,0.0
S0005788,PED002891,2024-06-16,C00617,P028,V016,R01,2,499.9,0.15
S0005789,PED002891,2024-06-16,C00617,P004,V016,R01,4,499.9,0.15
S0005790,PED002891,2024-06-16,C00617,P040,V016,R01,3,249.9,0.15
S0005791,PED002892,2024-11-04,C00576,P033,V022,R05,1,89.9,0.0
S0005792,PED002893,2025-10-26,C00573,P001,V002,R01,1,49.9,0.2
S0005793,PED002894,2024-02-25,C00510,P011,V022,R02,1,149.9,0.05
S0005794,PED002894,2024-02-25,C00510,P029,V022,R02,2,249.9,0.15
S0005795,PED002894,2024-02-25,C00510,P022,V022,R02,4,499.9,0.1
S0005796,PED002895,2025-09-10,C00612,P018,V001,R05,4,499.9,0.0
S0005797,PED002895,2025-09-10,C00612,P028,V001,R05,4,499.9,0.0
S0005798,PED002895,2025-09-10,C00612,P031,V001,R05,4,149.9,0.05
S0005799,PED002896,2023-07-20,C00493,P048,V011,R01,4,149.9,0.05
S0005800,PED002896,2023-07-20,C00493,P037,V011,R01,1,149.9,0.05
S0005801,PED002896,2023-07-20,C00493,P036,V011,R01,3,49.9,0.05
S0005802,PED002897,2024-02-19,C00471,P015,V001,R01,1,499.9,0.0
S0005803,PED002897,2024-02-19,C00471,P020,V001,R01,3,49.9,0.15
S0005804,PED002898,2023-03-09,C00548,P032,V007,R05,2,499.9,0.0
S0005805,PED002898,2023-03-09,C00548,P035,V007,R05,2,499.9,0.0
S0005806,PED002899,2025-04-07,C00504,P010,V003,R03,2,249.9,0.05
S0005807,PED002900,2023-07-04,C00534,P033,V004,R03,4,89.9,0.05
S0005808,PED002900,2023-07-04,C00534,P003,V004,R03,4,49.9,0.05
S0005809,PED002901,2023-10-31,C00604,P019,V006,R02,3,149.9,0.0
S0005810,PED002901,2023-10-31,C00604,P054,V006,R02,3,249.9,0.1
S0005811,PED002902,2025-05-16,C00614,P026,V011,R04,1,49.9,0.0
S0005812,PED002902,2025-05-16,C00614,P050,V011,R04,2,899.9,0.15
S0005813,PED002903,2024-09-02,C00457,P006,V001,R01,4,499.9,0.15
S0005814,PED002903,2024-09-02,C00457,P001,V001,R01,3,49.9,0.0
S0005815,PED002903,2024-09-02,C00457,P015,V001,R01,1,499.9,0.0
S0005816,PED002904,2023-01-18,C00473,P050,V002,R03,1,899.9,0.0
S0005817,PED002904,2023-01-18,C00473,P034,V002,R03,4,499.9,0.0
S0005818,PED002904,2023-01-18,C00473,P013,V002,R03,1,899.9,0.0
S0005819,PED002905,2023-01-03,C00601,P018,V022,R05,1,499.9,0.1
S0005820,PED002905,2023-01-03,C00601,P033,V022,R05,2,89.9,0.0
S0005821,PED002905,2023-01-03,C00601,P014,V022,R05,3,499.9,0.15
S0005822,PED002906,2024-08-05,C00688,P034,V007,R03,1,499.9,0.0
S0005823,PED002906,2024-08-05,C00688,P037,V007,R03,3,149.9,0.1
S0005824,PED002906,2024-08-05,C00688,P003,V007,R03,4,49.9,0.05
S0005825,PED002907,2023-12-07,C00584,P031,V010,R05,3,149.9,0.05
S0005826,PED002907,2023-12-07,C00584,P003,V010,R05,3,49.9,0.1
S0005827,PED002907,2023-12-07,C00584,P014,V010,R05,3,499.9,0.05
S0005828,PED002908,2023-08-09,C00464,P044,V012,R04,2,499.9,0.15
S0005829,PED002908,2023-08-09,C00464,P051,V012,R04,1,899.9,0.0
S0005830,PED002908,2023-08-09,C00464,P045,V012,R04,4,49.9,0.05
S0005831,PED002909,2024-11-17,C00486,P045,V011,R04,2,49.9,0.0
S0005832,PED002909,2024-11-17,C00486,P014,V011,R04,4,499.9,0.0
S0005833,PED002909,2024-11-17,C00486,P007,V011,R04,1,899.9,0.0
S0005834,PED002910,2023-10-02,C00497,P028,V002,R04,2,499.9,0.0
S0005835,PED002910,2023-10-02,C00497,P004,V002,R04,1,499.9,0.15
S0005836,PED002910,2023-10-02,C00497,P057,V002,R04,3,149.9,0.15
S0005837,PED002911,2024-11-01,C00554,P043,V011,R04,2,49.9,0.1
S0005838,PED002911,2024-11-01,C00554,P029,V011,R04,4,249.9,0.15
S0005839,PED002912,2024-03-01,C00599,P036,V022,R04,2,49.9,0.0
S0005840,PED002912,2024-03-01,C00599,P053,V022,R04,2,49.9,0.1
S0005841,PED002913,2023-08-17,C00662,P011,V014,R02,2,149.9,0.05
S0005842,PED002914,2023-06-20,C00576,P050,V004,R05,4,899.9,0.0
S0005843,PED002915,2023-10-11,C00673,P023,V018,R01,1,899.9,0.15
S0005844,PED002916,2023-02-08,C00631,P055,V002,R04,1,149.9,0.05
S0005845,PED002916,2023-02-08,C00631,P007,V002,R04,2,899.9,0.0
S0005846,PED002916,2023-02-08,C00631,P015,V002,R04,1,499.9,0.1
S0005847,PED002917,2023-12-10,C00491,P033,V011,R02,2,89.9,0.05
S0005848,PED002917,2023-12-10,C00491,P014,V011,R02,1,499.9,0.1
S0005849,PED002918,2025-10-09,C00700,P024,V012,R02,2,149.9,0.0
S0005850,PED002918,2025-10-09,C00700,P044,V012,R02,2,499.9,0.0
S0005851,PED002918,2025-10-09,C00700,P028,V012,R02,3,499.9,0.1
S0005852,PED002919,2025-07-21,C00212,P016,V008,R02,3,149.9,0.15
S0005853,PED002919,2025-07-21,C00212,P050,V008,R02,4,899.9,0.0
S0005854,PED002919,2025-07-21,C00212,P038,V008,R02,2,499.9,0.0
S0005855,PED002920,2024-02-20,C00524,P001,V022,R01,1,49.9,0.0
S0005856,PED002920,2024-02-20,C00524,P026,V022,R01,4,49.9,0.0
S0005857,PED002920,2024-02-20,C00524,P023,V022,R01,1,899.9,0.0
S0005858,PED002921,2024-10-16,C00686,P005,V007,R05,4,499.9,0.15
S0005859,PED002921,2024-10-16,C00686,P051,V007,R05,3,899.9,0.1
S0005860,PED002921,2024-10-16,C00686,P030,V007,R05,4,499.9,0.0
S0005861,PED002922,2024-10-08,C00682,P031,V014,R01,2,149.9,0.0
S0005862,PED002922,2024-10-08,C00682,P002,V014,R01,4,499.9,0.05
S0005863,PED002923,2025-07-18,C00107,P007,V011,R03,4,899.9,0.2
S0005864,PED002923,2025-07-18,C00107,P016,V011,R03,4,149.9,0.0
S0005865,PED002923,2025-07-18,C00107,P023,V011,R03,2,899.9,0.15
S0005866,PED002924,2023-10-10,C00538,P007,V014,R04,1,899.9,0.0
S0005867,PED002924,2023-10-10,C00538,P031,V014,R04,1,149.9,0.15
S0005868,PED002924,2023-10-10,C00538,P021,V014,R04,2,899.9,0.1
S0005869,PED002925,2023-11-30,C00510,P014,V012,R02,1,499.9,0.2
S0005870,PED002926,2023-12-04,C00461,P037,V014,R03,2,149.9,0.0
S0005871,PED002926,2023-12-04,C00461,P004,V014,R03,2,499.9,0.1
S0005872,PED002926,2023-12-04,C00461,P016,V014,R03,4,149.9,0.05
S0005873,PED002927,2023-02-23,C00500,P008,V008,R01,4,149.9,0.15
S0005874,PED002927,2023-02-23,C00500,P003,V008,R01,2,49.9,0.0
S0005875,PED002928,2023-12-16,C00520,P035,V004,R02,4,499.9,0.05
S0005876,PED002928,2023-12-16,C00520,P006,V004,R02,3,499.9,0.05
S0005877,PED002928,2023-12-16,C00520,P029,V004,R02,4,249.9,0.15
S0005878,PED002929,2025-09-13,C00468,P018,V015,R02,4,499.9,0.0
S0005879,PED002929,2025-09-13,C00468,P060,V015,R02,1,149.9,0.0
S0005880,PED002929,2025-09-13,C00468,P020,V015,R02,3,49.9,0.1
S0005881,PED002930,2025-10-19,C00689,P018,V001,R03,1,499.9,0.0
S0005882,PED002931,2023-05-18,C00606,P053,V012,R01,1,49.9,0.1
S0005883,PED002931,2023-05-18,C00606,P003,V012,R01,1,49.9,0.0
S0005884,PED002931,2023-05-18,C00606,P015,V012,R01,1,499.9,0.1
S0005885,PED002932,2024-06-04,C00599,P050,V013,R04,3,899.9,0.1
S0005886,PED002932,2024-06-04,C00599,P006,V013,R04,3,499.9,0.05
S0005887,PED002932,2024-06-04,C00599,P040,V013,R04,2,249.9,0.1
S0005888,PED002933,2024-03-04,C00516,P039,V013,R02,3,249.9,0.05
S0005889,PED002934,2024-07-10,C00666,P005,V023,R05,1,499.9,0.05
S0005890,PED002934,2024-07-10,C00666,P001,V023,R05,1,49.9,0.0
S0005891,PED002934,2024-07-10,C00666,P014,V023,R05,2,499.9,0.15
S0005892,PED002935,2024-09-24,C00696,P018,V017,R01,3,499.9,0.0
S0005893,PED002935,2024-09-24,C00696,P059,V017,R01,4,499.9,0.1
S0005894,PED002935,2024-09-24,C00696,P039,V017,R01,4,249.9,0.0
S0005895,PED002936,2023-01-26,C00566,P034,V001,R05,4,499.9,0.05
S0005896,PED002937,2025-08-03,C00667,P013,V014,R04,2,899.9,0.15
S0005897,PED002938,2025-12-09,C00669,P046,V021,R03,4,249.9,0.0
S0005898,PED002938,2025-12-09,C00669,P037,V021,R03,2,149.9,0.05
S0005899,PED002939,2024-12-20,C00591,P009,V022,R04,1,499.9,0.0
S0005900,PED002939,2024-12-20,C00591,P039,V022,R04,3,249.9,0.05
S0005901,PED002939,2024-12-20,C00591,P027,V022,R04,4,249.9,0.15
S0005902,PED002940,2024-12-26,C00595,P003,V007,R01,2,49.9,0.0
S0005903,PED002940,2024-12-26,C00595,P016,V007,R01,4,149.9,0.05
S0005904,PED002940,2024-12-26,C00595,P008,V007,R01,2,149.9,0.0
S0005905,PED002941,2024-08-25,C00520,P006,V002,R02,2,499.9,0.05
S0005906,PED002941,2024-08-25,C00520,P004,V002,R02,4,499.9,0.0
S0005907,PED002941,2024-08-25,C00520,P055,V002,R02,4,149.9,0.05
S0005908,PED002942,2024-01-02,C00554,P043,V002,R04,2,49.9,0.05
S0005909,PED002942,2024-01-02,C00554,P049,V002,R04,4,899.9,0.1
S0005910,PED002943,2023-07-02,C00501,P021,V014,R03,2,899.9,0.05
S0005911,PED002944,2024-10-24,C00522,P023,V007,R01,1,899.9,0.05
S0005912,PED002944,2024-10-24,C00522,P003,V007,R01,3,49.9,0.05
S0005913,PED002945,2023-03-01,C00682,P022,V007,R01,3,499.9,0.0
S0005914,PED002946,2025-07-13,C00296,P017,V008,R05,1,499.9,0.0
S0005915,PED002946,2025-07-13,C00296,P024,V008,R05,3,149.9,0.0
S0005916,PED002947,2024-04-21,C00503,P003,V008,R04,1,49.9,0.05
S0005917,PED002947,2024-04-21,C00503,P060,V008,R04,3,149.9,0.0
S0005918,PED002948,2024-04-13,C00323,P018,V022,R05,3,499.9,0.0
S0005919,PED002948,2024-04-13,C00323,P035,V022,R05,2,499.9,0.0
S0005920,PED002949,2023-12-26,C00316,P056,V019,R01,3,149.9,0.05
S0005921,PED002949,2023-12-26,C00316,P022,V019,R01,1,499.9,0.0
S0005922,PED002949,2023-12-26,C00316,P047,V019,R01,2,149.9,0.05
S0005923,PED002950,2025-12-05,C00583,P029,V013,R01,1,249.9,0.0
S0005924,PED002950,2025-12-05,C00583,P012,V013,R01,2,89.9,0.05
S0005925,PED002951,2023-08-03,C00679,P058,V002,R03,2,49.9,0.0
S0005926,PED002951,2023-08-03,C00679,P059,V002,R03,1,499.9,0.05
S0005927,PED002951,2023-08-03,C00679,P023,V002,R03,3,899.9,0.0
S0005928,PED002952,2023-07-05,C00578,P017,V024,R04,2,499.9,0.05
S0005929,PED002953,2023-07-22,C00388,P009,V020,R04,4,499.9,0.15
S0005930,PED002953,2023-07-22,C00388,P035,V020,R04,1,499.9,0.0
S0005931,PED002954,2024-12-24,C00651,P044,V011,R03,4,499.9,0.05
S0005932,PED002954,2024-12-24,C00651,P008,V011,R03,3,149.9,0.0
S0005933,PED002954,2024-12-24,C00651,P025,V011,R03,3,149.9,0.05
S0005934,PED002955,2025-12-24,C00585,P014,V004,R04,3,499.9,0.0
S0005935,PED002956,2023-10-10,C00627,P060,V011,R02,2,149.9,0.0
S0005936,PED002956,2023-10-10,C00627,P018,V011,R02,2,499.9,0.05
S0005937,PED002957,2025-10-13,C00659,P030,V009,R01,4,499.9,0.0
S0005938,PED002957,2025-10-13,C00659,P017,V009,R01,3,499.9,0.0
S0005939,PED002958,2023-11-16,C00488,P012,V009,R04,4,89.9,0.1
S0005940,PED002958,2023-11-16,C00488,P023,V009,R04,3,899.9,0.0
S0005941,PED002959,2024-12-15,C00472,P036,V021,R01,3,49.9,0.05
S0005942,PED002960,2023-02-23,C00634,P001,V019,R05,3,49.9,0.0
S0005943,PED002961,2024-07-18,C00688,P043,V022,R03,2,49.9,0.15
S0005944,PED002962,2024-12-21,C00700,P016,V007,R02,4,149.9,0.0
S0005945,PED002963,2024-09-04,C00637,P020,V015,R05,4,49.9,0.0
S0005946,PED002964,2023-10-12,C00513,P031,V013,R05,3,149.9,0.05
S0005947,PED002964,2023-10-12,C00513,P015,V013,R05,1,499.9,0.1
S0005948,PED002964,2023-10-12,C00513,P016,V013,R05,1,149.9,0.0
S0005949,PED002965,2025-07-18,C00672,P024,V010,R04,4,149.9,0.05
S0005950,PED002965,2025-07-18,C00672,P038,V010,R04,1,499.9,0.15
S0005951,PED002965,2025-07-18,C00672,P010,V010,R04,3,249.9,0.05
S0005952,PED002966,2025-12-06,C00482,P044,V005,R03,1,499.9,0.05
S0005953,PED002967,2024-06-05,C00605,P005,V004,R03,2,499.9,0.0
S0005954,PED002968,2024-12-05,C00504,P011,V022,R03,3,149.9,0.2
S0005955,PED002968,2024-12-05,C00504,P048,V022,R03,2,149.9,0.1
S0005956,PED002969,2025-06-03,C00541,P008,V023,R01,2,149.9,0.0
S0005957,PED002969,2025-06-03,C00541,P047,V023,R01,1,149.9,0.0
S0005958,PED002969,2025-06-03,C00541,P016,V023,R01,1,149.9,0.15
S0005959,PED002970,2023-10-16,C00532,P044,V003,R04,4,499.9,0.0
S0005960,PED002970,2023-10-16,C00532,P038,V003,R04,3,499.9,0.0
S0005961,PED002970,2023-10-16,C00532,P003,V003,R04,4,49.9,0.15
S0005962,PED002971,2025-08-29,C00532,P015,V002,R04,2,499.9,0.15
S0005963,PED002971,2025-08-29,C00532,P027,V002,R04,3,249.9,0.05
S0005964,PED002972,2023-11-18,C00605,P009,V019,R03,3,499.9,0.1
S0005965,PED002972,2023-11-18,C00605,P027,V019,R03,2,249.9,0.0
S0005966,PED002972,2023-11-18,C00605,P013,V019,R03,2,899.9,0.15
S0005967,PED002973,2025-05-17,C00021,P038,V021,R04,2,499.9,0.0
S0005968,PED002973,2025-05-17,C00021,P058,V021,R04,4,49.9,0.0
S0005969,PED002974,2023-05-21,C00598,P004,V018,R01,3,499.9,0.05
S0005970,PED002974,2023-05-21,C00598,P040,V018,R01,1,249.9,0.1
S0005971,PED002975,2023-11-24,C00462,P009,V002,R04,4,499.9,0.05
S0005972,PED002976,2024-09-01,C00615,P028,V016,R05,1,499.9,0.05
S0005973,PED002977,2024-08-22,C00457,P018,V012,R01,3,499.9,0.0
S0005974,PED002978,2025-08-13,C00553,P018,V004,R05,4,499.9,0.0
S0005975,PED002979,2025-12-28,C00169,P024,V001,R01,4,149.9,0.15
S0005976,PED002979,2025-12-28,C00169,P008,V001,R01,3,149.9,0.15
S0005977,PED002980,2023-05-15,C00482,P016,V012,R03,2,149.9,0.05
S0005978,PED002980,2023-05-15,C00482,P007,V012,R03,1,899.9,0.05
S0005979,PED002980,2023-05-15,C00482,P030,V012,R03,4,499.9,0.0
S0005980,PED002981,2023-11-11,C00685,P020,V020,R02,2,49.9,0.15
S0005981,PED002981,2023-11-11,C00685,P027,V020,R02,1,249.9,0.1
S0005982,PED002981,2023-11-11,C00685,P053,V020,R02,4,49.9,0.0
S0005983,PED002982,2024-02-01,C00571,P001,V003,R02,3,49.9,0.2
S0005984,PED002982,2024-02-01,C00571,P040,V003,R02,2,249.9,0.05
S0005985,PED002982,2024-02-01,C00571,P006,V003,R02,4,499.9,0.1
S0005986,PED002983,2024-06-28,C00641,P024,V006,R03,3,149.9,0.05
S0005987,PED002984,2024-07-16,C00655,P039,V002,R03,2,249.9,0.0
S0005988,PED002985,2025-08-20,C00666,P043,V024,R05,2,49.9,0.0
S0005989,PED002985,2025-08-20,C00666,P025,V024,R05,4,149.9,0.05
S0005990,PED002986,2025-05-11,C00462,P013,V022,R04,3,899.9,0.1
S0005991,PED002987,2023-01-25,C00664,P036,V003,R04,1,49.9,0.0
S0005992,PED002987,2023-01-25,C00664,P003,V003,R04,2,49.9,0.0
S0005993,PED002988,2024-06-01,C00456,P037,V010,R05,2,149.9,0.0
S0005994,PED002988,2024-06-01,C00456,P026,V010,R05,3,49.9,0.0
S0005995,PED002989,2024-11-21,C00619,P009,V023,R01,2,499.9,0.2
S0005996,PED002990,2024-06-07,C00636,P010,V008,R04,2,249.9,0.1
S0005997,PED002991,2023-06-11,C00634,P038,V004,R05,3,499.9,0.0
S0005998,PED002991,2023-06-11,C00634,P031,V004,R05,4,149.9,0.15
S0005999,PED002991,2023-06-11,C00634,P004,V004,R05,4,499.9,0.0
S0006000,PED002992,2024-03-23,C00595,P044,V008,R01,3,499.9,0.0
S0006001,PED002992,2024-03-23,C00595,P050,V008,R01,4,899.9,0.15
S0006002,PED002992,2024-03-23,C00595,P034,V008,R01,4,499.9,0.0
S0006003,PED002993,2024-04-09,C00687,P013,V010,R03,1,899.9,0.1
S0006004,PED002993,2024-04-09,C00687,P047,V010,R03,4,149.9,0.0
S0006005,PED002993,2024-04-09,C00687,P004,V010,R03,1,499.9,0.05
S0006006,PED002994,2023-08-18,C00595,P014,V001,R01,3,499.9,0.2
S0006007,PED002994,2023-08-18,C00595,P037,V001,R01,1,149.9,0.0
S0006008,PED002995,2025-04-24,C00514,P012,V019,R04,1,89.9,0.0
S0006009,PED002995,2025-04-24,C00514,P006,V019,R04,4,499.9,0.05
S0006010,PED002996,2023-12-21,C00475,P031,V005,R01,3,149.9,0.05
S0006011,PED002997,2024-10-29,C00670,P001,V012,R01,1,49.9,0.15
S0006012,PED002997,2024-10-29,C00670,P041,V012,R01,2,149.9,0.1
S0006013,PED002998,2024-08-11,C00498,P027,V010,R01,3,249.9,0.0
S0006014,PED002998,2024-08-11,C00498,P033,V010,R01,2,89.9,0.0
S0006015,PED002998,2024-08-11,C00498,P002,V010,R01,1,499.9,0.0
S0006016,PED002999,2025-09-13,C00638,P057,V016,R04,1,149.9,0.0
S0006017,PED002999,2025-09-13,C00638,P052,V016,R04,4,89.9,0.1
S0006018,PED002999,2025-09-13,C00638,P043,V016,R04,3,49.9,0.2
S0006019,PED003000,2023-06-01,C00685,P019,V012,R02,4,149.9,0.05
S0006020,PED003000,2023-06-01,C00685,P044,V012,R02,1,499.9,0.05
S0006021,PED003000,2023-06-01,C00685,P037,V012,R02,1,149.9,0.15
S0006022,PED003001,2023-05-23,C00539,P047,V013,R04,3,149.9,0.0
S0006023,PED003001,2023-05-23,C00539,P016,V013,R04,1,149.9,0.05
S0006024,PED003002,2023-12-03,C00633,P020,V019,R05,3,49.9,0.05
S0006025,PED003003,2024-05-03,C00629,P009,V024,R02,1,499.9,0.05
S0006026,PED003004,2023-12-01,C00665,P002,V015,R03,2,499.9,0.0
S0006027,PED003004,2023-12-01,C00665,P024,V015,R03,1,149.9,0.0
S0006028,PED003005,2025-05-02,C00368,P019,V003,R05,4,149.9,0.0
S0006029,PED003006,2023-10-19,C00594,P022,V010,R04,4,499.9,0.15
S0006030,PED003006,2023-10-19,C00594,P001,V010,R04,1,49.9,0.05
S0006031,PED003006,2023-10-19,C00594,P037,V010,R04,1,149.9,0.15
S0006032,PED003007,2023-04-18,C00693,P011,V008,R05,1,149.9,0.05
S0006033,PED003008,2024-04-12,C00647,P032,V016,R04,2,499.9,0.0
S0006034,PED003008,2024-04-12,C00647,P051,V016,R04,4,899.9,0.15
S0006035,PED003009,2025-05-14,C00459,P011,V002,R03,4,149.9,0.0
S0006036,PED003009,2025-05-14,C00459,P019,V002,R03,1,149.9,0.0
S0006037,PED003010,2025-08-13,C00682,P050,V009,R01,4,899.9,0.0
S0006038,PED003010,2025-08-13,C00682,P030,V009,R01,4,499.9,0.0
S0006039,PED003010,2025-08-13,C00682,P028,V009,R01,2,499.9,0.0
S0006040,PED003011,2025-03-26,C00550,P030,V004,R01,1,499.9,0.1
S0006041,PED003012,2024-09-28,C00493,P018,V016,R01,2,499.9,0.0
S0006042,PED003013,2025-03-15,C00605,P018,V017,R03,3,499.9,0.1
S0006043,PED003013,2025-03-15,C00605,P044,V017,R03,3,499.9,0.0
S0006044,PED003014,2025-01-19,C00179,P030,V008,R03,2,499.9,0.0
S0006045,PED003014,2025-01-19,C00179,P023,V008,R03,3,899.9,0.15
S0006046,PED003014,2025-01-19,C00179,P041,V008,R03,4,149.9,0.0
S0006047,PED003015,2023-10-08,C00532,P003,V002,R04,3,49.9,0.0
S0006048,PED003016,2024-09-20,C00641,P008,V010,R03,3,149.9,0.15
S0006049,PED003017,2025-05-11,C00487,P007,V004,R05,1,899.9,0.15
S0006050,PED003017,2025-05-11,C00487,P052,V004,R05,2,89.9,0.1
S0006051,PED003018,2023-12-18,C00083,P003,V002,R04,1,49.9,0.1
S0006052,PED003019,2024-12-20,C00023,P026,V009,R01,1,49.9,0.15
S0006053,PED003020,2024-07-01,C00665,P010,V024,R03,1,249.9,0.1
S0006054,PED003021,2024-07-27,C00459,P022,V023,R03,3,499.9,0.05
S0006055,PED003021,2024-07-27,C00459,P010,V023,R03,2,249.9,0.05
S0006056,PED003022,2023-04-24,C00489,P046,V002,R03,4,249.9,0.05
S0006057,PED003022,2023-04-24,C00489,P021,V002,R03,3,899.9,0.0
S0006058,PED003022,2023-04-24,C00489,P024,V002,R03,3,149.9,0.05
S0006059,PED003023,2024-12-31,C00572,P002,V009,R03,4,499.9,0.1
S0006060,PED003023,2024-12-31,C00572,P013,V009,R03,3,899.9,0.0
S0006061,PED003023,2024-12-31,C00572,P022,V009,R03,2,499.9,0.05
S0006062,PED003024,2025-08-31,C00597,P033,V006,R04,3,89.9,0.0
S0006063,PED003024,2025-08-31,C00597,P024,V006,R04,3,149.9,0.2
S0006064,PED003024,2025-08-31,C00597,P028,V006,R04,3,499.9,0.05
S0006065,PED003025,2023-06-24,C00648,P034,V018,R03,3,499.9,0.0
S0006066,PED003026,2024-02-12,C00623,P007,V023,R05,1,899.9,0.05
S0006067,PED003026,2024-02-12,C00623,P002,V023,R05,4,499.9,0.05
S0006068,PED003027,2023-03-05,C00541,P031,V004,R01,1,149.9,0.0
S0006069,PED003027,2023-03-05,C00541,P007,V004,R01,4,899.9,0.05
S0006070,PED003028,2023-02-08,C00568,P035,V007,R02,2,499.9,0.0
S0006071,PED003028,2023-02-08,C00568,P060,V007,R02,2,149.9,0.05
S0006072,PED003028,2023-02-08,C00568,P024,V007,R02,2,149.9,0.05
S0006073,PED003029,2025-12-23,C00593,P018,V017,R01,3,499.9,0.1
S0006074,PED003029,2025-12-23,C00593,P055,V017,R01,1,149.9,0.0
S0006075,PED003029,2025-12-23,C00593,P001,V017,R01,2,49.9,0.0
S0006076,PED003030,2024-07-15,C00472,P045,V014,R01,1,49.9,0.0
S0006077,PED003030,2024-07-15,C00472,P013,V014,R01,1,899.9,0.0
S0006078,PED003031,2024-01-29,C00665,P020,V001,R03,3,49.9,0.05
S0006079,PED003031,2024-01-29,C00665,P024,V001,R03,2,149.9,0.1
S0006080,PED003032,2023-11-14,C00211,P040,V019,R01,2,249.9,0.05
S0006081,PED003032,2023-11-14,C00211,P003,V019,R01,1,49.9,0.05
S0006082,PED003033,2025-12-14,C00473,P006,V002,R03,2,499.9,0.0
S0006083,PED003033,2025-12-14,C00473,P013,V002,R03,2,899.9,0.05
S0006084,PED003034,2023-10-26,C00511,P016,V005,R04,3,149.9,0.0
S0006085,PED003034,2023-10-26,C00511,P003,V005,R04,1,49.9,0.05
S0006086,PED003035,2025-03-17,C00006,P010,V018,R04,2,249.9,0.1
S0006087,PED003035,2025-03-17,C00006,P026,V018,R04,2,49.9,0.1
S0006088,PED003036,2023-11-20,C00363,P015,V003,R05,4,499.9,0.0
S0006089,PED003036,2023-11-20,C00363,P055,V003,R05,2,149.9,0.05
S0006090,PED003037,2023-03-31,C00676,P035,V002,R05,4,499.9,0.0
S0006091,PED003037,2023-03-31,C00676,P005,V002,R05,1,499.9,0.2
S0006092,PED003038,2025-01-21,C00665,P024,V023,R03,2,149.9,0.2
S0006093,PED003038,2025-01-21,C00665,P009,V023,R03,4,499.9,0.1
S0006094,PED003038,2025-01-21,C00665,P018,V023,R03,4,499.9,0.0
S0006095,PED003039,2023-01-03,C00638,P059,V017,R04,4,499.9,0.05
S0006096,PED003040,2025-01-12,C00641,P025,V003,R03,4,149.9,0.0
S0006097,PED003041,2023-10-25,C00681,P044,V002,R02,3,499.9,0.15
S0006098,PED003042,2025-04-11,C00605,P058,V022,R03,3,49.9,0.0
S0006099,PED003043,2025-05-10,C00458,P039,V002,R05,1,249.9,0.1
S0006100,PED003043,2025-05-10,C00458,P051,V002,R05,2,899.9,0.05
S0006101,PED003044,2025-03-15,C00638,P015,V017,R04,3,499.9,0.0
S0006102,PED003044,2025-03-15,C00638,P038,V017,R04,1,499.9,0.15
S0006103,PED003044,2025-03-15,C00638,P020,V017,R04,3,49.9,0.0
S0006104,PED003045,2023-02-01,C00497,P016,V023,R04,1,149.9,0.0
S0006105,PED003045,2023-02-01,C00497,P014,V023,R04,4,499.9,0.05
S0006106,PED003046,2025-02-18,C00568,P014,V016,R02,2,499.9,0.0
S0006107,PED003047,2025-12-23,C00536,P045,V020,R05,3,49.9,0.0
S0006108,PED003047,2025-12-23,C00536,P029,V020,R05,1,249.9,0.1
S0006109,PED003047,2025-12-23,C00536,P009,V020,R05,2,499.9,0.05
S0006110,PED003048,2023-10-17,C00558,P012,V014,R03,4,89.9,0.1
S0006111,PED003048,2023-10-17,C00558,P048,V014,R03,4,149.9,0.0
S0006112,PED003048,2023-10-17,C00558,P020,V014,R03,1,49.9,0.1
S0006113,PED003049,2023-11-13,C00592,P032,V007,R05,4,499.9,0.1
S0006114,PED003050,2025-06-30,C00628,P054,V008,R05,4,249.9,0.05
S0006115,PED003050,2025-06-30,C00628,P011,V008,R05,3,149.9,0.0
S0006116,PED003051,2023-07-16,C00485,P055,V006,R04,4,149.9,0.05
S0006117,PED003051,2023-07-16,C00485,P022,V006,R04,2,499.9,0.05
S0006118,PED003051,2023-07-16,C00485,P054,V006,R04,1,249.9,0.15
S0006119,PED003052,2024-12-26,C00469,P054,V015,R04,4,249.9,0.1
S0006120,PED003052,2024-12-26,C00469,P014,V015,R04,4,499.9,0.0
S0006121,PED003053,2025-04-22,C00561,P010,V008,R03,1,249.9,0.2
S0006122,PED003053,2025-04-22,C00561,P052,V008,R03,3,89.9,0.0
S0006123,PED003054,2023-02-18,C00501,P045,V006,R03,3,49.9,0.05
S0006124,PED003055,2024-09-23,C00477,P054,V013,R01,3,249.9,0.05
S0006125,PED003055,2024-09-23,C00477,P012,V013,R01,1,89.9,0.2
S0006126,PED003056,2024-10-16,C00506,P049,V015,R04,4,899.9,0.1
S0006127,PED003056,2024-10-16,C00506,P009,V015,R04,4,499.9,0.0
S0006128,PED003057,2023-12-06,C00585,P012,V014,R04,2,89.9,0.1
S0006129,PED003057,2023-12-06,C00585,P043,V014,R04,2,49.9,0.05
S0006130,PED003057,2023-12-06,C00585,P009,V014,R04,4,499.9,0.0
S0006131,PED003058,2025-09-12,C00694,P059,V020,R03,2,499.9,0.0
S0006132,PED003059,2023-07-19,C00577,P030,V016,R04,2,499.9,0.0
S0006133,PED003059,2023-07-19,C00577,P018,V016,R04,1,499.9,0.05
S0006134,PED003059,2023-07-19,C00577,P010,V016,R04,2,249.9,0.05
S0006135,PED003060,2024-02-10,C00553,P028,V011,R05,3,499.9,0.0
S0006136,PED003060,2024-02-10,C00553,P023,V011,R05,1,899.9,0.05
S0006137,PED003061,2025-08-11,C00689,P019,V009,R03,2,149.9,0.0
S0006138,PED003062,2023-08-21,C00478,P023,V004,R03,3,899.9,0.0
S0006139,PED003062,2023-08-21,C00478,P028,V004,R03,4,499.9,0.0
S0006140,PED003063,2025-07-09,C00610,P021,V013,R01,1,899.9,0.0
S0006141,PED003063,2025-07-09,C00610,P039,V013,R01,1,249.9,0.2
S0006142,PED003063,2025-07-09,C00610,P005,V013,R01,3,499.9,0.1
S0006143,PED003064,2023-04-11,C00499,P004,V009,R04,1,499.9,0.1
S0006144,PED003064,2023-04-11,C00499,P043,V009,R04,2,49.9,0.0
S0006145,PED003064,2023-04-11,C00499,P008,V009,R04,2,149.9,0.1
S0006146,PED003065,2024-07-10,C00570,P032,V019,R03,2,499.9,0.1
S0006147,PED003065,2024-07-10,C00570,P015,V019,R03,4,499.9,0.15
S0006148,PED003065,2024-07-10,C00570,P031,V019,R03,4,149.9,0.1
S0006149,PED003066,2023-04-06,C00458,P012,V022,R05,4,89.9,0.05
S0006150,PED003066,2023-04-06,C00458,P057,V022,R05,1,149.9,0.05
S0006151,PED003066,2023-04-06,C00458,P050,V022,R05,2,899.9,0.0
S0006152,PED003067,2025-01-15,C00522,P023,V011,R01,4,899.9,0.0
S0006153,PED003067,2025-01-15,C00522,P017,V011,R01,3,499.9,0.15
S0006154,PED003067,2025-01-15,C00522,P059,V011,R01,4,499.9,0.0
S0006155,PED003068,2025-06-03,C00682,P053,V006,R01,4,49.9,0.05
S0006156,PED003069,2025-08-12,C00527,P021,V006,R03,1,899.9,0.0
S0006157,PED003069,2025-08-12,C00527,P026,V006,R03,2,49.9,0.15
S0006158,PED003069,2025-08-12,C00527,P025,V006,R03,3,149.9,0.0
S0006159,PED003070,2025-12-15,C00623,P018,V024,R05,1,499.9,0.15
S0006160,PED003070,2025-12-15,C00623,P036,V024,R05,1,49.9,0.0
S0006161,PED003071,2025-01-07,C00697,P010,V023,R02,3,249.9,0.1
S0006162,PED003071,2025-01-07,C00697,P008,V023,R02,2,149.9,0.0
S0006163,PED003072,2025-05-09,C00594,P004,V014,R04,4,499.9,0.05
S0006164,PED003073,2024-07-30,C00632,P016,V001,R05,4,149.9,0.0
S0006165,PED003073,2024-07-30,C00632,P002,V001,R05,4,499.9,0.1
S0006166,PED003074,2025-10-20,C00584,P014,V014,R05,4,499.9,0.05
S0006167,PED003074,2025-10-20,C00584,P008,V014,R05,3,149.9,0.1
S0006168,PED003075,2024-12-11,C00678,P038,V001,R04,2,499.9,0.0
S0006169,PED003075,2024-12-11,C00678,P005,V001,R04,3,499.9,0.2
S0006170,PED003075,2024-12-11,C00678,P024,V001,R04,4,149.9,0.0
S0006171,PED003076,2025-09-20,C00514,P039,V001,R04,1,249.9,0.0
S0006172,PED003076,2025-09-20,C00514,P044,V001,R04,1,499.9,0.05
S0006173,PED003077,2023-10-10,C00477,P019,V009,R01,2,149.9,0.0
S0006174,PED003077,2023-10-10,C00477,P023,V009,R01,1,899.9,0.0
S0006175,PED003077,2023-10-10,C00477,P008,V009,R01,1,149.9,0.2
S0006176,PED003078,2024-07-19,C00697,P048,V001,R02,1,149.9,0.2
S0006177,PED003079,2025-03-22,C00590,P030,V019,R01,1,499.9,0.1
S0006178,PED003079,2025-03-22,C00590,P034,V019,R01,3,499.9,0.0
S0006179,PED003080,2023-09-04,C00571,P031,V006,R02,1,149.9,0.05
S0006180,PED003081,2023-09-14,C00665,P046,V013,R03,1,249.9,0.0
S0006181,PED003081,2023-09-14,C00665,P051,V013,R03,3,899.9,0.15
S0006182,PED003082,2025-12-12,C00694,P019,V004,R03,1,149.9,0.0
S0006183,PED003082,2025-12-12,C00694,P033,V004,R03,3,89.9,0.05
S0006184,PED003082,2025-12-12,C00694,P006,V004,R03,1,499.9,0.1
S0006185,PED003083,2024-05-07,C00342,P045,V011,R03,2,49.9,0.0
S0006186,PED003084,2023-08-11,C00610,P034,V009,R01,3,499.9,0.15
S0006187,PED003084,2023-08-11,C00610,P039,V009,R01,2,249.9,0.15
S0006188,PED003084,2023-08-11,C00610,P002,V009,R01,2,499.9,0.05
S0006189,PED003085,2023-12-30,C00525,P021,V010,R01,1,899.9,0.15
S0006190,PED003085,2023-12-30,C00525,P022,V010,R01,4,499.9,0.05
S0006191,PED003086,2024-03-23,C00657,P045,V020,R05,4,49.9,0.15
S0006192,PED003086,2024-03-23,C00657,P054,V020,R05,1,249.9,0.05
S0006193,PED003086,2024-03-23,C00657,P016,V020,R05,3,149.9,0.0
S0006194,PED003087,2024-11-24,C00671,P009,V002,R01,3,499.9,0.05
S0006195,PED003087,2024-11-24,C00671,P012,V002,R01,3,89.9,0.05
S0006196,PED003088,2025-10-30,C00590,P021,V002,R01,1,899.9,0.05
S0006197,PED003088,2025-10-30,C00590,P008,V002,R01,1,149.9,0.05
S0006198,PED003088,2025-10-30,C00590,P048,V002,R01,2,149.9,0.05
S0006199,PED003089,2025-12-20,C00487,P006,V002,R05,3,499.9,0.0
S0006200,PED003089,2025-12-20,C00487,P017,V002,R05,2,499.9,0.1
S0006201,PED003090,2024-12-18,C00611,P024,V018,R01,3,149.9,0.05
S0006202,PED003090,2024-12-18,C00611,P007,V018,R01,3,899.9,0.05
S0006203,PED003091,2025-02-12,C00521,P034,V009,R02,2,499.9,0.15
S0006204,PED003091,2025-02-12,C00521,P024,V009,R02,4,149.9,0.05
S0006205,PED003092,2023-12-22,C00487,P001,V004,R05,4,49.9,0.1
S0006206,PED003092,2023-12-22,C00487,P009,V004,R05,1,499.9,0.0
S0006207,PED003092,2023-12-22,C00487,P012,V004,R05,3,89.9,0.05
S0006208,PED003093,2025-08-21,C00527,P015,V017,R03,3,499.9,0.15
S0006209,PED003094,2023-09-21,C00546,P032,V021,R04,3,499.9,0.0
S0006210,PED003094,2023-09-21,C00546,P041,V021,R04,3,149.9,0.0
S0006211,PED003094,2023-09-21,C00546,P017,V021,R04,1,499.9,0.05
S0006212,PED003095,2023-05-14,C00584,P008,V002,R05,3,149.9,0.0
S0006213,PED003095,2023-05-14,C00584,P021,V002,R05,4,899.9,0.0
S0006214,PED003095,2023-05-14,C00584,P045,V002,R05,4,49.9,0.1
S0006215,PED003096,2025-12-08,C00592,P036,V011,R05,2,49.9,0.0
S0006216,PED003097,2025-08-29,C00082,P014,V005,R01,4,499.9,0.15
S0006217,PED003097,2025-08-29,C00082,P034,V005,R01,3,499.9,0.0
S0006218,PED003098,2023-12-06,C00597,P015,V022,R04,1,499.9,0.0
S0006219,PED003099,2025-01-11,C00534,P009,V006,R03,1,499.9,0.05
S0006220,PED003100,2024-06-14,C00575,P043,V017,R03,3,49.9,0.1
S0006221,PED003101,2023-12-23,C00548,P059,V024,R05,1,499.9,0.05
S0006222,PED003101,2023-12-23,C00548,P018,V024,R05,3,499.9,0.0
S0006223,PED003101,2023-12-23,C00548,P021,V024,R05,1,899.9,0.05
S0006224,PED003102,2023-11-23,C00660,P006,V017,R01,4,499.9,0.05
S0006225,PED003102,2023-11-23,C00660,P011,V017,R01,2,149.9,0.0
S0006226,PED003103,2023-06-17,C00457,P034,V008,R01,1,499.9,0.0
S0006227,PED003103,2023-06-17,C00457,P008,V008,R01,1,149.9,0.05
S0006228,PED003104,2024-09-18,C00534,P048,V005,R03,3,149.9,0.0
S0006229,PED003104,2024-09-18,C00534,P013,V005,R03,3,899.9,0.2
S0006230,PED003105,2024-05-22,C00471,P041,V011,R01,2,149.9,0.2
S0006231,PED003106,2024-08-07,C00670,P013,V020,R01,3,899.9,0.1
S0006232,PED003106,2024-08-07,C00670,P026,V020,R01,3,49.9,0.15
S0006233,PED003106,2024-08-07,C00670,P056,V020,R01,4,149.9,0.1
S0006234,PED003107,2023-09-18,C00478,P015,V012,R03,1,499.9,0.2
S0006235,PED003107,2023-09-18,C00478,P011,V012,R03,3,149.9,0.15
S0006236,PED003108,2025-11-11,C00470,P001,V004,R03,4,49.9,0.2
S0006237,PED003108,2025-11-11,C00470,P027,V004,R03,4,249.9,0.05
S0006238,PED003108,2025-11-11,C00470,P052,V004,R03,3,89.9,0.0
S0006239,PED003109,2024-12-07,C00473,P002,V016,R03,1,499.9,0.1
S0006240,PED003110,2025-10-07,C00545,P019,V002,R01,3,149.9,0.0
S0006241,PED003111,2023-05-17,C00655,P009,V003,R03,1,499.9,0.05
S0006242,PED003111,2023-05-17,C00655,P030,V003,R03,2,499.9,0.1
S0006243,PED003111,2023-05-17,C00655,P026,V003,R03,4,49.9,0.1
S0006244,PED003112,2024-11-24,C00489,P010,V013,R03,3,249.9,0.1
S0006245,PED003112,2024-11-24,C00489,P011,V013,R03,4,149.9,0.2
S0006246,PED003112,2024-11-24,C00489,P013,V013,R03,2,899.9,0.0
S0006247,PED003113,2025-08-12,C00626,P042,V008,R02,1,499.9,0.05
S0006248,PED003114,2023-12-30,C00613,P004,V013,R02,3,499.9,0.05
S0006249,PED003114,2023-12-30,C00613,P040,V013,R02,4,249.9,0.1
S0006250,PED003114,2023-12-30,C00613,P043,V013,R02,2,49.9,0.1
S0006251,PED003115,2023-08-26,C00481,P050,V021,R03,1,899.9,0.1
S0006252,PED003115,2023-08-26,C00481,P048,V021,R03,1,149.9,0.0
S0006253,PED003115,2023-08-26,C00481,P013,V021,R03,2,899.9,0.05
S0006254,PED003116,2023-11-06,C00608,P031,V001,R04,1,149.9,0.0
S0006255,PED003116,2023-11-06,C00608,P055,V001,R04,2,149.9,0.0
S0006256,PED003117,2023-11-12,C00466,P052,V001,R05,1,89.9,0.1
S0006257,PED003118,2024-05-22,C00582,P060,V008,R05,2,149.9,0.05
S0006258,PED003118,2024-05-22,C00582,P021,V008,R05,4,899.9,0.15
S0006259,PED003119,2023-12-25,C00638,P014,V010,R04,4,499.9,0.05
S0006260,PED003119,2023-12-25,C00638,P032,V010,R04,2,499.9,0.0
S0006261,PED003119,2023-12-25,C00638,P029,V010,R04,3,249.9,0.15
S0006262,PED003120,2023-11-11,C00649,P034,V009,R03,1,499.9,0.1
S0006263,PED003121,2024-12-16,C00625,P027,V001,R05,2,249.9,0.1
S0006264,PED003122,2023-03-10,C00472,P036,V006,R01,2,49.9,0.15
S0006265,PED003122,2023-03-10,C00472,P009,V006,R01,3,499.9,0.15
S0006266,PED003123,2024-01-10,C00384,P007,V007,R03,4,899.9,0.0
S0006267,PED003123,2024-01-10,C00384,P027,V007,R03,2,249.9,0.05
S0006268,PED003123,2024-01-10,C00384,P008,V007,R03,1,149.9,0.0
S0006269,PED003124,2025-01-30,C00533,P033,V005,R01,2,89.9,0.1
S0006270,PED003125,2023-08-04,C00501,P035,V016,R03,1,499.9,0.2
S0006271,PED003126,2023-09-24,C00459,P014,V003,R03,2,499.9,0.15
S0006272,PED003126,2023-09-24,C00459,P040,V003,R03,4,249.9,0.15
S0006273,PED003126,2023-09-24,C00459,P003,V003,R03,2,49.9,0.05
S0006274,PED003127,2023-09-02,C00507,P016,V009,R02,4,149.9,0.0
S0006275,PED003128,2023-01-02,C00540,P024,V020,R03,4,149.9,0.0
S0006276,PED003129,2024-06-22,C00629,P053,V022,R02,2,49.9,0.0
S0006277,PED003129,2024-06-22,C00629,P032,V022,R02,2,499.9,0.05
S0006278,PED003130,2023-02-20,C00640,P003,V019,R05,4,49.9,0.0
S0006279,PED003130,2023-02-20,C00640,P014,V019,R05,3,499.9,0.05
S0006280,PED003130,2023-02-20,C00640,P017,V019,R05,3,499.9,0.15
S0006281,PED003131,2023-11-12,C00652,P025,V005,R04,2,149.9,0.1
S0006282,PED003132,2025-12-27,C00198,P023,V019,R01,4,899.9,0.2
S0006283,PED003132,2025-12-27,C00198,P010,V019,R01,4,249.9,0.0
S0006284,PED003132,2025-12-27,C00198,P036,V019,R01,2,49.9,0.0
S0006285,PED003133,2025-10-26,C00468,P006,V014,R02,3,499.9,0.05
S0006286,PED003133,2025-10-26,C00468,P008,V014,R02,4,149.9,0.05
S0006287,PED003133,2025-10-26,C00468,P032,V014,R02,1,499.9,0.0
S0006288,PED003134,2023-09-18,C00504,P012,V001,R03,2,89.9,0.0
S0006289,PED003134,2023-09-18,C00504,P005,V001,R03,4,499.9,0.1
S0006290,PED003135,2023-12-11,C00546,P008,V018,R04,3,149.9,0.0
S0006291,PED003136,2024-06-10,C00550,P011,V020,R01,4,149.9,0.0
S0006292,PED003136,2024-06-10,C00550,P006,V020,R01,2,499.9,0.0
S0006293,PED003137,2025-08-06,C00586,P005,V007,R02,3,499.9,0.15
S0006294,PED003137,2025-08-06,C00586,P012,V007,R02,4,89.9,0.0
S0006295,PED003138,2025-06-17,C00633,P002,V011,R05,4,499.9,0.0
S0006296,PED003139,2023-06-06,C00456,P042,V003,R05,1,499.9,0.05
S0006297,PED003139,2023-06-06,C00456,P044,V003,R05,1,499.9,0.2
S0006298,PED003139,2023-06-06,C00456,P036,V003,R05,4,49.9,0.15
S0006299,PED003140,2023-06-04,C00529,P044,V015,R04,3,499.9,0.15
S0006300,PED003140,2023-06-04,C00529,P008,V015,R04,4,149.9,0.1
S0006301,PED003141,2024-04-16,C00496,P027,V022,R01,4,249.9,0.05
S0006302,PED003142,2025-09-05,C00460,P027,V018,R03,3,249.9,0.0
S0006303,PED003142,2025-09-05,C00460,P028,V018,R03,3,499.9,0.05
S0006304,PED003142,2025-09-05,C00460,P047,V018,R03,3,149.9,0.1
S0006305,PED003143,2025-09-18,C00692,P006,V004,R04,3,499.9,0.1
S0006306,PED003144,2023-05-15,C00616,P025,V017,R01,3,149.9,0.0
S0006307,PED003145,2024-10-15,C00671,P035,V014,R01,4,499.9,0.0
S0006308,PED003146,2023-07-10,C00484,P023,V010,R03,3,899.9,0.15
S0006309,PED003146,2023-07-10,C00484,P027,V010,R03,1,249.9,0.05
S0006310,PED003146,2023-07-10,C00484,P050,V010,R03,1,899.9,0.05
S0006311,PED003147,2025-01-25,C00645,P006,V019,R01,2,499.9,0.05
S0006312,PED003148,2025-10-24,C00668,P054,V010,R04,2,249.9,0.0
S0006313,PED003149,2024-05-31,C00483,P009,V001,R04,1,499.9,0.0
S0006314,PED003149,2024-05-31,C00483,P005,V001,R04,1,499.9,0.05
S0006315,PED003150,2023-04-16,C00476,P028,V008,R01,1,499.9,0.2
S0006316,PED003151,2024-10-20,C00683,P016,V008,R04,2,149.9,0.0
S0006317,PED003151,2024-10-20,C00683,P033,V008,R04,3,89.9,0.0
S0006318,PED003151,2024-10-20,C00683,P040,V008,R04,1,249.9,0.05
S0006319,PED003152,2024-04-06,C00631,P035,V015,R04,2,499.9,0.0
S0006320,PED003152,2024-04-06,C00631,P022,V015,R04,3,499.9,0.05
S0006321,PED003152,2024-04-06,C00631,P013,V015,R04,4,899.9,0.15
S0006322,PED003153,2025-06-27,C00655,P008,V016,R03,3,149.9,0.1
S0006323,PED003154,2024-01-10,C00666,P014,V016,R05,1,499.9,0.05
S0006324,PED003154,2024-01-10,C00666,P024,V016,R05,2,149.9,0.0
S0006325,PED003154,2024-01-10,C00666,P027,V016,R05,3,249.9,0.2
S0006326,PED003155,2025-09-10,C00589,P015,V007,R01,1,499.9,0.1
S0006327,PED003155,2025-09-10,C00589,P009,V007,R01,1,499.9,0.1
S0006328,PED003155,2025-09-10,C00589,P046,V007,R01,3,249.9,0.1
S0006329,PED003156,2023-11-13,C00580,P015,V009,R01,2,499.9,0.05
S0006330,PED003157,2023-07-13,C00680,P030,V001,R01,2,499.9,0.0
S0006331,PED003157,2023-07-13,C00680,P031,V001,R01,3,149.9,0.05
S0006332,PED003157,2023-07-13,C00680,P015,V001,R01,1,499.9,0.05
S0006333,PED003158,2023-12-08,C00643,P004,V018,R03,3,499.9,0.1
S0006334,PED003159,2023-02-15,C00487,P014,V007,R05,4,499.9,0.05
S0006335,PED003160,2023-11-18,C00579,P038,V003,R03,4,499.9,0.1
S0006336,PED003160,2023-11-18,C00579,P008,V003,R03,4,149.9,0.0
S0006337,PED003161,2024-12-26,C00458,P058,V017,R05,3,49.9,0.1
S0006338,PED003162,2023-06-25,C00551,P032,V008,R02,3,499.9,0.1
S0006339,PED003162,2023-06-25,C00551,P037,V008,R02,3,149.9,0.2
S0006340,PED003162,2023-06-25,C00551,P021,V008,R02,2,899.9,0.0
S0006341,PED003163,2023-05-20,C00689,P052,V001,R03,1,89.9,0.15
S0006342,PED003163,2023-05-20,C00689,P040,V001,R03,3,249.9,0.0
S0006343,PED003163,2023-05-20,C00689,P019,V001,R03,1,149.9,0.0
S0006344,PED003164,2023-06-13,C00682,P006,V009,R01,3,499.9,0.0
S0006345,PED003164,2023-06-13,C00682,P005,V009,R01,3,499.9,0.05
S0006346,PED003164,2023-06-13,C00682,P017,V009,R01,3,499.9,0.0
S0006347,PED003165,2023-04-09,C00508,P039,V001,R04,3,249.9,0.2
S0006348,PED003165,2023-04-09,C00508,P022,V001,R04,3,499.9,0.0
S0006349,PED003165,2023-04-09,C00508,P027,V001,R04,4,249.9,0.15
S0006350,PED003166,2025-09-10,C00585,P033,V011,R04,3,89.9,0.05
S0006351,PED003167,2025-11-15,C00530,P019,V020,R02,1,149.9,0.0
S0006352,PED003168,2023-03-02,C00114,P019,V015,R02,2,149.9,0.0
S0006353,PED003168,2023-03-02,C00114,P048,V015,R02,3,149.9,0.05
S0006354,PED003169,2025-04-28,C00617,P003,V009,R01,4,49.9,0.0
S0006355,PED003170,2025-03-31,C00440,P040,V005,R05,3,249.9,0.05
S0006356,PED003171,2025-12-29,C00696,P054,V005,R01,1,249.9,0.05
S0006357,PED003172,2024-01-19,C00498,P014,V016,R01,1,499.9,0.0
S0006358,PED003172,2024-01-19,C00498,P004,V016,R01,3,499.9,0.0
S0006359,PED003172,2024-01-19,C00498,P019,V016,R01,3,149.9,0.15
S0006360,PED003173,2023-11-22,C00658,P027,V021,R04,1,249.9,0.1
S0006361,PED003173,2023-11-22,C00658,P030,V021,R04,2,499.9,0.0
S0006362,PED003173,2023-11-22,C00658,P024,V021,R04,1,149.9,0.0
S0006363,PED003174,2024-05-29,C00651,P012,V004,R03,4,89.9,0.0
S0006364,PED003174,2024-05-29,C00651,P042,V004,R03,3,499.9,0.1
S0006365,PED003174,2024-05-29,C00651,P011,V004,R03,3,149.9,0.2
S0006366,PED003175,2025-08-20,C00558,P015,V006,R03,3,499.9,0.1
S0006367,PED003175,2025-08-20,C00558,P008,V006,R03,2,149.9,0.0
S0006368,PED003176,2025-03-21,C00639,P041,V023,R05,1,149.9,0.1
S0006369,PED003177,2024-06-19,C00535,P033,V021,R05,3,89.9,0.0
S0006370,PED003177,2024-06-19,C00535,P002,V021,R05,1,499.9,0.0
S0006371,PED003178,2023-10-19,C00477,P013,V017,R01,3,899.9,0.05
S0006372,PED003178,2023-10-19,C00477,P015,V017,R01,1,499.9,0.15
S0006373,PED003178,2023-10-19,C00477,P031,V017,R01,3,149.9,0.0
S0006374,PED003179,2025-03-19,C00575,P023,V001,R03,2,899.9,0.15
S0006375,PED003180,2025-08-18,C00662,P006,V007,R02,3,499.9,0.15
S0006376,PED003180,2025-08-18,C00662,P002,V007,R02,3,499.9,0.0
S0006377,PED003180,2025-08-18,C00662,P014,V007,R02,3,499.9,0.05
S0006378,PED003181,2024-03-26,C00509,P046,V020,R04,1,249.9,0.0
S0006379,PED003181,2024-03-26,C00509,P045,V020,R04,2,49.9,0.0
S0006380,PED003181,2024-03-26,C00509,P018,V020,R04,1,499.9,0.2
S0006381,PED003182,2025-01-03,C00022,P018,V013,R01,2,499.9,0.0
S0006382,PED003182,2025-01-03,C00022,P010,V013,R01,3,249.9,0.0
S0006383,PED003183,2024-03-26,C00520,P017,V002,R02,4,499.9,0.15
S0006384,PED003184,2024-06-27,C00688,P043,V010,R03,3,49.9,0.15
S0006385,PED003185,2024-08-22,C00700,P006,V003,R02,1,499.9,0.1
S0006386,PED003185,2024-08-22,C00700,P020,V003,R02,4,49.9,0.2
S0006387,PED003185,2024-08-22,C00700,P007,V003,R02,2,899.9,0.1
S0006388,PED003186,2025-05-17,C00459,P002,V016,R03,3,499.9,0.05
S0006389,PED003186,2025-05-17,C00459,P004,V016,R03,4,499.9,0.0
S0006390,PED003187,2025-12-12,C00471,P040,V009,R01,2,249.9,0.0
S0006391,PED003187,2025-12-12,C00471,P014,V009,R01,4,499.9,0.05
S0006392,PED003187,2025-12-12,C00471,P052,V009,R01,1,89.9,0.05
S0006393,PED003188,2024-05-19,C00514,P003,V021,R04,4,49.9,0.2
S0006394,PED003189,2024-01-12,C00663,P015,V014,R01,2,499.9,0.0
S0006395,PED003189,2024-01-12,C00663,P011,V014,R01,1,149.9,0.0
S0006396,PED003189,2024-01-12,C00663,P019,V014,R01,2,149.9,0.0
S0006397,PED003190,2024-02-23,C00609,P032,V006,R05,1,499.9,0.0
S0006398,PED003190,2024-02-23,C00609,P007,V006,R05,2,899.9,0.0
S0006399,PED003191,2023-06-15,C00236,P021,V005,R03,1,899.9,0.1
S0006400,PED003191,2023-06-15,C00236,P005,V005,R03,3,499.9,0.0
S0006401,PED003191,2023-06-15,C00236,P013,V005,R03,3,899.9,0.15
S0006402,PED003192,2023-11-30,C00669,P019,V018,R03,3,149.9,0.0
S0006403,PED003193,2023-04-20,C00593,P059,V008,R01,3,499.9,0.2
S0006404,PED003194,2024-04-29,C00691,P038,V002,R02,4,499.9,0.1
S0006405,PED003195,2023-07-25,C00659,P017,V021,R01,2,499.9,0.15
S0006406,PED003196,2024-01-18,C00553,P042,V002,R05,3,499.9,0.0
S0006407,PED003196,2024-01-18,C00553,P048,V002,R05,3,149.9,0.0
S0006408,PED003197,2025-06-07,C00655,P022,V020,R03,1,499.9,0.05
S0006409,PED003197,2025-06-07,C00655,P029,V020,R03,3,249.9,0.05
S0006410,PED003197,2025-06-07,C00655,P045,V020,R03,4,49.9,0.1
S0006411,PED003198,2023-10-20,C00464,P002,V018,R04,4,499.9,0.0
S0006412,PED003198,2023-10-20,C00464,P015,V018,R04,2,499.9,0.1
S0006413,PED003199,2024-11-16,C00472,P030,V011,R01,1,499.9,0.1
S0006414,PED003199,2024-11-16,C00472,P015,V011,R01,3,499.9,0.0
S0006415,PED003200,2025-10-08,C00487,P019,V002,R05,2,149.9,0.05
S0006416,PED003201,2024-10-07,C00602,P027,V001,R01,3,249.9,0.1
S0006417,PED003201,2024-10-07,C00602,P022,V001,R01,2,499.9,0.05
S0006418,PED003201,2024-10-07,C00602,P041,V001,R01,4,149.9,0.0
S0006419,PED003202,2023-08-25,C00385,P008,V001,R04,2,149.9,0.05
S0006420,PED003202,2023-08-25,C00385,P044,V001,R04,3,499.9,0.05
S0006421,PED003203,2024-01-15,C00583,P029,V002,R01,2,249.9,0.0
S0006422,PED003203,2024-01-15,C00583,P005,V002,R01,4,499.9,0.0
S0006423,PED003203,2024-01-15,C00583,P051,V002,R01,3,899.9,0.15
S0006424,PED003204,2024-10-31,C00649,P021,V019,R03,2,899.9,0.05
S0006425,PED003204,2024-10-31,C00649,P055,V019,R03,1,149.9,0.1
S0006426,PED003205,2024-07-31,C00678,P012,V007,R04,4,89.9,0.2
S0006427,PED003206,2023-07-02,C00501,P017,V002,R03,1,499.9,0.15
S0006428,PED003206,2023-07-02,C00501,P012,V002,R03,4,89.9,0.0
S0006429,PED003206,2023-07-02,C00501,P049,V002,R03,4,899.9,0.05
S0006430,PED003207,2024-05-22,C00490,P005,V004,R03,2,499.9,0.1
S0006431,PED003208,2024-09-11,C00475,P040,V014,R01,3,249.9,0.1
S0006432,PED003209,2023-11-08,C00585,P013,V010,R04,3,899.9,0.1
S0006433,PED003210,2024-11-16,C00649,P041,V002,R03,4,149.9,0.15
S0006434,PED003210,2024-11-16,C00649,P026,V002,R03,3,49.9,0.1
S0006435,PED003211,2023-03-31,C00668,P023,V012,R04,2,899.9,0.2
S0006436,PED003211,2023-03-31,C00668,P044,V012,R04,2,499.9,0.1
S0006437,PED003212,2024-01-05,C00583,P039,V015,R01,1,249.9,0.05
S0006438,PED003212,2024-01-05,C00583,P010,V015,R01,3,249.9,0.05
S0006439,PED003212,2024-01-05,C00583,P019,V015,R01,1,149.9,0.15
S0006440,PED003213,2025-06-19,C00697,P043,V019,R02,3,49.9,0.15
S0006441,PED003213,2025-06-19,C00697,P040,V019,R02,2,249.9,0.0
S0006442,PED003213,2025-06-19,C00697,P033,V019,R02,2,89.9,0.0
S0006443,PED003214,2023-11-02,C00268,P014,V011,R03,3,499.9,0.0
S0006444,PED003214,2023-11-02,C00268,P034,V011,R03,1,499.9,0.15
S0006445,PED003214,2023-11-02,C00268,P045,V011,R03,3,49.9,0.1
S0006446,PED003215,2024-11-11,C00086,P037,V018,R02,4,149.9,0.1
S0006447,PED003216,2024-04-07,C00613,P016,V023,R02,3,149.9,0.0
S0006448,PED003217,2023-12-17,C00494,P009,V024,R05,3,499.9,0.05
S0006449,PED003217,2023-12-17,C00494,P013,V024,R05,4,899.9,0.0
S0006450,PED003217,2023-12-17,C00494,P007,V024,R05,3,899.9,0.15
S0006451,PED003218,2025-10-23,C00661,P030,V002,R01,3,499.9,0.1
S0006452,PED003219,2024-01-13,C00605,P044,V015,R03,1,499.9,0.0
S0006453,PED003219,2024-01-13,C00605,P002,V015,R03,2,499.9,0.0
S0006454,PED003220,2023-10-11,C00658,P052,V012,R04,3,89.9,0.15
S0006455,PED003221,2025-10-16,C00592,P035,V006,R05,3,499.9,0.0
S0006456,PED003221,2025-10-16,C00592,P055,V006,R05,1,149.9,0.0
S0006457,PED003222,2025-04-11,C00614,P029,V007,R04,2,249.9,0.1
S0006458,PED003222,2025-04-11,C00614,P012,V007,R04,1,89.9,0.0
S0006459,PED003223,2025-01-20,C00669,P029,V007,R03,3,249.9,0.0
S0006460,PED003223,2025-01-20,C00669,P032,V007,R03,3,499.9,0.0
S0006461,PED003223,2025-01-20,C00669,P060,V007,R03,1,149.9,0.05
S0006462,PED003224,2023-03-06,C00693,P023,V008,R05,4,899.9,0.15
S0006463,PED003224,2023-03-06,C00693,P020,V008,R05,1,49.9,0.1
S0006464,PED003225,2023-06-12,C00513,P010,V011,R05,2,249.9,0.15
S0006465,PED003225,2023-06-12,C00513,P026,V011,R05,3,49.9,0.05
S0006466,PED003225,2023-06-12,C00513,P005,V011,R05,1,499.9,0.0
S0006467,PED003226,2024-12-07,C00615,P010,V020,R05,1,249.9,0.1
S0006468,PED003227,2023-09-12,C00617,P036,V005,R01,4,49.9,0.0
S0006469,PED003227,2023-09-12,C00617,P003,V005,R01,3,49.9,0.0
S0006470,PED003228,2023-09-30,C00669,P024,V005,R03,4,149.9,0.1
S0006471,PED003229,2025-05-21,C00539,P025,V012,R04,4,149.9,0.1
S0006472,PED003229,2025-05-21,C00539,P020,V012,R04,2,49.9,0.15
S0006473,PED003230,2023-11-22,C00560,P003,V021,R04,3,49.9,0.0
S0006474,PED003231,2023-04-02,C00663,P043,V015,R01,2,49.9,0.05
S0006475,PED003231,2023-04-02,C00663,P010,V015,R01,4,249.9,0.05
S0006476,PED003231,2023-04-02,C00663,P005,V015,R01,4,499.9,0.0
S0006477,PED003232,2023-02-17,C00580,P055,V002,R01,1,149.9,0.2
S0006478,PED003232,2023-02-17,C00580,P034,V002,R01,2,499.9,0.0
S0006479,PED003232,2023-02-17,C00580,P031,V002,R01,1,149.9,0.0
S0006480,PED003233,2024-05-18,C00559,P010,V016,R01,3,249.9,0.05
S0006481,PED003234,2024-11-20,C00640,P006,V014,R05,1,499.9,0.0
S0006482,PED003235,2025-09-03,C00544,P004,V007,R05,4,499.9,0.0
S0006483,PED003235,2025-09-03,C00544,P057,V007,R05,3,149.9,0.0
S0006484,PED003236,2023-05-19,C00498,P034,V002,R01,3,499.9,0.0
S0006485,PED003237,2023-08-28,C00602,P010,V022,R01,2,249.9,0.0
S0006486,PED003237,2023-08-28,C00602,P006,V022,R01,4,499.9,0.05
S0006487,PED003238,2024-08-27,C00607,P010,V018,R05,2,249.9,0.0
S0006488,PED003238,2024-08-27,C00607,P014,V018,R05,2,499.9,0.0
S0006489,PED003238,2024-08-27,C00607,P018,V018,R05,4,499.9,0.1
S0006490,PED003239,2024-02-10,C00463,P039,V001,R05,1,249.9,0.0
S0006491,PED003239,2024-02-10,C00463,P016,V001,R05,4,149.9,0.2
S0006492,PED003239,2024-02-10,C00463,P041,V001,R05,2,149.9,0.0
S0006493,PED003240,2024-07-02,C00461,P035,V013,R03,1,499.9,0.0
S0006494,PED003241,2025-10-31,C00695,P014,V006,R03,1,499.9,0.0
S0006495,PED003242,2024-09-13,C00067,P041,V023,R03,3,149.9,0.0
S0006496,PED003243,2024-04-14,C00628,P024,V002,R05,1,149.9,0.1
S0006497,PED003243,2024-04-14,C00628,P029,V002,R05,1,249.9,0.05
S0006498,PED003243,2024-04-14,C00628,P030,V002,R05,2,499.9,0.05
S0006499,PED003244,2025-12-22,C00667,P009,V001,R04,1,499.9,0.0
S0006500,PED003244,2025-12-22,C00667,P060,V001,R04,3,149.9,0.0
S0006501,PED003245,2023-03-25,C00658,P041,V004,R04,4,149.9,0.0
S0006502,PED003245,2023-03-25,C00658,P025,V004,R04,2,149.9,0.05
S0006503,PED003245,2023-03-25,C00658,P055,V004,R04,4,149.9,0.1
S0006504,PED003246,2025-11-06,C00500,P008,V021,R01,2,149.9,0.0
S0006505,PED003246,2025-11-06,C00500,P012,V021,R01,3,89.9,0.0
S0006506,PED003246,2025-11-06,C00500,P010,V021,R01,3,249.9,0.15
S0006507,PED003247,2024-07-25,C00414,P001,V001,R05,1,49.9,0.0
S0006508,PED003247,2024-07-25,C00414,P059,V001,R05,1,499.9,0.0
S0006509,PED003248,2024-07-28,C00533,P057,V008,R01,2,149.9,0.0
S0006510,PED003249,2025-10-29,C00538,P005,V007,R04,3,499.9,0.1
S0006511,PED003249,2025-10-29,C00538,P023,V007,R04,2,899.9,0.0
S0006512,PED003250,2024-08-01,C00511,P037,V003,R04,3,149.9,0.1
S0006513,PED003250,2024-08-01,C00511,P022,V003,R04,1,499.9,0.15
S0006514,PED003251,2024-05-12,C00495,P050,V008,R05,1,899.9,0.0
S0006515,PED003251,2024-05-12,C00495,P035,V008,R05,3,499.9,0.05
S0006516,PED003251,2024-05-12,C00495,P029,V008,R05,3,249.9,0.2
S0006517,PED003252,2023-11-12,C00480,P059,V009,R03,1,499.9,0.1
S0006518,PED003252,2023-11-12,C00480,P007,V009,R03,3,899.9,0.05
S0006519,PED003252,2023-11-12,C00480,P055,V009,R03,1,149.9,0.0
S0006520,PED003253,2024-12-24,C00579,P047,V008,R03,2,149.9,0.1
S0006521,PED003253,2024-12-24,C00579,P007,V008,R03,3,899.9,0.15
S0006522,PED003253,2024-12-24,C00579,P026,V008,R03,1,49.9,0.1
S0006523,PED003254,2024-10-10,C00563,P032,V011,R01,3,499.9,0.0
S0006524,PED003255,2023-09-17,C00495,P001,V011,R05,4,49.9,0.0
S0006525,PED003256,2025-02-25,C00515,P046,V022,R04,2,249.9,0.1
S0006526,PED003256,2025-02-25,C00515,P029,V022,R04,4,249.9,0.05
S0006527,PED003256,2025-02-25,C00515,P048,V022,R04,4,149.9,0.1
S0006528,PED003257,2024-12-12,C00481,P021,V015,R03,1,899.9,0.1
S0006529,PED003257,2024-12-12,C00481,P022,V015,R03,1,499.9,0.15
S0006530,PED003258,2024-03-23,C00587,P059,V001,R04,1,499.9,0.0
S0006531,PED003259,2023-01-06,C00547,P024,V016,R05,2,149.9,0.05
S0006532,PED003259,2023-01-06,C00547,P005,V016,R05,2,499.9,0.1
S0006533,PED003259,2023-01-06,C00547,P006,V016,R05,2,499.9,0.2
S0006534,PED003260,2024-05-22,C00588,P022,V018,R05,2,499.9,0.1
S0006535,PED003260,2024-05-22,C00588,P007,V018,R05,2,899.9,0.15
S0006536,PED003261,2023-01-08,C00162,P007,V014,R01,1,899.9,0.15
S0006537,PED003261,2023-01-08,C00162,P018,V014,R01,3,499.9,0.0
S0006538,PED003262,2023-04-06,C00546,P050,V014,R04,1,899.9,0.05
S0006539,PED003263,2024-05-03,C00464,P053,V017,R04,2,49.9,0.05
S0006540,PED003263,2024-05-03,C00464,P035,V017,R04,3,499.9,0.1
S0006541,PED003263,2024-05-03,C00464,P007,V017,R04,2,899.9,0.1
S0006542,PED003264,2023-04-14,C00525,P045,V010,R01,2,49.9,0.0
S0006543,PED003264,2023-04-14,C00525,P023,V010,R01,4,899.9,0.15
S0006544,PED003264,2023-04-14,C00525,P035,V010,R01,2,499.9,0.1
S0006545,PED003265,2023-11-14,C00561,P017,V002,R03,2,499.9,0.2
S0006546,PED003265,2023-11-14,C00561,P010,V002,R03,2,249.9,0.0
S0006547,PED003266,2024-12-22,C00671,P006,V019,R01,1,499.9,0.05
S0006548,PED003267,2023-12-10,C00497,P018,V007,R04,2,499.9,0.15
S0006549,PED003267,2023-12-10,C00497,P025,V007,R04,4,149.9,0.0
S0006550,PED003268,2025-12-29,C00678,P014,V012,R04,3,499.9,0.05
S0006551,PED003268,2025-12-29,C00678,P011,V012,R04,4,149.9,0.15
S0006552,PED003269,2025-10-24,C00500,P002,V003,R01,4,499.9,0.0
S0006553,PED003269,2025-10-24,C00500,P049,V003,R01,4,899.9,0.1
S0006554,PED003270,2024-10-26,C00679,P031,V019,R03,2,149.9,0.1
S0006555,PED003271,2025-12-03,C00496,P056,V007,R01,4,149.9,0.15
S0006556,PED003271,2025-12-03,C00496,P022,V007,R01,3,499.9,0.0
S0006557,PED003271,2025-12-03,C00496,P003,V007,R01,3,49.9,0.1
S0006558,PED003272,2025-09-02,C00625,P012,V015,R05,1,89.9,0.15
S0006559,PED003273,2023-12-19,C00665,P006,V023,R03,2,499.9,0.05
S0006560,PED003273,2023-12-19,C00665,P015,V023,R03,1,499.9,0.05
S0006561,PED003274,2025-04-15,C00594,P042,V001,R04,2,499.9,0.1
S0006562,PED003275,2023-06-18,C00653,P030,V006,R01,4,499.9,0.1
S0006563,PED003275,2023-06-18,C00653,P016,V006,R01,3,149.9,0.1
S0006564,PED003275,2023-06-18,C00653,P017,V006,R01,2,499.9,0.1
S0006565,PED003276,2025-01-23,C00471,P030,V005,R01,4,499.9,0.1
S0006566,PED003277,2024-07-12,C00681,P012,V022,R02,3,89.9,0.05
S0006567,PED003277,2024-07-12,C00681,P046,V022,R02,3,249.9,0.05
S0006568,PED003278,2023-01-22,C00458,P004,V006,R05,1,499.9,0.05
S0006569,PED003278,2023-01-22,C00458,P035,V006,R05,1,499.9,0.1
S0006570,PED003278,2023-01-22,C00458,P009,V006,R05,4,499.9,0.0
S0006571,PED003279,2023-11-13,C00623,P039,V016,R05,1,249.9,0.15
S0006572,PED003279,2023-11-13,C00623,P004,V016,R05,1,499.9,0.0
S0006573,PED003279,2023-11-13,C00623,P006,V016,R05,2,499.9,0.0
S0006574,PED003280,2025-11-24,C00597,P007,V007,R04,4,899.9,0.0
S0006575,PED003280,2025-11-24,C00597,P001,V007,R04,4,49.9,0.0
S0006576,PED003280,2025-11-24,C00597,P046,V007,R04,1,249.9,0.15
S0006577,PED003281,2023-12-17,C00552,P029,V011,R05,3,249.9,0.05
S0006578,PED003282,2023-08-10,C00472,P030,V017,R01,4,499.9,0.05
S0006579,PED003282,2023-08-10,C00472,P044,V017,R01,4,499.9,0.0
S0006580,PED003282,2023-08-10,C00472,P001,V017,R01,3,49.9,0.0
S0006581,PED003283,2023-08-17,C00675,P043,V003,R02,2,49.9,0.05
S0006582,PED003283,2023-08-17,C00675,P002,V003,R02,3,499.9,0.05
S0006583,PED003284,2024-06-28,C00457,P007,V005,R01,2,899.9,0.0
S0006584,PED003285,2025-08-04,C00544,P030,V008,R05,2,499.9,0.05
S0006585,PED003285,2025-08-04,C00544,P053,V008,R05,3,49.9,0.05
S0006586,PED003286,2025-04-26,C00543,P026,V010,R04,3,49.9,0.0
S0006587,PED003286,2025-04-26,C00543,P022,V010,R04,4,499.9,0.05
S0006588,PED003286,2025-04-26,C00543,P040,V010,R04,1,249.9,0.1
S0006589,PED003287,2024-05-10,C00646,P031,V017,R01,2,149.9,0.2
S0006590,PED003288,2023-09-11,C00498,P013,V002,R01,3,899.9,0.1
S0006591,PED003288,2023-09-11,C00498,P040,V002,R01,4,249.9,0.0
S0006592,PED003288,2023-09-11,C00498,P014,V002,R01,1,499.9,0.0
S0006593,PED003289,2023-03-02,C00484,P006,V005,R03,4,499.9,0.0
S0006594,PED003290,2024-06-09,C00642,P027,V019,R01,2,249.9,0.15
S0006595,PED003290,2024-06-09,C00642,P004,V019,R01,1,499.9,0.0
S0006596,PED003291,2025-07-01,C00585,P016,V013,R04,3,149.9,0.05
S0006597,PED003291,2025-07-01,C00585,P015,V013,R04,2,499.9,0.05
S0006598,PED003292,2025-03-22,C00645,P002,V003,R01,4,499.9,0.05
S0006599,PED003292,2025-03-22,C00645,P034,V003,R01,1,499.9,0.05
S0006600,PED003292,2025-03-22,C00645,P008,V003,R01,3,149.9,0.1
S0006601,PED003293,2024-04-06,C00671,P055,V011,R01,4,149.9,0.0
S0006602,PED003293,2024-04-06,C00671,P057,V011,R01,4,149.9,0.1
S0006603,PED003294,2024-11-03,C00569,P039,V005,R05,2,249.9,0.1
S0006604,PED003295,2024-05-09,C00550,P047,V002,R01,1,149.9,0.0
S0006605,PED003296,2024-10-19,C00599,P023,V010,R04,2,899.9,0.05
S0006606,PED003296,2024-10-19,C00599,P047,V010,R04,3,149.9,0.0
S0006607,PED003297,2024-08-13,C00634,P056,V016,R05,1,149.9,0.05
S0006608,PED003298,2025-01-18,C00669,P009,V019,R03,4,499.9,0.0
S0006609,PED003298,2025-01-18,C00669,P012,V019,R03,4,89.9,0.05
S0006610,PED003298,2025-01-18,C00669,P010,V019,R03,4,249.9,0.05
S0006611,PED003299,2024-08-01,C00583,P019,V010,R01,1,149.9,0.15
S0006612,PED003299,2024-08-01,C00583,P013,V010,R01,4,899.9,0.0
S0006613,PED003300,2025-11-13,C00545,P025,V015,R01,2,149.9,0.1
S0006614,PED003300,2025-11-13,C00545,P004,V015,R01,1,499.9,0.1
S0006615,PED003300,2025-11-13,C00545,P003,V015,R01,3,49.9,0.0
S0006616,PED003301,2024-04-30,C00699,P018,V006,R03,2,499.9,0.0
S0006617,PED003301,2024-04-30,C00699,P012,V006,R03,3,89.9,0.0
S0006618,PED003302,2023-01-21,C00589,P033,V012,R01,2,89.9,0.1
S0006619,PED003303,2023-10-10,C00464,P030,V013,R04,4,499.9,0.1
S0006620,PED003304,2024-07-24,C00697,P017,V014,R02,4,499.9,0.0
S0006621,PED003304,2024-07-24,C00697,P019,V014,R02,2,149.9,0.0
S0006622,PED003305,2024-09-09,C00601,P028,V024,R05,1,499.9,0.1
S0006623,PED003305,2024-09-09,C00601,P014,V024,R05,3,499.9,0.1
S0006624,PED003306,2024-09-22,C00634,P046,V014,R05,1,249.9,0.15
S0006625,PED003306,2024-09-22,C00634,P050,V014,R05,3,899.9,0.0
S0006626,PED003307,2025-03-04,C00638,P003,V023,R04,1,49.9,0.1
S0006627,PED003307,2025-03-04,C00638,P006,V023,R04,2,499.9,0.05
S0006628,PED003307,2025-03-04,C00638,P030,V023,R04,3,499.9,0.05
S0006629,PED003308,2023-11-13,C00593,P045,V020,R01,3,49.9,0.0
S0006630,PED003309,2024-12-30,C00487,P037,V003,R05,1,149.9,0.05
S0006631,PED003310,2025-02-18,C00355,P040,V006,R01,4,249.9,0.05
S0006632,PED003310,2025-02-18,C00355,P022,V006,R01,1,499.9,0.15
S0006633,PED003311,2024-04-09,C00007,P013,V012,R03,4,899.9,0.0
S0006634,PED003311,2024-04-09,C00007,P015,V012,R03,4,499.9,0.05
S0006635,PED003311,2024-04-09,C00007,P005,V012,R03,1,499.9,0.0
S0006636,PED003312,2024-03-29,C00679,P009,V019,R03,2,499.9,0.0
S0006637,PED003313,2023-08-07,C00514,P029,V005,R04,3,249.9,0.0
S0006638,PED003313,2023-08-07,C00514,P046,V005,R04,4,249.9,0.0
S0006639,PED003314,2024-04-12,C00478,P016,V004,R03,4,149.9,0.0
S0006640,PED003314,2024-04-12,C00478,P034,V004,R03,4,499.9,0.0
S0006641,PED003315,2025-05-30,C00512,P033,V021,R05,4,89.9,0.0
S0006642,PED003316,2025-10-16,C00633,P004,V007,R05,3,499.9,0.05
S0006643,PED003317,2024-11-02,C00458,P026,V002,R05,3,49.9,0.0
S0006644,PED003317,2024-11-02,C00458,P003,V002,R05,4,49.9,0.1
S0006645,PED003318,2023-12-02,C00656,P014,V021,R01,3,499.9,0.15
S0006646,PED003319,2025-01-20,C00530,P041,V019,R02,3,149.9,0.0
S0006647,PED003320,2025-04-04,C00673,P022,V024,R01,3,499.9,0.1
S0006648,PED003320,2025-04-04,C00673,P015,V024,R01,4,499.9,0.0
S0006649,PED003321,2023-12-31,C00590,P008,V023,R01,3,149.9,0.0
S0006650,PED003322,2025-07-15,C00664,P004,V011,R04,3,499.9,0.05
S0006651,PED003323,2023-04-04,C00470,P057,V009,R03,2,149.9,0.15
S0006652,PED003323,2023-04-04,C00470,P013,V009,R03,3,899.9,0.0
S0006653,PED003324,2023-01-14,C00600,P053,V003,R05,4,49.9,0.0
S0006654,PED003324,2023-01-14,C00600,P001,V003,R05,1,49.9,0.1
S0006655,PED003325,2023-06-03,C00475,P023,V008,R01,1,899.9,0.0
S0006656,PED003325,2023-06-03,C00475,P048,V008,R01,1,149.9,0.0
S0006657,PED003325,2023-06-03,C00475,P059,V008,R01,1,499.9,0.15
S0006658,PED003326,2023-07-11,C00640,P022,V016,R05,3,499.9,0.05
S0006659,PED003326,2023-07-11,C00640,P020,V016,R05,2,49.9,0.0
S0006660,PED003326,2023-07-11,C00640,P015,V016,R05,1,499.9,0.0
S0006661,PED003327,2025-09-14,C00699,P037,V023,R03,4,149.9,0.0
S0006662,PED003327,2025-09-14,C00699,P044,V023,R03,1,499.9,0.0
S0006663,PED003327,2025-09-14,C00699,P005,V023,R03,1,499.9,0.1
S0006664,PED003328,2024-04-26,C00588,P031,V001,R05,4,149.9,0.1
S0006665,PED003328,2024-04-26,C00588,P007,V001,R05,3,899.9,0.0
S0006666,PED003328,2024-04-26,C00588,P042,V001,R05,3,499.9,0.0
S0006667,PED003329,2023-11-14,C00517,P013,V011,R04,3,899.9,0.2
S0006668,PED003329,2023-11-14,C00517,P047,V011,R04,2,149.9,0.1
S0006669,PED003329,2023-11-14,C00517,P011,V011,R04,1,149.9,0.0
S0006670,PED003330,2024-05-01,C00466,P013,V017,R05,4,899.9,0.2
S0006671,PED003330,2024-05-01,C00466,P004,V017,R05,2,499.9,0.0
S0006672,PED003330,2024-05-01,C00466,P060,V017,R05,4,149.9,0.0
S0006673,PED003331,2024-03-20,C00694,P007,V009,R03,3,899.9,0.15
S0006674,PED003331,2024-03-20,C00694,P001,V009,R03,2,49.9,0.1
S0006675,PED003332,2023-12-04,C00639,P024,V023,R05,3,149.9,0.0
S0006676,PED003332,2023-12-04,C00639,P014,V023,R05,4,499.9,0.0
S0006677,PED003332,2023-12-04,C00639,P050,V023,R05,3,899.9,0.0
S0006678,PED003333,2023-06-20,C00689,P001,V005,R03,4,49.9,0.15
S0006679,PED003333,2023-06-20,C00689,P034,V005,R03,1,499.9,0.05
S0006680,PED003334,2024-12-22,C00510,P031,V007,R02,4,149.9,0.1
S0006681,PED003334,2024-12-22,C00510,P038,V007,R02,4,499.9,0.1
S0006682,PED003334,2024-12-22,C00510,P047,V007,R02,4,149.9,0.0
S0006683,PED003335,2023-06-18,C00488,P056,V014,R04,3,149.9,0.05
S0006684,PED003336,2025-05-17,C00593,P018,V005,R01,2,499.9,0.05
S0006685,PED003337,2023-09-03,C00467,P012,V012,R01,4,89.9,0.2
S0006686,PED003338,2025-03-24,C00499,P012,V017,R04,1,89.9,0.15
S0006687,PED003339,2025-06-20,C00315,P027,V018,R01,1,249.9,0.0
S0006688,PED003339,2025-06-20,C00315,P012,V018,R01,2,89.9,0.0
S0006689,PED003339,2025-06-20,C00315,P030,V018,R01,2,499.9,0.05
S0006690,PED003340,2023-06-05,C00618,P042,V005,R01,3,499.9,0.15
S0006691,PED003340,2023-06-05,C00618,P030,V005,R01,3,499.9,0.0
S0006692,PED003341,2023-04-20,C00584,P031,V002,R05,1,149.9,0.0
S0006693,PED003341,2023-04-20,C00584,P035,V002,R05,1,499.9,0.1
S0006694,PED003341,2023-04-20,C00584,P056,V002,R05,2,149.9,0.05
S0006695,PED003342,2025-11-19,C00638,P045,V010,R04,3,49.9,0.0
S0006696,PED003342,2025-11-19,C00638,P020,V010,R04,4,49.9,0.0
S0006697,PED003342,2025-11-19,C00638,P040,V010,R04,1,249.9,0.05
S0006698,PED003343,2024-06-10,C00585,P023,V001,R04,3,899.9,0.0
S0006699,PED003343,2024-06-10,C00585,P029,V001,R04,3,249.9,0.0
S0006700,PED003343,2024-06-10,C00585,P010,V001,R04,1,249.9,0.05
S0006701,PED003344,2024-11-30,C00449,P024,V020,R03,1,149.9,0.0
S0006702,PED003345,2023-01-30,C00612,P019,V008,R05,4,149.9,0.0
S0006703,PED003345,2023-01-30,C00612,P041,V008,R05,4,149.9,0.15
S0006704,PED003345,2023-01-30,C00612,P029,V008,R05,3,249.9,0.15
S0006705,PED003346,2023-11-17,C00647,P001,V005,R04,3,49.9,0.0
S0006706,PED003346,2023-11-17,C00647,P029,V005,R04,4,249.9,0.05
S0006707,PED003346,2023-11-17,C00647,P022,V005,R04,1,499.9,0.05
S0006708,PED003347,2024-07-30,C00527,P050,V003,R03,4,899.9,0.05
S0006709,PED003348,2025-09-23,C00517,P007,V001,R04,4,899.9,0.0
S0006710,PED003349,2023-11-11,C00161,P008,V011,R05,1,149.9,0.1
S0006711,PED003349,2023-11-11,C00161,P036,V011,R05,4,49.9,0.0
S0006712,PED003350,2025-05-16,C00541,P018,V010,R01,1,499.9,0.1
S0006713,PED003351,2024-12-27,C00497,P043,V001,R04,2,49.9,0.15
S0006714,PED003351,2024-12-27,C00497,P018,V001,R04,1,499.9,0.1
S0006715,PED003351,2024-12-27,C00497,P010,V001,R04,1,249.9,0.0
S0006716,PED003352,2023-05-25,C00469,P012,V023,R04,4,89.9,0.15
S0006717,PED003352,2023-05-25,C00469,P058,V023,R04,1,49.9,0.0
S0006718,PED003352,2023-05-25,C00469,P005,V023,R04,3,499.9,0.05
S0006719,PED003353,2023-11-27,C00656,P027,V001,R01,3,249.9,0.15
S0006720,PED003353,2023-11-27,C00656,P018,V001,R01,1,499.9,0.1
S0006721,PED003353,2023-11-27,C00656,P043,V001,R01,3,49.9,0.0
S0006722,PED003354,2023-10-12,C00498,P054,V024,R01,4,249.9,0.0
S0006723,PED003354,2023-10-12,C00498,P039,V024,R01,3,249.9,0.0
S0006724,PED003354,2023-10-12,C00498,P014,V024,R01,3,499.9,0.05
S0006725,PED003355,2024-05-17,C00530,P029,V007,R02,3,249.9,0.0
S0006726,PED003355,2024-05-17,C00530,P011,V007,R02,4,149.9,0.0
S0006727,PED003355,2024-05-17,C00530,P036,V007,R02,1,49.9,0.0
S0006728,PED003356,2024-12-04,C00693,P001,V007,R05,2,49.9,0.05
S0006729,PED003356,2024-12-04,C00693,P013,V007,R05,2,899.9,0.0
S0006730,PED003357,2024-05-06,C00665,P002,V007,R03,3,499.9,0.1
S0006731,PED003357,2024-05-06,C00665,P003,V007,R03,2,49.9,0.1
S0006732,PED003357,2024-05-06,C00665,P015,V007,R03,1,499.9,0.15
S0006733,PED003358,2023-10-19,C00505,P005,V002,R05,4,499.9,0.05
S0006734,PED003358,2023-10-19,C00505,P022,V002,R05,3,499.9,0.2
S0006735,PED003358,2023-10-19,C00505,P027,V002,R05,4,249.9,0.15
S0006736,PED003359,2025-02-07,C00501,P020,V024,R03,4,49.9,0.0
S0006737,PED003359,2025-02-07,C00501,P006,V024,R03,2,499.9,0.15
S0006738,PED003360,2024-10-25,C00573,P001,V023,R01,1,49.9,0.05
S0006739,PED003360,2024-10-25,C00573,P043,V023,R01,4,49.9,0.0
S0006740,PED003361,2024-08-15,C00617,P011,V003,R01,4,149.9,0.05
S0006741,PED003361,2024-08-15,C00617,P002,V003,R01,1,499.9,0.1
S0006742,PED003361,2024-08-15,C00617,P017,V003,R01,4,499.9,0.15
S0006743,PED003362,2024-09-24,C00674,P031,V003,R01,1,149.9,0.1
S0006744,PED003363,2023-09-25,C00588,P019,V001,R05,1,149.9,0.0
S0006745,PED003364,2025-01-18,C00486,P036,V017,R04,1,49.9,0.15
S0006746,PED003364,2025-01-18,C00486,P014,V017,R04,4,499.9,0.0
S0006747,PED003364,2025-01-18,C00486,P003,V017,R04,2,49.9,0.1
S0006748,PED003365,2024-03-11,C00620,P040,V012,R01,3,249.9,0.1
S0006749,PED003365,2024-03-11,C00620,P002,V012,R01,4,499.9,0.0
S0006750,PED003365,2024-03-11,C00620,P022,V012,R01,1,499.9,0.0
S0006751,PED003366,2024-02-09,C00667,P008,V005,R04,3,149.9,0.1
S0006752,PED003366,2024-02-09,C00667,P023,V005,R04,2,899.9,0.15
S0006753,PED003367,2023-07-03,C00544,P060,V010,R05,1,149.9,0.05
S0006754,PED003367,2023-07-03,C00544,P002,V010,R05,2,499.9,0.15
S0006755,PED003368,2024-11-05,C00459,P055,V007,R03,3,149.9,0.15
S0006756,PED003369,2024-11-09,C00461,P037,V018,R03,3,149.9,0.0
S0006757,PED003369,2024-11-09,C00461,P055,V018,R03,4,149.9,0.0
S0006758,PED003369,2024-11-09,C00461,P010,V018,R03,1,249.9,0.2
S0006759,PED003370,2024-01-10,C00458,P025,V006,R05,4,149.9,0.0
S0006760,PED003370,2024-01-10,C00458,P030,V006,R05,3,499.9,0.05
S0006761,PED003371,2025-08-24,C00653,P055,V013,R01,4,149.9,0.0
S0006762,PED003371,2025-08-24,C00653,P010,V013,R01,1,249.9,0.05
S0006763,PED003372,2025-08-07,C00685,P045,V016,R02,1,49.9,0.2
S0006764,PED003372,2025-08-07,C00685,P001,V016,R02,2,49.9,0.05
S0006765,PED003372,2025-08-07,C00685,P047,V016,R02,3,149.9,0.0
S0006766,PED003373,2023-05-17,C00687,P003,V011,R03,2,49.9,0.1
S0006767,PED003373,2023-05-17,C00687,P036,V011,R03,4,49.9,0.0
S0006768,PED003373,2023-05-17,C00687,P053,V011,R03,4,49.9,0.0
S0006769,PED003374,2025-02-06,C00498,P012,V013,R01,2,89.9,0.0
S0006770,PED003374,2025-02-06,C00498,P043,V013,R01,2,49.9,0.05
S0006771,PED003374,2025-02-06,C00498,P016,V013,R01,1,149.9,0.15
S0006772,PED003375,2024-03-19,C00457,P055,V017,R01,3,149.9,0.1
S0006773,PED003376,2025-12-31,C00595,P050,V009,R01,2,899.9,0.0
S0006774,PED003376,2025-12-31,C00595,P014,V009,R01,2,499.9,0.05
S0006775,PED003377,2023-09-29,C00699,P031,V021,R03,1,149.9,0.0
S0006776,PED003377,2023-09-29,C00699,P013,V021,R03,2,899.9,0.1
S0006777,PED003378,2023-11-18,C00645,P018,V023,R01,2,499.9,0.0
S0006778,PED003378,2023-11-18,C00645,P038,V023,R01,3,499.9,0.0
S0006779,PED003378,2023-11-18,C00645,P031,V023,R01,2,149.9,0.1
S0006780,PED003379,2024-05-16,C00481,P031,V018,R03,3,149.9,0.1
S0006781,PED003380,2023-11-09,C00546,P049,V003,R04,2,899.9,0.1
S0006782,PED003381,2025-02-02,C00492,P014,V004,R03,2,499.9,0.0
S0006783,PED003381,2025-02-02,C00492,P022,V004,R03,2,499.9,0.05
S0006784,PED003382,2024-06-30,C00551,P019,V002,R02,4,149.9,0.0
S0006785,PED003382,2024-06-30,C00551,P027,V002,R02,4,249.9,0.15
S0006786,PED003382,2024-06-30,C00551,P040,V002,R02,3,249.9,0.05
S0006787,PED003383,2023-09-24,C00622,P053,V001,R04,1,49.9,0.15
S0006788,PED003383,2023-09-24,C00622,P005,V001,R04,2,499.9,0.05
S0006789,PED003383,2023-09-24,C00622,P001,V001,R04,4,49.9,0.0
S0006790,PED003384,2024-07-31,C00508,P012,V012,R04,4,89.9,0.0
S0006791,PED003385,2025-09-25,C00676,P020,V021,R05,4,49.9,0.05
S0006792,PED003385,2025-09-25,C00676,P050,V021,R05,4,899.9,0.0
S0006793,PED003386,2025-06-05,C00599,P033,V009,R04,3,89.9,0.05
S0006794,PED003386,2025-06-05,C00599,P018,V009,R04,3,499.9,0.0
S0006795,PED003386,2025-06-05,C00599,P015,V009,R04,4,499.9,0.1
S0006796,PED003387,2024-07-22,C00557,P020,V013,R03,1,49.9,0.1
S0006797,PED003387,2024-07-22,C00557,P011,V013,R03,1,149.9,0.1
S0006798,PED003388,2023-11-24,C00493,P006,V013,R01,3,499.9,0.05
S0006799,PED003388,2023-11-24,C00493,P020,V013,R01,2,49.9,0.0
S0006800,PED003388,2023-11-24,C00493,P022,V013,R01,1,499.9,0.15
S0006801,PED003389,2023-08-08,C00655,P032,V012,R03,4,499.9,0.0
S0006802,PED003389,2023-08-08,C00655,P042,V012,R03,1,499.9,0.05
S0006803,PED003390,2025-09-14,C00528,P004,V011,R03,2,499.9,0.0
S0006804,PED003391,2025-02-26,C00524,P059,V002,R01,1,499.9,0.0
S0006805,PED003391,2025-02-26,C00524,P025,V002,R01,2,149.9,0.15
S0006806,PED003392,2024-10-12,C00518,P019,V022,R02,2,149.9,0.0
S0006807,PED003392,2024-10-12,C00518,P031,V022,R02,3,149.9,0.0
S0006808,PED003393,2025-09-15,C00698,P028,V005,R05,1,499.9,0.0
S0006809,PED003393,2025-09-15,C00698,P013,V005,R05,3,899.9,0.05
S0006810,PED003394,2023-06-01,C00526,P023,V022,R05,2,899.9,0.15
S0006811,PED003394,2023-06-01,C00526,P022,V022,R05,1,499.9,0.0
S0006812,PED003395,2025-01-20,C00683,P027,V003,R04,4,249.9,0.05
S0006813,PED003395,2025-01-20,C00683,P038,V003,R04,3,499.9,0.0
S0006814,PED003395,2025-01-20,C00683,P005,V003,R04,3,499.9,0.0
S0006815,PED003396,2023-09-20,C00645,P038,V013,R01,2,499.9,0.1
S0006816,PED003396,2023-09-20,C00645,P055,V013,R01,2,149.9,0.1
S0006817,PED003396,2023-09-20,C00645,P030,V013,R01,1,499.9,0.0
S0006818,PED003397,2023-05-31,C00580,P033,V003,R01,3,89.9,0.05
S0006819,PED003397,2023-05-31,C00580,P020,V003,R01,1,49.9,0.2
S0006820,PED003398,2024-06-13,C00524,P053,V001,R01,3,49.9,0.0
S0006821,PED003398,2024-06-13,C00524,P055,V001,R01,4,149.9,0.0
S0006822,PED003398,2024-06-13,C00524,P015,V001,R01,2,499.9,0.05
S0006823,PED003399,2024-03-11,C00514,P030,V013,R04,4,499.9,0.1
S0006824,PED003399,2024-03-11,C00514,P049,V013,R04,3,899.9,0.0
S0006825,PED003400,2025-11-13,C00235,P035,V018,R04,4,499.9,0.1
S0006826,PED003400,2025-11-13,C00235,P015,V018,R04,1,499.9,0.0
S0006827,PED003401,2023-12-24,C00659,P028,V018,R01,1,499.9,0.0
S0006828,PED003402,2025-07-01,C00469,P012,V010,R04,4,89.9,0.0
S0006829,PED003402,2025-07-01,C00469,P002,V010,R04,3,499.9,0.0
S0006830,PED003402,2025-07-01,C00469,P004,V010,R04,2,499.9,0.0
S0006831,PED003403,2025-04-14,C00480,P009,V015,R03,4,499.9,0.2
S0006832,PED003403,2025-04-14,C00480,P047,V015,R03,4,149.9,0.1
S0006833,PED003404,2025-01-02,C00543,P003,V010,R04,4,49.9,0.0
S0006834,PED003404,2025-01-02,C00543,P055,V010,R04,4,149.9,0.0
S0006835,PED003405,2025-10-28,C00518,P052,V002,R02,2,89.9,0.0
S0006836,PED003406,2024-04-05,C00487,P017,V013,R05,4,499.9,0.05
S0006837,PED003406,2024-04-05,C00487,P029,V013,R05,1,249.9,0.05
S0006838,PED003407,2024-03-14,C00511,P033,V002,R04,3,89.9,0.1
S0006839,PED003408,2023-07-17,C00616,P053,V012,R01,1,49.9,0.1
S0006840,PED003409,2023-11-14,C00565,P020,V006,R04,4,49.9,0.0
S0006841,PED003409,2023-11-14,C00565,P037,V006,R04,3,149.9,0.0
S0006842,PED003409,2023-11-14,C00565,P035,V006,R04,3,499.9,0.0
S0006843,PED003410,2025-09-15,C00589,P025,V017,R01,3,149.9,0.0
S0006844,PED003411,2024-06-23,C00586,P004,V017,R02,2,499.9,0.1
S0006845,PED003411,2024-06-23,C00586,P009,V017,R02,4,499.9,0.0
S0006846,PED003412,2024-01-11,C00632,P028,V002,R05,2,499.9,0.0
S0006847,PED003413,2023-09-19,C00612,P027,V012,R05,2,249.9,0.1
S0006848,PED003413,2023-09-19,C00612,P036,V012,R05,3,49.9,0.0
S0006849,PED003414,2024-07-05,C00664,P007,V003,R04,2,899.9,0.0
S0006850,PED003415,2025-03-06,C00554,P045,V019,R04,1,49.9,0.0
S0006851,PED003416,2023-11-22,C00663,P027,V015,R01,1,249.9,0.0
S0006852,PED003416,2023-11-22,C00663,P032,V015,R01,4,499.9,0.0
S0006853,PED003416,2023-11-22,C00663,P004,V015,R01,3,499.9,0.0
S0006854,PED003417,2025-04-25,C00476,P031,V024,R01,1,149.9,0.05
S0006855,PED003417,2025-04-25,C00476,P049,V024,R01,4,899.9,0.1
S0006856,PED003418,2024-11-29,C00457,P011,V021,R01,1,149.9,0.0
S0006857,PED003419,2025-05-31,C00628,P015,V013,R05,4,499.9,0.1
S0006858,PED003419,2025-05-31,C00628,P044,V013,R05,4,499.9,0.1
S0006859,PED003420,2023-10-25,C00499,P014,V019,R04,4,499.9,0.05
S0006860,PED003420,2023-10-25,C00499,P017,V019,R04,3,499.9,0.0
S0006861,PED003421,2024-11-30,C00699,P010,V019,R03,1,249.9,0.15
S0006862,PED003422,2023-07-08,C00608,P017,V014,R04,2,499.9,0.0
S0006863,PED003422,2023-07-08,C00608,P008,V014,R04,4,149.9,0.0
S0006864,PED003423,2024-02-09,C00564,P037,V002,R03,3,149.9,0.0
S0006865,PED003423,2024-02-09,C00564,P049,V002,R03,1,899.9,0.2
S0006866,PED003423,2024-02-09,C00564,P035,V002,R03,3,499.9,0.1
S0006867,PED003424,2025-03-16,C00638,P039,V009,R04,3,249.9,0.0
S0006868,PED003424,2025-03-16,C00638,P058,V009,R04,2,49.9,0.1
S0006869,PED003424,2025-03-16,C00638,P015,V009,R04,4,499.9,0.0
S0006870,PED003425,2024-12-01,C00536,P037,V013,R05,1,149.9,0.15
S0006871,PED003426,2023-08-18,C00639,P024,V003,R05,4,149.9,0.1
S0006872,PED003426,2023-08-18,C00639,P029,V003,R05,3,249.9,0.05
S0006873,PED003427,2025-08-22,C00571,P058,V018,R02,4,49.9,0.05
S0006874,PED003427,2025-08-22,C00571,P053,V018,R02,3,49.9,0.0
S0006875,PED003428,2023-03-11,C00527,P001,V014,R03,4,49.9,0.0
S0006876,PED003428,2023-03-11,C00527,P016,V014,R03,3,149.9,0.05
S0006877,PED003428,2023-03-11,C00527,P051,V014,R03,2,899.9,0.1
S0006878,PED003429,2024-11-04,C00682,P028,V003,R01,2,499.9,0.0
S0006879,PED003429,2024-11-04,C00682,P035,V003,R01,3,499.9,0.1
S0006880,PED003430,2025-12-17,C00505,P011,V018,R05,2,149.9,0.0
S0006881,PED003430,2025-12-17,C00505,P032,V018,R05,1,499.9,0.05
S0006882,PED003431,2024-08-29,C00564,P043,V009,R03,1,49.9,0.0
S0006883,PED003431,2024-08-29,C00564,P055,V009,R03,3,149.9,0.0
S0006884,PED003432,2025-06-15,C00642,P028,V004,R01,3,499.9,0.2
S0006885,PED003433,2024-11-04,C00643,P028,V009,R03,1,499.9,0.0
S0006886,PED003433,2024-11-04,C00643,P016,V009,R03,3,149.9,0.0
S0006887,PED003434,2025-05-26,C00559,P022,V004,R01,2,499.9,0.0
S0006888,PED003434,2025-05-26,C00559,P042,V004,R01,4,499.9,0.05
S0006889,PED003435,2024-12-22,C00685,P045,V019,R02,4,49.9,0.15
S0006890,PED003435,2024-12-22,C00685,P022,V019,R02,2,499.9,0.0
S0006891,PED003436,2025-01-31,C00517,P053,V002,R04,2,49.9,0.0
S0006892,PED003436,2025-01-31,C00517,P052,V002,R04,3,89.9,0.1
S0006893,PED003436,2025-01-31,C00517,P020,V002,R04,3,49.9,0.0
S0006894,PED003437,2023-10-02,C00576,P020,V009,R05,2,49.9,0.0
S0006895,PED003437,2023-10-02,C00576,P054,V009,R05,4,249.9,0.0
S0006896,PED003438,2025-04-06,C00682,P024,V006,R01,1,149.9,0.0
S0006897,PED003438,2025-04-06,C00682,P022,V006,R01,4,499.9,0.1
S0006898,PED003439,2023-10-12,C00526,P034,V004,R05,2,499.9,0.0
S0006899,PED003439,2023-10-12,C00526,P015,V004,R05,2,499.9,0.05
S0006900,PED003439,2023-10-12,C00526,P030,V004,R05,1,499.9,0.1
S0006901,PED003440,2025-12-15,C00534,P044,V013,R03,3,499.9,0.0
S0006902,PED003440,2025-12-15,C00534,P043,V013,R03,1,49.9,0.1
S0006903,PED003440,2025-12-15,C00534,P048,V013,R03,4,149.9,0.05
S0006904,PED003441,2023-10-02,C00642,P032,V023,R01,1,499.9,0.05
S0006905,PED003441,2023-10-02,C00642,P004,V023,R01,4,499.9,0.1
S0006906,PED003441,2023-10-02,C00642,P052,V023,R01,3,89.9,0.05
S0006907,PED003442,2023-10-11,C00516,P024,V008,R02,2,149.9,0.0
S0006908,PED003442,2023-10-11,C00516,P030,V008,R02,1,499.9,0.0
S0006909,PED003443,2025-08-22,C00695,P022,V013,R03,2,499.9,0.05
S0006910,PED003444,2023-10-17,C00584,P034,V001,R05,4,499.9,0.1
S0006911,PED003444,2023-10-17,C00584,P033,V001,R05,4,89.9,0.1
S0006912,PED003444,2023-10-17,C00584,P002,V001,R05,3,499.9,0.0
S0006913,PED003445,2024-02-05,C00689,P045,V016,R03,4,49.9,0.15
S0006914,PED003446,2025-03-04,C00569,P011,V002,R05,3,149.9,0.1
S0006915,PED003446,2025-03-04,C00569,P025,V002,R05,3,149.9,0.2
S0006916,PED003446,2025-03-04,C00569,P034,V002,R05,4,499.9,0.0
S0006917,PED003447,2023-07-14,C00541,P036,V021,R01,4,49.9,0.0
S0006918,PED003448,2023-07-15,C00481,P002,V004,R03,2,499.9,0.0
S0006919,PED003449,2024-07-07,C00583,P029,V002,R01,3,249.9,0.0
S0006920,PED003450,2023-10-18,C00629,P017,V020,R02,1,499.9,0.05
S0006921,PED003451,2023-10-10,C00482,P035,V012,R03,2,499.9,0.05
S0006922,PED003451,2023-10-10,C00482,P015,V012,R03,4,499.9,0.2
S0006923,PED003451,2023-10-10,C00482,P011,V012,R03,1,149.9,0.05
S0006924,PED003452,2023-01-12,C00460,P035,V003,R03,4,499.9,0.05
S0006925,PED003453,2024-02-18,C00496,P009,V024,R01,3,499.9,0.0
S0006926,PED003453,2024-02-18,C00496,P040,V024,R01,4,249.9,0.05
S0006927,PED003453,2024-02-18,C00496,P052,V024,R01,1,89.9,0.1
S0006928,PED003454,2023-12-19,C00631,P007,V005,R04,4,899.9,0.1
S0006929,PED003455,2023-02-10,C00652,P023,V020,R04,1,899.9,0.05
S0006930,PED003455,2023-02-10,C00652,P002,V020,R04,4,499.9,0.05
S0006931,PED003455,2023-02-10,C00652,P030,V020,R04,4,499.9,0.0
S0006932,PED003456,2024-11-23,C00613,P024,V003,R02,1,149.9,0.15
S0006933,PED003457,2024-11-27,C00628,P058,V017,R05,2,49.9,0.0
S0006934,PED003458,2023-04-01,C00487,P007,V024,R05,1,899.9,0.15
S0006935,PED003459,2023-12-18,C00457,P037,V010,R01,4,149.9,0.05
S0006936,PED003459,2023-12-18,C00457,P007,V010,R01,2,899.9,0.05
S0006937,PED003459,2023-12-18,C00457,P005,V010,R01,3,499.9,0.0
S0006938,PED003460,2025-09-08,C00690,P001,V004,R04,3,49.9,0.05
S0006939,PED003461,2024-10-22,C00647,P029,V001,R04,4,249.9,0.05
S0006940,PED003461,2024-10-22,C00647,P007,V001,R04,1,899.9,0.0
S0006941,PED003461,2024-10-22,C00647,P039,V001,R04,3,249.9,0.0
S0006942,PED003462,2024-04-10,C00625,P029,V020,R05,1,249.9,0.0
S0006943,PED003463,2024-06-12,C00456,P005,V009,R05,3,499.9,0.05
S0006944,PED003463,2024-06-12,C00456,P004,V009,R05,4,499.9,0.15
S0006945,PED003464,2023-09-10,C00586,P049,V015,R02,3,899.9,0.15
S0006946,PED003464,2023-09-10,C00586,P052,V015,R02,1,89.9,0.2
S0006947,PED003465,2025-06-28,C00635,P015,V009,R01,3,499.9,0.0
S0006948,PED003465,2025-06-28,C00635,P004,V009,R01,2,499.9,0.1
S0006949,PED003465,2025-06-28,C00635,P011,V009,R01,2,149.9,0.0
S0006950,PED003466,2025-10-21,C00540,P056,V005,R03,1,149.9,0.0
S0006951,PED003466,2025-10-21,C00540,P041,V005,R03,4,149.9,0.1
S0006952,PED003467,2025-10-18,C00465,P047,V018,R05,2,149.9,0.1
S0006953,PED003467,2025-10-18,C00465,P021,V018,R05,4,899.9,0.0
S0006954,PED003467,2025-10-18,C00465,P010,V018,R05,2,249.9,0.05
S0006955,PED003468,2023-09-28,C00576,P028,V010,R05,1,499.9,0.0
S0006956,PED003468,2023-09-28,C00576,P004,V010,R05,2,499.9,0.0
S0006957,PED003469,2023-12-12,C00620,P019,V011,R01,2,149.9,0.05
S0006958,PED003469,2023-12-12,C00620,P005,V011,R01,2,499.9,0.0
S0006959,PED003470,2023-07-16,C00551,P030,V017,R02,2,499.9,0.05
S0006960,PED003471,2023-12-09,C00655,P005,V007,R03,4,499.9,0.05
S0006961,PED003471,2023-12-09,C00655,P015,V007,R03,4,499.9,0.1
S0006962,PED003472,2023-12-31,C00649,P051,V021,R03,1,899.9,0.05
S0006963,PED003472,2023-12-31,C00649,P032,V021,R03,2,499.9,0.0
S0006964,PED003472,2023-12-31,C00649,P026,V021,R03,2,49.9,0.0
S0006965,PED003473,2024-12-02,C00505,P004,V007,R05,1,499.9,0.0
S0006966,PED003474,2023-08-20,C00457,P058,V024,R01,1,49.9,0.0
S0006967,PED003474,2023-08-20,C00457,P025,V024,R01,4,149.9,0.0
S0006968,PED003474,2023-08-20,C00457,P008,V024,R01,1,149.9,0.0
S0006969,PED003475,2025-10-27,C00684,P024,V019,R01,2,149.9,0.2
S0006970,PED003475,2025-10-27,C00684,P023,V019,R01,3,899.9,0.0
S0006971,PED003475,2025-10-27,C00684,P031,V019,R01,2,149.9,0.2
S0006972,PED003476,2023-05-10,C00511,P041,V024,R04,4,149.9,0.05
S0006973,PED003476,2023-05-10,C00511,P018,V024,R04,3,499.9,0.05
S0006974,PED003477,2023-01-09,C00626,P016,V019,R02,4,149.9,0.0
S0006975,PED003477,2023-01-09,C00626,P024,V019,R02,4,149.9,0.05
S0006976,PED003478,2025-08-18,C00608,P011,V017,R04,1,149.9,0.0
S0006977,PED003478,2025-08-18,C00608,P001,V017,R04,3,49.9,0.1
S0006978,PED003479,2025-02-18,C00637,P029,V008,R05,3,249.9,0.0
S0006979,PED003479,2025-02-18,C00637,P008,V008,R05,4,149.9,0.1
S0006980,PED003480,2024-01-29,C00520,P023,V003,R02,4,899.9,0.2
S0006981,PED003481,2024-11-04,C00572,P018,V008,R03,4,499.9,0.1
S0006982,PED003481,2024-11-04,C00572,P005,V008,R03,2,499.9,0.1
S0006983,PED003482,2023-09-27,C00680,P038,V007,R01,1,499.9,0.05
S0006984,PED003483,2023-07-26,C00562,P032,V016,R01,3,499.9,0.1
S0006985,PED003483,2023-07-26,C00562,P031,V016,R01,3,149.9,0.0
S0006986,PED003484,2024-06-19,C00662,P025,V004,R02,3,149.9,0.2
S0006987,PED003484,2024-06-19,C00662,P049,V004,R02,4,899.9,0.05
S0006988,PED003485,2024-01-26,C00667,P014,V017,R04,3,499.9,0.0
S0006989,PED003485,2024-01-26,C00667,P001,V017,R04,4,49.9,0.15
S0006990,PED003485,2024-01-26,C00667,P039,V017,R04,3,249.9,0.0
S0006991,PED003486,2024-11-19,C00510,P047,V001,R02,1,149.9,0.1
S0006992,PED003486,2024-11-19,C00510,P003,V001,R02,3,49.9,0.1
S0006993,PED003486,2024-11-19,C00510,P010,V001,R02,3,249.9,0.1
S0006994,PED003487,2023-09-21,C00468,P030,V015,R02,2,499.9,0.0
S0006995,PED003487,2023-09-21,C00468,P007,V015,R02,2,899.9,0.0
S0006996,PED003487,2023-09-21,C00468,P019,V015,R02,2,149.9,0.0
S0006997,PED003488,2024-12-28,C00512,P010,V011,R05,2,249.9,0.1
S0006998,PED003489,2025-05-06,C00682,P032,V018,R01,4,499.9,0.05
S0006999,PED003490,2023-07-24,C00570,P010,V015,R03,4,249.9,0.05
S0007000,PED003491,2023-02-27,C00695,P007,V009,R03,4,899.9,0.05
S0007001,PED003492,2024-05-13,C00495,P024,V011,R05,3,149.9,0.0
S0007002,PED003493,2025-05-15,C00222,P015,V017,R02,2,499.9,0.05
S0007003,PED003493,2025-05-15,C00222,P038,V017,R02,3,499.9,0.1
S0007004,PED003493,2025-05-15,C00222,P036,V017,R02,4,49.9,0.0
S0007005,PED003494,2024-12-17,C00463,P044,V007,R05,4,499.9,0.2
S0007006,PED003494,2024-12-17,C00463,P025,V007,R05,4,149.9,0.05
S0007007,PED003494,2024-12-17,C00463,P006,V007,R05,1,499.9,0.0
S0007008,PED003495,2025-02-15,C00567,P056,V011,R03,2,149.9,0.15
S0007009,PED003495,2025-02-15,C00567,P011,V011,R03,2,149.9,0.0
S0007010,PED003496,2024-03-30,C00490,P001,V023,R03,2,49.9,0.2
S0007011,PED003497,2023-10-09,C00637,P002,V005,R05,3,499.9,0.1
S0007012,PED003498,2024-08-30,C00589,P056,V005,R01,4,149.9,0.0
S0007013,PED003498,2024-08-30,C00589,P002,V005,R01,3,499.9,0.2
S0007014,PED003499,2023-09-06,C00484,P060,V007,R03,4,149.9,0.05
S0007015,PED003499,2023-09-06,C00484,P049,V007,R03,2,899.9,0.1
S0007016,PED003499,2023-09-06,C00484,P035,V007,R03,3,499.9,0.0
S0007017,PED003500,2025-03-18,C00552,P044,V012,R05,3,499.9,0.0
S0007018,PED003500,2025-03-18,C00552,P021,V012,R05,2,899.9,0.0
S0007019,PED003500,2025-03-18,C00552,P026,V012,R05,2,49.9,0.05
S0007020,PED003501,2023-08-29,C00506,P004,V017,R04,3,499.9,0.0
S0007021,PED003501,2023-08-29,C00506,P014,V017,R04,4,499.9,0.2
S0007022,PED003502,2023-11-26,C00656,P036,V013,R01,4,49.9,0.1
S0007023,PED003502,2023-11-26,C00656,P056,V013,R01,1,149.9,0.1
S0007024,PED003503,2024-07-31,C00500,P026,V005,R01,1,49.9,0.1
S0007025,PED003504,2024-07-07,C00092,P046,V017,R04,2,249.9,0.1
S0007026,PED003504,2024-07-07,C00092,P011,V017,R04,4,149.9,0.0
S0007027,PED003505,2024-11-08,C00612,P005,V003,R05,2,499.9,0.05
S0007028,PED003506,2024-05-11,C00325,P032,V003,R05,2,499.9,0.15
S0007029,PED003506,2024-05-11,C00325,P020,V003,R05,2,49.9,0.05
S0007030,PED003507,2025-10-27,C00614,P015,V021,R04,3,499.9,0.15
S0007031,PED003508,2025-07-31,C00565,P046,V010,R04,2,249.9,0.1
S0007032,PED003508,2025-07-31,C00565,P053,V010,R04,2,49.9,0.1
S0007033,PED003509,2025-09-15,C00590,P040,V024,R01,3,249.9,0.0
S0007034,PED003510,2024-11-29,C00506,P056,V013,R04,4,149.9,0.0
S0007035,PED003511,2024-12-04,C00457,P028,V002,R01,4,499.9,0.15
S0007036,PED003511,2024-12-04,C00457,P001,V002,R01,2,49.9,0.0
S0007037,PED003511,2024-12-04,C00457,P024,V002,R01,4,149.9,0.1
S0007038,PED003512,2024-11-14,C00141,P038,V009,R01,2,499.9,0.0
S0007039,PED003513,2024-05-08,C00577,P006,V009,R04,1,499.9,0.0
S0007040,PED003513,2024-05-08,C00577,P017,V009,R04,1,499.9,0.0
S0007041,PED003513,2024-05-08,C00577,P055,V009,R04,3,149.9,0.15
S0007042,PED003514,2023-12-22,C00177,P014,V013,R03,4,499.9,0.0
S0007043,PED003514,2023-12-22,C00177,P025,V013,R03,1,149.9,0.1
S0007044,PED003514,2023-12-22,C00177,P008,V013,R03,3,149.9,0.0
S0007045,PED003515,2024-11-01,C00541,P022,V015,R01,3,499.9,0.15
S0007046,PED003515,2024-11-01,C00541,P039,V015,R01,3,249.9,0.15
S0007047,PED003515,2024-11-01,C00541,P028,V015,R01,4,499.9,0.0
S0007048,PED003516,2023-02-02,C00693,P007,V018,R05,4,899.9,0.05
S0007049,PED003517,2023-01-10,C00659,P023,V020,R01,2,899.9,0.1
S0007050,PED003517,2023-01-10,C00659,P037,V020,R01,1,149.9,0.0
S0007051,PED003518,2025-08-14,C00639,P007,V008,R05,2,899.9,0.1
S0007052,PED003519,2023-03-02,C00681,P055,V019,R02,4,149.9,0.2
S0007053,PED003520,2024-08-22,C00576,P017,V002,R05,3,499.9,0.0
S0007054,PED003520,2024-08-22,C00576,P004,V002,R05,4,499.9,0.05
S0007055,PED003520,2024-08-22,C00576,P033,V002,R05,3,89.9,0.0
S0007056,PED003521,2024-11-18,C00516,P017,V019,R02,1,499.9,0.0
S0007057,PED003521,2024-11-18,C00516,P018,V019,R02,4,499.9,0.0
S0007058,PED003522,2023-08-30,C00609,P028,V017,R05,2,499.9,0.0
S0007059,PED003522,2023-08-30,C00609,P021,V017,R05,2,899.9,0.15
S0007060,PED003523,2025-10-03,C00675,P060,V006,R02,3,149.9,0.15
S0007061,PED003524,2023-08-21,C00577,P003,V023,R04,4,49.9,0.1
S0007062,PED003525,2025-09-21,C00029,P047,V013,R04,4,149.9,0.05
S0007063,PED003525,2025-09-21,C00029,P006,V013,R04,4,499.9,0.0
S0007064,PED003526,2025-05-02,C00700,P020,V011,R02,2,49.9,0.0
S0007065,PED003526,2025-05-02,C00700,P007,V011,R02,1,899.9,0.15
S0007066,PED003526,2025-05-02,C00700,P044,V011,R02,2,499.9,0.15
S0007067,PED003527,2023-10-15,C00225,P050,V018,R03,1,899.9,0.0
S0007068,PED003528,2023-07-04,C00542,P004,V009,R02,4,499.9,0.05
S0007069,PED003528,2023-07-04,C00542,P006,V009,R02,4,499.9,0.1
S0007070,PED003528,2023-07-04,C00542,P027,V009,R02,2,249.9,0.15
S0007071,PED003529,2023-12-17,C00481,P032,V024,R03,1,499.9,0.05
S0007072,PED003529,2023-12-17,C00481,P047,V024,R03,4,149.9,0.0
S0007073,PED003529,2023-12-17,C00481,P010,V024,R03,1,249.9,0.0
S0007074,PED003530,2024-03-24,C00516,P002,V015,R02,3,499.9,0.0
S0007075,PED003530,2024-03-24,C00516,P028,V015,R02,2,499.9,0.05
S0007076,PED003530,2024-03-24,C00516,P003,V015,R02,4,49.9,0.1
S0007077,PED003531,2023-10-20,C00491,P048,V006,R02,1,149.9,0.0
S0007078,PED003531,2023-10-20,C00491,P007,V006,R02,1,899.9,0.05
S0007079,PED003532,2025-12-31,C00681,P059,V022,R02,4,499.9,0.0
S0007080,PED003532,2025-12-31,C00681,P006,V022,R02,3,499.9,0.05
S0007081,PED003532,2025-12-31,C00681,P010,V022,R02,3,249.9,0.15
S0007082,PED003533,2023-10-04,C00340,P011,V022,R02,3,149.9,0.0
S0007083,PED003533,2023-10-04,C00340,P004,V022,R02,4,499.9,0.0
S0007084,PED003534,2025-07-20,C00462,P006,V005,R04,2,499.9,0.1
S0007085,PED003534,2025-07-20,C00462,P014,V005,R04,3,499.9,0.1
S0007086,PED003534,2025-07-20,C00462,P001,V005,R04,2,49.9,0.05
S0007087,PED003535,2023-07-15,C00471,P017,V010,R01,4,499.9,0.0
S0007088,PED003536,2025-12-14,C00598,P012,V012,R01,1,89.9,0.05
S0007089,PED003536,2025-12-14,C00598,P050,V012,R01,1,899.9,0.05
S0007090,PED003536,2025-12-14,C00598,P049,V012,R01,2,899.9,0.0
S0007091,PED003537,2023-09-29,C00685,P014,V005,R02,3,499.9,0.05
S0007092,PED003537,2023-09-29,C00685,P009,V005,R02,4,499.9,0.0
S0007093,PED003538,2024-04-22,C00628,P039,V022,R05,3,249.9,0.05
S0007094,PED003538,2024-04-22,C00628,P028,V022,R05,1,499.9,0.1
S0007095,PED003539,2024-09-29,C00558,P007,V012,R03,3,899.9,0.15
S0007096,PED003539,2024-09-29,C00558,P014,V012,R03,2,499.9,0.05
S0007097,PED003540,2023-05-30,C00456,P001,V021,R05,1,49.9,0.15
S0007098,PED003541,2025-07-03,C00659,P035,V016,R01,4,499.9,0.0
S0007099,PED003541,2025-07-03,C00659,P046,V016,R01,3,249.9,0.15
S0007100,PED003541,2025-07-03,C00659,P007,V016,R01,1,899.9,0.1
S0007101,PED003542,2023-11-13,C00572,P010,V004,R03,4,249.9,0.05
S0007102,PED003542,2023-11-13,C00572,P044,V004,R03,2,499.9,0.1
S0007103,PED003543,2024-09-18,C00512,P014,V004,R05,2,499.9,0.15
S0007104,PED003544,2024-09-19,C00698,P055,V003,R05,2,149.9,0.05
S0007105,PED003544,2024-09-19,C00698,P044,V003,R05,2,499.9,0.15
S0007106,PED003544,2024-09-19,C00698,P032,V003,R05,4,499.9,0.15
S0007107,PED003545,2024-11-09,C00493,P039,V014,R01,3,249.9,0.1
S0007108,PED003546,2023-03-13,C00471,P038,V016,R01,1,499.9,0.0
S0007109,PED003546,2023-03-13,C00471,P017,V016,R01,2,499.9,0.0
S0007110,PED003547,2023-07-26,C00485,P011,V010,R04,4,149.9,0.2
S0007111,PED003548,2023-07-17,C00583,P006,V001,R01,4,499.9,0.0
S0007112,PED003548,2023-07-17,C00583,P011,V001,R01,4,149.9,0.0
S0007113,PED003549,2023-12-05,C00461,P035,V003,R03,1,499.9,0.05
S0007114,PED003549,2023-12-05,C00461,P013,V003,R03,2,899.9,0.1
S0007115,PED003549,2023-12-05,C00461,P020,V003,R03,4,49.9,0.1
S0007116,PED003550,2023-06-28,C00479,P003,V024,R01,2,49.9,0.1
S0007117,PED003551,2025-10-29,C00690,P037,V003,R04,2,149.9,0.0
S0007118,PED003551,2025-10-29,C00690,P026,V003,R04,3,49.9,0.0
S0007119,PED003552,2024-08-08,C00584,P018,V002,R05,3,499.9,0.05
S0007120,PED003552,2024-08-08,C00584,P003,V002,R05,4,49.9,0.15
S0007121,PED003553,2024-11-25,C00571,P018,V023,R02,2,499.9,0.15
S0007122,PED003554,2024-02-01,C00686,P011,V001,R05,2,149.9,0.1
S0007123,PED003554,2024-02-01,C00686,P038,V001,R05,2,499.9,0.0
S0007124,PED003555,2023-11-15,C00597,P026,V012,R04,3,49.9,0.0
S0007125,PED003555,2023-11-15,C00597,P030,V012,R04,4,499.9,0.0
S0007126,PED003556,2024-07-27,C00460,P050,V004,R03,3,899.9,0.05
S0007127,PED003556,2024-07-27,C00460,P014,V004,R03,4,499.9,0.0
S0007128,PED003557,2023-11-28,C00606,P055,V020,R01,1,149.9,0.0
S0007129,PED003557,2023-11-28,C00606,P041,V020,R01,3,149.9,0.0
S0007130,PED003557,2023-11-28,C00606,P015,V020,R01,1,499.9,0.0
S0007131,PED003558,2024-01-14,C00524,P031,V024,R01,2,149.9,0.05
S0007132,PED003559,2024-05-29,C00695,P008,V013,R03,3,149.9,0.05
S0007133,PED003560,2024-07-30,C00457,P006,V019,R01,4,499.9,0.05
S0007134,PED003561,2025-12-18,C00516,P006,V010,R02,3,499.9,0.15
S0007135,PED003561,2025-12-18,C00516,P025,V010,R02,1,149.9,0.05
S0007136,PED003561,2025-12-18,C00516,P015,V010,R02,1,499.9,0.0
S0007137,PED003562,2023-09-27,C00567,P053,V004,R03,2,49.9,0.05
S0007138,PED003563,2024-07-09,C00503,P007,V016,R04,3,899.9,0.1
S0007139,PED003564,2023-07-03,C00589,P031,V020,R01,3,149.9,0.0
S0007140,PED003564,2023-07-03,C00589,P004,V020,R01,2,499.9,0.0
S0007141,PED003565,2024-01-22,C00027,P013,V022,R04,1,899.9,0.05
S0007142,PED003565,2024-01-22,C00027,P022,V022,R04,4,499.9,0.1
S0007143,PED003565,2024-01-22,C00027,P004,V022,R04,1,499.9,0.0
S0007144,PED003566,2025-03-07,C00654,P013,V011,R05,3,899.9,0.0
S0007145,PED003567,2023-08-02,C00595,P020,V011,R01,4,49.9,0.05
S0007146,PED003567,2023-08-02,C00595,P022,V011,R01,4,499.9,0.1
S0007147,PED003568,2024-10-22,C00605,P022,V001,R03,3,499.9,0.05
S0007148,PED003568,2024-10-22,C00605,P051,V001,R03,3,899.9,0.1
S0007149,PED003569,2024-04-16,C00518,P008,V008,R02,2,149.9,0.0
S0007150,PED003569,2024-04-16,C00518,P005,V008,R02,4,499.9,0.05
S0007151,PED003570,2023-03-09,C00551,P008,V022,R02,1,149.9,0.05
S0007152,PED003570,2023-03-09,C00551,P010,V022,R02,1,249.9,0.0
S0007153,PED003570,2023-03-09,C00551,P030,V022,R02,3,499.9,0.05
S0007154,PED003571,2025-11-07,C00484,P009,V012,R03,3,499.9,0.0
S0007155,PED003572,2024-04-12,C00530,P056,V003,R02,2,149.9,0.0
S0007156,PED003573,2025-05-27,C00693,P007,V007,R05,1,899.9,0.15
S0007157,PED003573,2025-05-27,C00693,P010,V007,R05,1,249.9,0.1
S0007158,PED003573,2025-05-27,C00693,P053,V007,R05,1,49.9,0.05
S0007159,PED003574,2024-04-15,C00495,P043,V005,R05,3,49.9,0.0
S0007160,PED003574,2024-04-15,C00495,P044,V005,R05,1,499.9,0.0
S0007161,PED003574,2024-04-15,C00495,P024,V005,R05,4,149.9,0.05
S0007162,PED003575,2025-11-10,C00694,P031,V019,R03,1,149.9,0.1
S0007163,PED003576,2023-11-25,C00605,P020,V014,R03,2,49.9,0.15
S0007164,PED003576,2023-11-25,C00605,P042,V014,R03,2,499.9,0.0
S0007165,PED003577,2024-04-10,C00531,P019,V014,R01,3,149.9,0.1
S0007166,PED003577,2024-04-10,C00531,P002,V014,R01,1,499.9,0.05
S0007167,PED003578,2025-04-27,C00505,P027,V019,R05,3,249.9,0.0
S0007168,PED003578,2025-04-27,C00505,P045,V019,R05,1,49.9,0.0
S0007169,PED003579,2024-01-14,C00497,P044,V021,R04,4,499.9,0.05
S0007170,PED003580,2024-02-10,C00541,P025,V005,R01,2,149.9,0.05
S0007171,PED003580,2024-02-10,C00541,P001,V005,R01,3,49.9,0.0
S0007172,PED003581,2025-12-27,C00684,P022,V015,R01,1,499.9,0.1
S0007173,PED003581,2025-12-27,C00684,P001,V015,R01,3,49.9,0.0
S0007174,PED003581,2025-12-27,C00684,P012,V015,R01,4,89.9,0.0
S0007175,PED003582,2024-09-25,C00498,P016,V016,R01,4,149.9,0.0
S0007176,PED003583,2025-01-29,C00638,P015,V017,R04,3,499.9,0.1
S0007177,PED003583,2025-01-29,C00638,P003,V017,R04,3,49.9,0.15
S0007178,PED003584,2024-12-11,C00542,P029,V023,R02,2,249.9,0.05
S0007179,PED003585,2025-07-17,C00517,P032,V011,R04,1,499.9,0.0
S0007180,PED003585,2025-07-17,C00517,P056,V011,R04,2,149.9,0.0
S0007181,PED003585,2025-07-17,C00517,P005,V011,R04,1,499.9,0.05
S0007182,PED003586,2025-08-26,C00469,P041,V007,R04,2,149.9,0.0
S0007183,PED003587,2024-10-03,C00528,P027,V017,R03,4,249.9,0.0
S0007184,PED003587,2024-10-03,C00528,P014,V017,R03,3,499.9,0.0
S0007185,PED003587,2024-10-03,C00528,P053,V017,R03,1,49.9,0.15
S0007186,PED003588,2023-11-28,C00634,P033,V003,R05,2,89.9,0.1
S0007187,PED003588,2023-11-28,C00634,P026,V003,R05,3,49.9,0.1
S0007188,PED003589,2023-01-30,C00501,P011,V001,R03,2,149.9,0.0
S0007189,PED003589,2023-01-30,C00501,P005,V001,R03,2,499.9,0.05
S0007190,PED003590,2024-11-18,C00565,P003,V004,R04,2,49.9,0.1
S0007191,PED003590,2024-11-18,C00565,P019,V004,R04,3,149.9,0.1
S0007192,PED003591,2025-07-14,C00632,P010,V009,R05,4,249.9,0.0
S0007193,PED003592,2024-05-26,C00252,P009,V016,R01,2,499.9,0.1
S0007194,PED003593,2023-07-21,C00555,P060,V008,R01,2,149.9,0.05
S0007195,PED003593,2023-07-21,C00555,P009,V008,R01,2,499.9,0.0
S0007196,PED003593,2023-07-21,C00555,P038,V008,R01,4,499.9,0.0
S0007197,PED003594,2023-11-24,C00632,P052,V012,R05,1,89.9,0.1
S0007198,PED003594,2023-11-24,C00632,P002,V012,R05,3,499.9,0.05
S0007199,PED003594,2023-11-24,C00632,P056,V012,R05,3,149.9,0.15
S0007200,PED003595,2024-08-04,C00629,P035,V008,R02,3,499.9,0.1
S0007201,PED003595,2024-08-04,C00629,P060,V008,R02,4,149.9,0.0
S0007202,PED003595,2024-08-04,C00629,P038,V008,R02,2,499.9,0.1
S0007203,PED003596,2025-07-27,C00524,P007,V001,R01,2,899.9,0.1
S0007204,PED003596,2025-07-27,C00524,P011,V001,R01,4,149.9,0.0
S0007205,PED003596,2025-07-27,C00524,P037,V001,R01,1,149.9,0.0
S0007206,PED003597,2023-07-30,C00654,P044,V015,R05,1,499.9,0.0
S0007207,PED003598,2024-11-16,C00660,P030,V017,R01,2,499.9,0.1
S0007208,PED003598,2024-11-16,C00660,P052,V017,R01,3,89.9,0.0
S0007209,PED003598,2024-11-16,C00660,P039,V017,R01,1,249.9,0.1
S0007210,PED003599,2025-04-20,C00509,P010,V020,R04,4,249.9,0.15
S0007211,PED003599,2025-04-20,C00509,P045,V020,R04,4,49.9,0.0
S0007212,PED003599,2025-04-20,C00509,P007,V020,R04,1,899.9,0.1
S0007213,PED003600,2025-11-09,C00640,P005,V018,R05,3,499.9,0.1
S0007214,PED003600,2025-11-09,C00640,P050,V018,R05,4,899.9,0.05
S0007215,PED003601,2023-05-26,C00599,P038,V013,R04,1,499.9,0.0
S0007216,PED003601,2023-05-26,C00599,P003,V013,R04,2,49.9,0.05
S0007217,PED003601,2023-05-26,C00599,P014,V013,R04,3,499.9,0.1
S0007218,PED003602,2025-11-02,C00686,P018,V002,R05,2,499.9,0.05
S0007219,PED003602,2025-11-02,C00686,P028,V002,R05,4,499.9,0.15
S0007220,PED003602,2025-11-02,C00686,P004,V002,R05,2,499.9,0.05
S0007221,PED003603,2024-11-08,C00651,P011,V002,R03,1,149.9,0.0
S0007222,PED003604,2025-05-06,C00544,P003,V018,R05,3,49.9,0.15
S0007223,PED003605,2023-03-11,C00563,P005,V002,R01,4,499.9,0.1
S0007224,PED003605,2023-03-11,C00563,P016,V002,R01,3,149.9,0.0
S0007225,PED003606,2024-07-31,C00564,P033,V018,R03,2,89.9,0.05
S0007226,PED003607,2024-11-24,C00476,P030,V002,R01,3,499.9,0.1
S0007227,PED003607,2024-11-24,C00476,P043,V002,R01,1,49.9,0.1
S0007228,PED003607,2024-11-24,C00476,P004,V002,R01,2,499.9,0.1
S0007229,PED003608,2023-12-09,C00579,P020,V004,R03,3,49.9,0.0
S0007230,PED003608,2023-12-09,C00579,P037,V004,R03,1,149.9,0.05
S0007231,PED003609,2024-05-04,C00582,P055,V007,R05,4,149.9,0.1
S0007232,PED003609,2024-05-04,C00582,P030,V007,R05,3,499.9,0.1
S0007233,PED003610,2024-09-24,C00538,P004,V017,R04,3,499.9,0.05
S0007234,PED003610,2024-09-24,C00538,P043,V017,R04,1,49.9,0.0
S0007235,PED003610,2024-09-24,C00538,P012,V017,R04,4,89.9,0.05
S0007236,PED003611,2024-09-22,C00575,P048,V002,R03,1,149.9,0.1
S0007237,PED003612,2023-02-24,C00605,P026,V006,R03,4,49.9,0.05
S0007238,PED003612,2023-02-24,C00605,P002,V006,R03,2,499.9,0.0
S0007239,PED003612,2023-02-24,C00605,P029,V006,R03,2,249.9,0.0
S0007240,PED003613,2024-05-13,C00524,P011,V008,R01,1,149.9,0.0
S0007241,PED003613,2024-05-13,C00524,P025,V008,R01,1,149.9,0.0
S0007242,PED003613,2024-05-13,C00524,P050,V008,R01,4,899.9,0.05
S0007243,PED003614,2023-09-16,C00594,P044,V019,R04,4,499.9,0.1
S0007244,PED003614,2023-09-16,C00594,P004,V019,R04,4,499.9,0.05
S0007245,PED003615,2025-10-24,C00601,P029,V007,R05,3,249.9,0.05
S0007246,PED003615,2025-10-24,C00601,P015,V007,R05,3,499.9,0.0
S0007247,PED003615,2025-10-24,C00601,P001,V007,R05,3,49.9,0.15
S0007248,PED003616,2025-12-11,C00516,P016,V003,R02,2,149.9,0.1
S0007249,PED003617,2023-12-02,C00642,P018,V002,R01,3,499.9,0.0
S0007250,PED003617,2023-12-02,C00642,P008,V002,R01,4,149.9,0.05
S0007251,PED003618,2023-08-03,C00604,P022,V003,R02,4,499.9,0.1
S0007252,PED003618,2023-08-03,C00604,P023,V003,R02,4,899.9,0.0
S0007253,PED003619,2023-09-23,C00584,P023,V010,R05,1,899.9,0.15
S0007254,PED003619,2023-09-23,C00584,P015,V010,R05,3,499.9,0.1
S0007255,PED003620,2024-06-26,C00622,P017,V012,R04,2,499.9,0.1
S0007256,PED003620,2024-06-26,C00622,P010,V012,R04,1,249.9,0.15
S0007257,PED003621,2025-09-10,C00481,P012,V007,R03,2,89.9,0.0
S0007258,PED003621,2025-09-10,C00481,P020,V007,R03,2,49.9,0.1
S0007259,PED003621,2025-09-10,C00481,P046,V007,R03,2,249.9,0.0
S0007260,PED003622,2024-07-23,C00507,P032,V002,R02,2,499.9,0.2
S0007261,PED003623,2023-03-13,C00464,P039,V021,R04,3,249.9,0.05
S0007262,PED003624,2023-02-22,C00652,P013,V010,R04,1,899.9,0.05
S0007263,PED003625,2023-10-01,C00514,P054,V024,R04,3,249.9,0.0
S0007264,PED003626,2025-08-04,C00476,P014,V002,R01,4,499.9,0.05
S0007265,PED003627,2024-11-23,C00693,P001,V002,R05,4,49.9,0.15
S0007266,PED003628,2024-10-03,C00555,P043,V003,R01,1,49.9,0.0
S0007267,PED003629,2023-12-19,C00488,P011,V005,R04,3,149.9,0.05
S0007268,PED003629,2023-12-19,C00488,P012,V005,R04,3,89.9,0.1
S0007269,PED003629,2023-12-19,C00488,P002,V005,R04,1,499.9,0.1
S0007270,PED003630,2025-11-04,C00650,P027,V006,R04,3,249.9,0.1
S0007271,PED003631,2023-12-30,C00549,P007,V009,R03,3,899.9,0.05
S0007272,PED003632,2025-07-25,C00539,P018,V002,R04,4,499.9,0.05
S0007273,PED003633,2025-10-03,C00601,P003,V010,R05,1,49.9,0.05
S0007274,PED003633,2025-10-03,C00601,P011,V010,R05,4,149.9,0.05
S0007275,PED003633,2025-10-03,C00601,P032,V010,R05,1,499.9,0.0
S0007276,PED003634,2024-07-03,C00477,P049,V012,R01,2,899.9,0.05
S0007277,PED003635,2025-10-01,C00459,P039,V009,R03,3,249.9,0.0
S0007278,PED003635,2025-10-01,C00459,P019,V009,R03,1,149.9,0.1
S0007279,PED003635,2025-10-01,C00459,P005,V009,R03,2,499.9,0.1
S0007280,PED003636,2023-11-15,C00495,P030,V006,R05,1,499.9,0.1
S0007281,PED003636,2023-11-15,C00495,P026,V006,R05,2,49.9,0.0
S0007282,PED003637,2024-12-24,C00621,P022,V016,R05,4,499.9,0.0
S0007283,PED003637,2024-12-24,C00621,P027,V016,R05,4,249.9,0.0
S0007284,PED003637,2024-12-24,C00621,P015,V016,R05,1,499.9,0.1
S0007285,PED003638,2023-04-22,C00688,P012,V016,R03,1,89.9,0.0
S0007286,PED003639,2024-06-22,C00399,P025,V015,R02,1,149.9,0.1
S0007287,PED003640,2023-09-20,C00523,P018,V019,R05,1,499.9,0.05
S0007288,PED003640,2023-09-20,C00523,P043,V019,R05,3,49.9,0.15
S0007289,PED003640,2023-09-20,C00523,P019,V019,R05,2,149.9,0.1
S0007290,PED003641,2023-03-22,C00692,P060,V013,R04,1,149.9,0.0
S0007291,PED003641,2023-03-22,C00692,P003,V013,R04,3,49.9,0.15
S0007292,PED003642,2023-01-05,C00554,P021,V018,R04,3,899.9,0.05
S0007293,PED003642,2023-01-05,C00554,P033,V018,R04,3,89.9,0.1
S0007294,PED003643,2023-12-24,C00559,P011,V011,R01,2,149.9,0.0
S0007295,PED003644,2024-10-30,C00522,P021,V016,R01,2,899.9,0.1
S0007296,PED003644,2024-10-30,C00522,P030,V016,R01,1,499.9,0.1
S0007297,PED003645,2024-06-01,C00585,P030,V016,R04,2,499.9,0.0
S0007298,PED003645,2024-06-01,C00585,P025,V016,R04,1,149.9,0.0
S0007299,PED003646,2023-12-04,C00562,P014,V018,R01,1,499.9,0.05
S0007300,PED003647,2025-12-24,C00580,P001,V007,R01,1,49.9,0.1
S0007301,PED003647,2025-12-24,C00580,P019,V007,R01,1,149.9,0.2
S0007302,PED003647,2025-12-24,C00580,P017,V007,R01,3,499.9,0.0
S0007303,PED003648,2025-11-12,C00625,P054,V013,R05,3,249.9,0.15
S0007304,PED003649,2023-06-06,C00633,P059,V009,R05,1,499.9,0.05
S0007305,PED003649,2023-06-06,C00633,P016,V009,R05,3,149.9,0.1
S0007306,PED003649,2023-06-06,C00633,P004,V009,R05,1,499.9,0.1
S0007307,PED003650,2024-04-14,C00561,P012,V007,R03,4,89.9,0.0
S0007308,PED003650,2024-04-14,C00561,P038,V007,R03,2,499.9,0.0
S0007309,PED003651,2024-12-16,C00594,P038,V018,R04,4,499.9,0.1
S0007310,PED003652,2025-03-27,C00572,P027,V018,R03,1,249.9,0.05
S0007311,PED003653,2024-02-13,C00601,P057,V023,R05,1,149.9,0.0
S0007312,PED003653,2024-02-13,C00601,P036,V023,R05,1,49.9,0.0
S0007313,PED003654,2025-04-11,C00690,P020,V013,R04,1,49.9,0.1
S0007314,PED003654,2025-04-11,C00690,P039,V013,R04,3,249.9,0.0
S0007315,PED003655,2023-06-04,C00567,P031,V020,R03,4,149.9,0.1
S0007316,PED003655,2023-06-04,C00567,P011,V020,R03,2,149.9,0.0
S0007317,PED003655,2023-06-04,C00567,P059,V020,R03,4,499.9,0.1
S0007318,PED003656,2023-12-30,C00507,P034,V004,R02,3,499.9,0.0
S0007319,PED003656,2023-12-30,C00507,P018,V004,R02,4,499.9,0.0
S0007320,PED003657,2025-03-06,C00637,P005,V013,R05,1,499.9,0.2
S0007321,PED003657,2025-03-06,C00637,P018,V013,R05,3,499.9,0.05
S0007322,PED003658,2024-11-26,C00387,P052,V009,R04,4,89.9,0.1
S0007323,PED003659,2025-07-28,C00693,P029,V011,R05,2,249.9,0.0
S0007324,PED003659,2025-07-28,C00693,P044,V011,R05,1,499.9,0.15
S0007325,PED003659,2025-07-28,C00693,P058,V011,R05,2,49.9,0.15
S0007326,PED003660,2023-03-03,C00640,P034,V016,R05,1,499.9,0.05
S0007327,PED003661,2023-08-02,C00197,P014,V008,R03,2,499.9,0.05
S0007328,PED003662,2023-03-05,C00651,P002,V003,R03,3,499.9,0.1
S0007329,PED003662,2023-03-05,C00651,P018,V003,R03,1,499.9,0.1
S0007330,PED003662,2023-03-05,C00651,P055,V003,R03,1,149.9,0.0
S0007331,PED003663,2023-08-23,C00541,P053,V010,R01,2,49.9,0.15
S0007332,PED003663,2023-08-23,C00541,P003,V010,R01,4,49.9,0.0
S0007333,PED003664,2023-01-06,C00572,P018,V020,R03,1,499.9,0.0
S0007334,PED003664,2023-01-06,C00572,P034,V020,R03,2,499.9,0.15
S0007335,PED003664,2023-01-06,C00572,P040,V020,R03,3,249.9,0.15
S0007336,PED003665,2024-07-28,C00630,P018,V006,R01,2,499.9,0.05
S0007337,PED003666,2024-08-26,C00574,P010,V023,R02,3,249.9,0.0
S0007338,PED003666,2024-08-26,C00574,P028,V023,R02,2,499.9,0.0
S0007339,PED003667,2024-12-24,C00689,P011,V011,R03,3,149.9,0.0
S0007340,PED003667,2024-12-24,C00689,P059,V011,R03,4,499.9,0.0
S0007341,PED003668,2024-03-08,C00673,P013,V015,R01,4,899.9,0.0
S0007342,PED003668,2024-03-08,C00673,P024,V015,R01,3,149.9,0.1
S0007343,PED003668,2024-03-08,C00673,P044,V015,R01,3,499.9,0.0
S0007344,PED003669,2023-01-05,C00647,P053,V014,R04,3,49.9,0.1
S0007345,PED003669,2023-01-05,C00647,P004,V014,R04,3,499.9,0.05
S0007346,PED003670,2025-01-09,C00611,P008,V010,R01,1,149.9,0.0
S0007347,PED003670,2025-01-09,C00611,P017,V010,R01,1,499.9,0.05
S0007348,PED003670,2025-01-09,C00611,P030,V010,R01,2,499.9,0.0
S0007349,PED003671,2023-03-12,C00522,P027,V016,R01,3,249.9,0.0
S0007350,PED003671,2023-03-12,C00522,P021,V016,R01,2,899.9,0.1
S0007351,PED003672,2025-08-31,C00625,P036,V015,R05,2,49.9,0.0
S0007352,PED003672,2025-08-31,C00625,P009,V015,R05,4,499.9,0.0
S0007353,PED003673,2023-01-29,C00289,P029,V003,R05,4,249.9,0.15
S0007354,PED003673,2023-01-29,C00289,P044,V003,R05,2,499.9,0.05
S0007355,PED003673,2023-01-29,C00289,P026,V003,R05,3,49.9,0.0
S0007356,PED003674,2024-08-28,C00628,P010,V014,R05,3,249.9,0.0
S0007357,PED003674,2024-08-28,C00628,P005,V014,R05,2,499.9,0.05
S0007358,PED003674,2024-08-28,C00628,P015,V014,R05,3,499.9,0.15
S0007359,PED003675,2025-10-02,C00653,P032,V011,R01,3,499.9,0.0
S0007360,PED003675,2025-10-02,C00653,P034,V011,R01,3,499.9,0.1
S0007361,PED003675,2025-10-02,C00653,P013,V011,R01,1,899.9,0.0
S0007362,PED003676,2024-10-13,C00420,P033,V011,R03,4,89.9,0.05
S0007363,PED003676,2024-10-13,C00420,P011,V011,R03,1,149.9,0.15
S0007364,PED003677,2024-11-13,C00555,P014,V018,R01,3,499.9,0.0
S0007365,PED003677,2024-11-13,C00555,P051,V018,R01,1,899.9,0.0
S0007366,PED003678,2025-01-19,C00500,P010,V006,R01,2,249.9,0.1
S0007367,PED003678,2025-01-19,C00500,P001,V006,R01,1,49.9,0.1
S0007368,PED003678,2025-01-19,C00500,P052,V006,R01,3,89.9,0.1
S0007369,PED003679,2023-06-02,C00571,P019,V002,R02,4,149.9,0.0
S0007370,PED003679,2023-06-02,C00571,P020,V002,R02,2,49.9,0.15
S0007371,PED003679,2023-06-02,C00571,P048,V002,R02,2,149.9,0.05
S0007372,PED003680,2025-01-11,C00651,P048,V009,R03,4,149.9,0.1
S0007373,PED003680,2025-01-11,C00651,P009,V009,R03,4,499.9,0.0
S0007374,PED003680,2025-01-11,C00651,P044,V009,R03,3,499.9,0.05
S0007375,PED003681,2025-09-16,C00640,P026,V004,R05,4,49.9,0.05
S0007376,PED003682,2025-12-09,C00700,P024,V005,R02,2,149.9,0.05
S0007377,PED003682,2025-12-09,C00700,P042,V005,R02,3,499.9,0.05
S0007378,PED003683,2024-05-17,C00493,P025,V006,R01,2,149.9,0.0
S0007379,PED003684,2024-01-15,C00684,P031,V004,R01,2,149.9,0.05
S0007380,PED003684,2024-01-15,C00684,P025,V004,R01,1,149.9,0.05
S0007381,PED003685,2025-04-20,C00635,P014,V003,R01,1,499.9,0.15
S0007382,PED003685,2025-04-20,C00635,P039,V003,R01,2,249.9,0.1
S0007383,PED003685,2025-04-20,C00635,P006,V003,R01,3,499.9,0.2
S0007384,PED003686,2024-09-11,C00504,P015,V005,R03,3,499.9,0.0
S0007385,PED003686,2024-09-11,C00504,P004,V005,R03,1,499.9,0.1
S0007386,PED003686,2024-09-11,C00504,P040,V005,R03,4,249.9,0.05
S0007387,PED003687,2023-10-31,C00515,P003,V012,R04,4,49.9,0.0
S0007388,PED003687,2023-10-31,C00515,P036,V012,R04,4,49.9,0.0
S0007389,PED003688,2023-07-30,C00563,P008,V007,R01,3,149.9,0.05
S0007390,PED003689,2023-07-28,C00510,P038,V022,R02,3,499.9,0.0
S0007391,PED003689,2023-07-28,C00510,P043,V022,R02,4,49.9,0.0
S0007392,PED003689,2023-07-28,C00510,P049,V022,R02,3,899.9,0.0
S0007393,PED003690,2024-06-05,C00444,P024,V020,R04,2,149.9,0.15
S0007394,PED003690,2024-06-05,C00444,P047,V020,R04,2,149.9,0.0
S0007395,PED003691,2023-07-28,C00496,P020,V009,R01,4,49.9,0.0
S0007396,PED003691,2023-07-28,C00496,P036,V009,R01,3,49.9,0.05
S0007397,PED003692,2023-01-26,C00523,P024,V018,R05,3,149.9,0.0
S0007398,PED003692,2023-01-26,C00523,P030,V018,R05,3,499.9,0.1
S0007399,PED003692,2023-01-26,C00523,P026,V018,R05,4,49.9,0.0
S0007400,PED003693,2023-03-09,C00552,P029,V014,R05,2,249.9,0.05
S0007401,PED003693,2023-03-09,C00552,P036,V014,R05,4,49.9,0.2
S0007402,PED003694,2025-11-05,C00653,P033,V012,R01,2,89.9,0.2
S0007403,PED003694,2025-11-05,C00653,P008,V012,R01,4,149.9,0.0
S0007404,PED003695,2023-04-03,C00469,P005,V014,R04,1,499.9,0.15
S0007405,PED003695,2023-04-03,C00469,P004,V014,R04,1,499.9,0.0
S0007406,PED003696,2023-04-04,C00592,P050,V011,R05,2,899.9,0.05
S0007407,PED003696,2023-04-04,C00592,P051,V011,R05,1,899.9,0.0
S0007408,PED003696,2023-04-04,C00592,P017,V011,R05,4,499.9,0.0
S0007409,PED003697,2024-05-27,C00634,P017,V022,R05,1,499.9,0.0
S0007410,PED003698,2023-10-19,C00460,P007,V002,R03,4,899.9,0.0
S0007411,PED003698,2023-10-19,C00460,P019,V002,R03,4,149.9,0.1
S0007412,PED003699,2025-11-29,C00672,P026,V014,R04,2,49.9,0.0
S0007413,PED003699,2025-11-29,C00672,P023,V014,R04,1,899.9,0.15
S0007414,PED003700,2025-10-18,C00626,P044,V018,R02,1,499.9,0.1
S0007415,PED003700,2025-10-18,C00626,P043,V018,R02,1,49.9,0.2
S0007416,PED003701,2024-04-01,C00534,P017,V001,R03,2,499.9,0.0
S0007417,PED003701,2024-04-01,C00534,P056,V001,R03,3,149.9,0.0
S0007418,PED003701,2024-04-01,C00534,P025,V001,R03,4,149.9,0.0
S0007419,PED003702,2024-05-24,C00457,P010,V012,R01,2,249.9,0.0
S0007420,PED003702,2024-05-24,C00457,P056,V012,R01,4,149.9,0.15
S0007421,PED003702,2024-05-24,C00457,P011,V012,R01,2,149.9,0.15
S0007422,PED003703,2024-02-25,C00677,P005,V013,R03,4,499.9,0.1
S0007423,PED003703,2024-02-25,C00677,P013,V013,R03,4,899.9,0.0
S0007424,PED003704,2023-02-19,C00481,P029,V004,R03,4,249.9,0.1
S0007425,PED003705,2023-11-27,C00400,P017,V010,R02,2,499.9,0.0
S0007426,PED003706,2023-06-02,C00700,P022,V022,R02,2,499.9,0.0
S0007427,PED003706,2023-06-02,C00700,P015,V022,R02,4,499.9,0.1
S0007428,PED003707,2023-05-09,C00484,P003,V018,R03,4,49.9,0.0
S0007429,PED003707,2023-05-09,C00484,P047,V018,R03,4,149.9,0.05
S0007430,PED003707,2023-05-09,C00484,P055,V018,R03,2,149.9,0.1
S0007431,PED003708,2024-10-01,C00567,P047,V002,R03,1,149.9,0.05
S0007432,PED003708,2024-10-01,C00567,P044,V002,R03,2,499.9,0.1
S0007433,PED003708,2024-10-01,C00567,P039,V002,R03,1,249.9,0.1
S0007434,PED003709,2023-05-05,C00492,P008,V006,R03,3,149.9,0.0
S0007435,PED003709,2023-05-05,C00492,P046,V006,R03,2,249.9,0.1
S0007436,PED003710,2023-05-10,C00475,P015,V018,R01,4,499.9,0.05
S0007437,PED003711,2024-06-30,C00475,P011,V001,R01,1,149.9,0.05
S0007438,PED003712,2024-05-16,C00370,P046,V013,R04,1,249.9,0.2
S0007439,PED003713,2023-06-19,C00687,P029,V003,R03,4,249.9,0.05
S0007440,PED003714,2023-01-06,C00688,P009,V010,R03,3,499.9,0.0
S0007441,PED003714,2023-01-06,C00688,P028,V010,R03,2,499.9,0.0
S0007442,PED003714,2023-01-06,C00688,P011,V010,R03,3,149.9,0.1
S0007443,PED003715,2023-08-24,C00671,P046,V014,R01,1,249.9,0.0
S0007444,PED003715,2023-08-24,C00671,P015,V014,R01,3,499.9,0.15
S0007445,PED003715,2023-08-24,C00671,P035,V014,R01,1,499.9,0.15
S0007446,PED003716,2023-10-10,C00527,P034,V007,R03,2,499.9,0.15
S0007447,PED003716,2023-10-10,C00527,P010,V007,R03,1,249.9,0.0
S0007448,PED003717,2025-06-14,C00560,P014,V003,R04,4,499.9,0.05
S0007449,PED003718,2025-10-23,C00675,P004,V002,R02,3,499.9,0.0
S0007450,PED003718,2025-10-23,C00675,P012,V002,R02,3,89.9,0.1
S0007451,PED003718,2025-10-23,C00675,P029,V002,R02,3,249.9,0.2
S0007452,PED003719,2024-04-02,C00556,P014,V012,R01,3,499.9,0.0
S0007453,PED003719,2024-04-02,C00556,P005,V012,R01,4,499.9,0.0
S0007454,PED003720,2024-04-01,C00473,P027,V011,R03,3,249.9,0.1
S0007455,PED003721,2025-03-01,C00665,P048,V003,R03,3,149.9,0.0
S0007456,PED003721,2025-03-01,C00665,P002,V003,R03,4,499.9,0.0
S0007457,PED003721,2025-03-01,C00665,P059,V003,R03,2,499.9,0.05
S0007458,PED003722,2024-11-27,C00519,P015,V015,R03,4,499.9,0.0
S0007459,PED003723,2023-08-13,C00521,P029,V011,R02,2,249.9,0.05
S0007460,PED003724,2023-05-16,C00537,P004,V021,R02,1,499.9,0.0
S0007461,PED003724,2023-05-16,C00537,P040,V021,R02,1,249.9,0.1
S0007462,PED003724,2023-05-16,C00537,P027,V021,R02,4,249.9,0.05
S0007463,PED003725,2024-05-11,C00338,P016,V017,R02,3,149.9,0.05
S0007464,PED003725,2024-05-11,C00338,P013,V017,R02,3,899.9,0.1
S0007465,PED003726,2024-10-05,C00471,P001,V010,R01,1,49.9,0.1
S0007466,PED003726,2024-10-05,C00471,P033,V010,R01,1,89.9,0.1
S0007467,PED003727,2023-06-21,C00650,P007,V013,R04,2,899.9,0.1
S0007468,PED003728,2023-11-27,C00583,P008,V002,R01,3,149.9,0.0
S0007469,PED003728,2023-11-27,C00583,P028,V002,R01,1,499.9,0.1
S0007470,PED003728,2023-11-27,C00583,P006,V002,R01,2,499.9,0.0
S0007471,PED003729,2023-12-08,C00641,P025,V010,R03,4,149.9,0.0
S0007472,PED003729,2023-12-08,C00641,P028,V010,R03,3,499.9,0.0
S0007473,PED003730,2023-11-03,C00517,P004,V023,R04,4,499.9,0.0
S0007474,PED003731,2024-06-07,C00474,P017,V018,R04,3,499.9,0.0
S0007475,PED003732,2024-12-19,C00540,P049,V018,R03,2,899.9,0.0
S0007476,PED003732,2024-12-19,C00540,P020,V018,R03,4,49.9,0.05
S0007477,PED003732,2024-12-19,C00540,P059,V018,R03,1,499.9,0.1
S0007478,PED003733,2024-08-03,C00643,P033,V014,R03,4,89.9,0.0
S0007479,PED003733,2024-08-03,C00643,P012,V014,R03,4,89.9,0.1
S0007480,PED003734,2023-09-03,C00624,P040,V004,R05,4,249.9,0.1
S0007481,PED003734,2023-09-03,C00624,P007,V004,R05,3,899.9,0.0
S0007482,PED003735,2023-05-10,C00606,P008,V009,R01,2,149.9,0.05
S0007483,PED003735,2023-05-10,C00606,P005,V009,R01,2,499.9,0.0
S0007484,PED003735,2023-05-10,C00606,P041,V009,R01,2,149.9,0.05
S0007485,PED003736,2025-07-10,C00507,P047,V008,R02,1,149.9,0.05
S0007486,PED003737,2024-06-28,C00472,P029,V015,R01,3,249.9,0.0
S0007487,PED003738,2023-03-21,C00659,P025,V017,R01,3,149.9,0.0
S0007488,PED003738,2023-03-21,C00659,P040,V017,R01,1,249.9,0.0
S0007489,PED003738,2023-03-21,C00659,P005,V017,R01,1,499.9,0.0
S0007490,PED003739,2023-11-01,C00549,P003,V002,R03,1,49.9,0.1
S0007491,PED003740,2025-06-19,C00508,P019,V022,R04,4,149.9,0.0
S0007492,PED003741,2025-04-18,C00672,P052,V018,R04,3,89.9,0.0
S0007493,PED003742,2025-09-11,C00691,P017,V006,R02,1,499.9,0.1
S0007494,PED003743,2024-11-09,C00034,P004,V003,R01,2,499.9,0.1
S0007495,PED003744,2024-04-23,C00570,P039,V004,R03,4,249.9,0.0
S0007496,PED003744,2024-04-23,C00570,P013,V004,R03,1,899.9,0.1
S0007497,PED003744,2024-04-23,C00570,P005,V004,R03,3,499.9,0.0
S0007498,PED003745,2024-04-28,C00474,P015,V005,R04,3,499.9,0.05
S0007499,PED003745,2024-04-28,C00474,P017,V005,R04,1,499.9,0.05
S0007500,PED003745,2024-04-28,C00474,P043,V005,R04,4,49.9,0.0
S0007501,PED003746,2023-08-25,C00629,P006,V002,R02,2,499.9,0.0
S0007502,PED003746,2023-08-25,C00629,P030,V002,R02,3,499.9,0.0
S0007503,PED003746,2023-08-25,C00629,P025,V002,R02,1,149.9,0.0
S0007504,PED003747,2024-12-18,C00551,P041,V022,R02,2,149.9,0.0
S0007505,PED003747,2024-12-18,C00551,P008,V022,R02,3,149.9,0.15
S0007506,PED003748,2024-10-25,C00586,P033,V012,R02,2,89.9,0.0
S0007507,PED003749,2023-07-09,C00626,P015,V006,R02,1,499.9,0.2
S0007508,PED003749,2023-07-09,C00626,P004,V006,R02,2,499.9,0.15
S0007509,PED003750,2025-09-22,C00630,P044,V002,R01,1,499.9,0.1
S0007510,PED003750,2025-09-22,C00630,P031,V002,R01,3,149.9,0.05
S0007511,PED003751,2024-02-16,C00603,P005,V013,R02,4,499.9,0.2
S0007512,PED003751,2024-02-16,C00603,P003,V013,R02,2,49.9,0.05
S0007513,PED003752,2023-03-06,C00464,P048,V017,R04,2,149.9,0.0
S0007514,PED003752,2023-03-06,C00464,P021,V017,R04,2,899.9,0.0
S0007515,PED003752,2023-03-06,C00464,P004,V017,R04,2,499.9,0.1
S0007516,PED003753,2023-12-27,C00514,P028,V017,R04,3,499.9,0.05
S0007517,PED003753,2023-12-27,C00514,P011,V017,R04,3,149.9,0.0
S0007518,PED003753,2023-12-27,C00514,P027,V017,R04,1,249.9,0.0
S0007519,PED003754,2025-09-04,C00489,P025,V008,R03,4,149.9,0.2
S0007520,PED003754,2025-09-04,C00489,P058,V008,R03,1,49.9,0.2
S0007521,PED003754,2025-09-04,C00489,P013,V008,R03,3,899.9,0.1
S0007522,PED003755,2025-10-24,C00581,P001,V022,R02,3,49.9,0.0
S0007523,PED003756,2024-07-12,C00648,P001,V019,R03,4,49.9,0.1
S0007524,PED003756,2024-07-12,C00648,P033,V019,R03,1,89.9,0.0
S0007525,PED003756,2024-07-12,C00648,P042,V019,R03,4,499.9,0.15
S0007526,PED003757,2025-11-25,C00523,P037,V022,R05,3,149.9,0.0
S0007527,PED003758,2025-09-10,C00685,P047,V011,R02,4,149.9,0.1
S0007528,PED003758,2025-09-10,C00685,P049,V011,R02,2,899.9,0.0
S0007529,PED003758,2025-09-10,C00685,P016,V011,R02,4,149.9,0.0
S0007530,PED003759,2025-07-14,C00528,P008,V011,R03,2,149.9,0.2
S0007531,PED003759,2025-07-14,C00528,P036,V011,R03,3,49.9,0.0
S0007532,PED003759,2025-07-14,C00528,P055,V011,R03,3,149.9,0.1
S0007533,PED003760,2025-08-24,C00498,P012,V001,R01,4,89.9,0.0
S0007534,PED003761,2024-03-04,C00636,P022,V021,R04,4,499.9,0.1
S0007535,PED003761,2024-03-04,C00636,P010,V021,R04,2,249.9,0.0
S0007536,PED003761,2024-03-04,C00636,P016,V021,R04,1,149.9,0.0
S0007537,PED003762,2025-04-24,C00582,P029,V006,R05,4,249.9,0.0
S0007538,PED003762,2025-04-24,C00582,P015,V006,R05,3,499.9,0.05
S0007539,PED003762,2025-04-24,C00582,P023,V006,R05,3,899.9,0.0
S0007540,PED003763,2024-10-18,C00697,P014,V013,R02,3,499.9,0.0
S0007541,PED003763,2024-10-18,C00697,P046,V013,R02,1,249.9,0.1
S0007542,PED003763,2024-10-18,C00697,P004,V013,R02,2,499.9,0.1
S0007543,PED003764,2025-03-10,C00485,P051,V007,R04,1,899.9,0.1
S0007544,PED003765,2023-08-06,C00523,P028,V016,R05,2,499.9,0.05
S0007545,PED003765,2023-08-06,C00523,P041,V016,R05,4,149.9,0.1
S0007546,PED003765,2023-08-06,C00523,P008,V016,R05,2,149.9,0.05
S0007547,PED003766,2025-03-24,C00626,P019,V007,R02,2,149.9,0.0
S0007548,PED003766,2025-03-24,C00626,P016,V007,R02,3,149.9,0.15
S0007549,PED003767,2025-11-25,C00582,P051,V019,R05,4,899.9,0.05
S0007550,PED003767,2025-11-25,C00582,P019,V019,R05,4,149.9,0.0
S0007551,PED003767,2025-11-25,C00582,P048,V019,R05,1,149.9,0.0
S0007552,PED003768,2023-12-05,C00548,P058,V004,R05,2,49.9,0.15
S0007553,PED003768,2023-12-05,C00548,P010,V004,R05,2,249.9,0.15
S0007554,PED003769,2025-12-19,C00551,P057,V017,R02,2,149.9,0.0
S0007555,PED003769,2025-12-19,C00551,P005,V017,R02,2,499.9,0.05
S0007556,PED003769,2025-12-19,C00551,P021,V017,R02,3,899.9,0.2
S0007557,PED003770,2024-02-29,C00490,P050,V005,R03,1,899.9,0.0
S0007558,PED003770,2024-02-29,C00490,P007,V005,R03,3,899.9,0.2
S0007559,PED003771,2023-09-01,C00672,P052,V013,R04,1,89.9,0.0
S0007560,PED003771,2023-09-01,C00672,P013,V013,R04,4,899.9,0.1
S0007561,PED003771,2023-09-01,C00672,P001,V013,R04,2,49.9,0.1
S0007562,PED003772,2023-05-21,C00672,P019,V013,R04,1,149.9,0.0
S0007563,PED003772,2023-05-21,C00672,P022,V013,R04,2,499.9,0.05
S0007564,PED003772,2023-05-21,C00672,P016,V013,R04,2,149.9,0.05
S0007565,PED003773,2025-05-28,C00521,P043,V004,R02,4,49.9,0.1
S0007566,PED003774,2024-09-24,C00583,P055,V018,R01,3,149.9,0.1
S0007567,PED003774,2024-09-24,C00583,P016,V018,R01,2,149.9,0.05
S0007568,PED003774,2024-09-24,C00583,P018,V018,R01,4,499.9,0.1
S0007569,PED003775,2023-12-09,C00482,P050,V013,R03,2,899.9,0.1
S0007570,PED003775,2023-12-09,C00482,P023,V013,R03,1,899.9,0.15
S0007571,PED003775,2023-12-09,C00482,P045,V013,R03,1,49.9,0.0
S0007572,PED003776,2024-11-13,C00686,P036,V018,R05,4,49.9,0.15
S0007573,PED003777,2023-12-31,C00490,P028,V013,R03,2,499.9,0.0
S0007574,PED003777,2023-12-31,C00490,P034,V013,R03,2,499.9,0.05
S0007575,PED003778,2024-05-24,C00629,P030,V021,R02,3,499.9,0.05
S0007576,PED003779,2025-08-27,C00123,P040,V023,R03,3,249.9,0.2
S0007577,PED003779,2025-08-27,C00123,P015,V023,R03,4,499.9,0.0
S0007578,PED003779,2025-08-27,C00123,P020,V023,R03,2,49.9,0.15
S0007579,PED003780,2025-01-02,C00692,P023,V005,R04,4,899.9,0.0
S0007580,PED003780,2025-01-02,C00692,P038,V005,R04,4,499.9,0.05
S0007581,PED003780,2025-01-02,C00692,P003,V005,R04,2,49.9,0.1
S0007582,PED003781,2025-05-01,C00586,P021,V005,R02,4,899.9,0.1
S0007583,PED003781,2025-05-01,C00586,P011,V005,R02,1,149.9,0.0
S0007584,PED003782,2024-10-24,C00556,P023,V005,R01,1,899.9,0.0
S0007585,PED003783,2025-12-24,C00537,P002,V012,R02,3,499.9,0.0
S0007586,PED003783,2025-12-24,C00537,P009,V012,R02,1,499.9,0.0
S0007587,PED003784,2023-10-15,C00573,P055,V016,R01,4,149.9,0.15
S0007588,PED003784,2023-10-15,C00573,P004,V016,R01,4,499.9,0.0
S0007589,PED003784,2023-10-15,C00573,P014,V016,R01,3,499.9,0.1
S0007590,PED003785,2023-11-04,C00155,P032,V008,R05,3,499.9,0.05
S0007591,PED003785,2023-11-04,C00155,P025,V008,R05,4,149.9,0.05
S0007592,PED003786,2023-04-28,C00587,P024,V014,R04,1,149.9,0.05
S0007593,PED003786,2023-04-28,C00587,P002,V014,R04,4,499.9,0.1
S0007594,PED003786,2023-04-28,C00587,P030,V014,R04,4,499.9,0.05
S0007595,PED003787,2024-09-24,C00574,P017,V014,R02,2,499.9,0.0
S0007596,PED003788,2024-11-17,C00671,P057,V002,R01,4,149.9,0.0
S0007597,PED003788,2024-11-17,C00671,P022,V002,R01,4,499.9,0.0
S0007598,PED003789,2025-03-18,C00635,P020,V020,R01,4,49.9,0.0
S0007599,PED003790,2024-01-04,C00548,P032,V012,R05,1,499.9,0.0
S0007600,PED003790,2024-01-04,C00548,P002,V012,R05,4,499.9,0.0
S0007601,PED003790,2024-01-04,C00548,P033,V012,R05,2,89.9,0.2
S0007602,PED003791,2023-01-16,C00616,P005,V023,R01,3,499.9,0.15
S0007603,PED003791,2023-01-16,C00616,P038,V023,R01,4,499.9,0.0
S0007604,PED003792,2024-12-01,C00513,P028,V023,R05,4,499.9,0.0
S0007605,PED003792,2024-12-01,C00513,P003,V023,R05,2,49.9,0.1
S0007606,PED003792,2024-12-01,C00513,P010,V023,R05,4,249.9,0.15
S0007607,PED003793,2025-12-30,C00526,P049,V009,R05,4,899.9,0.1
S0007608,PED003793,2025-12-30,C00526,P001,V009,R05,1,49.9,0.0
S0007609,PED003793,2025-12-30,C00526,P010,V009,R05,3,249.9,0.1
S0007610,PED003794,2023-11-28,C00492,P053,V006,R03,3,49.9,0.0
S0007611,PED003795,2023-08-13,C00165,P036,V001,R02,3,49.9,0.05
S0007612,PED003795,2023-08-13,C00165,P013,V001,R02,4,899.9,0.1
S0007613,PED003796,2023-11-19,C00487,P012,V015,R05,3,89.9,0.0
S0007614,PED003796,2023-11-19,C00487,P015,V015,R05,1,499.9,0.1
S0007615,PED003797,2024-04-26,C00549,P045,V019,R03,2,49.9,0.1
S0007616,PED003797,2024-04-26,C00549,P026,V019,R03,3,49.9,0.0
S0007617,PED003798,2023-10-25,C00498,P013,V014,R01,1,899.9,0.0
S0007618,PED003798,2023-10-25,C00498,P050,V014,R01,1,899.9,0.0
S0007619,PED003798,2023-10-25,C00498,P030,V014,R01,3,499.9,0.0
S0007620,PED003799,2024-01-18,C00630,P001,V007,R01,2,49.9,0.0
S0007621,PED003799,2024-01-18,C00630,P014,V007,R01,3,499.9,0.2
S0007622,PED003799,2024-01-18,C00630,P012,V007,R01,3,89.9,0.0
S0007623,PED003800,2024-12-07,C00465,P003,V018,R05,3,49.9,0.0
S0007624,PED003800,2024-12-07,C00465,P044,V018,R05,2,499.9,0.2
S0007625,PED003801,2024-01-16,C00683,P018,V010,R04,4,499.9,0.05
S0007626,PED003802,2024-03-21,C00654,P040,V007,R05,2,249.9,0.0
S0007627,PED003802,2024-03-21,C00654,P002,V007,R05,1,499.9,0.0
S0007628,PED003802,2024-03-21,C00654,P022,V007,R05,3,499.9,0.0
S0007629,PED003803,2023-02-22,C00476,P054,V011,R01,3,249.9,0.0
S0007630,PED003803,2023-02-22,C00476,P010,V011,R01,2,249.9,0.0
S0007631,PED003803,2023-02-22,C00476,P022,V011,R01,3,499.9,0.0
S0007632,PED003804,2025-10-25,C00540,P002,V013,R03,1,499.9,0.15
S0007633,PED003805,2024-04-04,C00508,P001,V020,R04,3,49.9,0.0
S0007634,PED003805,2024-04-04,C00508,P015,V020,R04,4,499.9,0.1
S0007635,PED003806,2023-12-27,C00594,P019,V007,R04,1,149.9,0.1
S0007636,PED003806,2023-12-27,C00594,P010,V007,R04,2,249.9,0.1
S0007637,PED003806,2023-12-27,C00594,P036,V007,R04,2,49.9,0.15
S0007638,PED003807,2023-04-20,C00536,P027,V019,R05,2,249.9,0.0
S0007639,PED003808,2024-12-03,C00693,P021,V002,R05,2,899.9,0.1
S0007640,PED003809,2025-08-29,C00589,P020,V009,R01,2,49.9,0.05
S0007641,PED003810,2023-02-23,C00648,P058,V008,R03,1,49.9,0.1
S0007642,PED003810,2023-02-23,C00648,P021,V008,R03,2,899.9,0.1
S0007643,PED003810,2023-02-23,C00648,P027,V008,R03,1,249.9,0.0
S0007644,PED003811,2023-06-28,C00494,P023,V022,R05,4,899.9,0.05
S0007645,PED003811,2023-06-28,C00494,P043,V022,R05,1,49.9,0.15
S0007646,PED003812,2023-06-29,C00637,P035,V015,R05,1,499.9,0.0
S0007647,PED003812,2023-06-29,C00637,P001,V015,R05,3,49.9,0.0
S0007648,PED003812,2023-06-29,C00637,P016,V015,R05,2,149.9,0.05
S0007649,PED003813,2024-11-09,C00587,P027,V016,R04,2,249.9,0.2
S0007650,PED003813,2024-11-09,C00587,P022,V016,R04,2,499.9,0.15
S0007651,PED003814,2025-10-28,C00695,P031,V019,R03,4,149.9,0.0
S0007652,PED003814,2025-10-28,C00695,P003,V019,R03,4,49.9,0.0
S0007653,PED003814,2025-10-28,C00695,P046,V019,R03,4,249.9,0.0
S0007654,PED003815,2024-05-11,C00551,P008,V023,R02,3,149.9,0.05
S0007655,PED003815,2024-05-11,C00551,P007,V023,R02,1,899.9,0.1
S0007656,PED003816,2024-01-14,C00553,P052,V012,R05,1,89.9,0.0
S0007657,PED003817,2025-05-05,C00525,P019,V003,R01,1,149.9,0.05
S0007658,PED003817,2025-05-05,C00525,P025,V003,R01,1,149.9,0.15
S0007659,PED003818,2025-04-07,C00646,P011,V007,R01,2,149.9,0.05
S0007660,PED003819,2023-10-21,C00503,P018,V024,R04,1,499.9,0.1
S0007661,PED003819,2023-10-21,C00503,P008,V024,R04,2,149.9,0.0
S0007662,PED003819,2023-10-21,C00503,P057,V024,R04,2,149.9,0.2
S0007663,PED003820,2023-07-17,C00672,P058,V023,R04,1,49.9,0.05
S0007664,PED003820,2023-07-17,C00672,P043,V023,R04,3,49.9,0.0
S0007665,PED003821,2024-02-01,C00524,P035,V018,R01,3,499.9,0.1
S0007666,PED003821,2024-02-01,C00524,P017,V018,R01,1,499.9,0.05
S0007667,PED003821,2024-02-01,C00524,P011,V018,R01,4,149.9,0.0
S0007668,PED003822,2025-05-17,C00512,P032,V021,R05,3,499.9,0.15
S0007669,PED003823,2025-02-06,C00685,P035,V014,R02,3,499.9,0.0
S0007670,PED003823,2025-02-06,C00685,P022,V014,R02,1,499.9,0.0
S0007671,PED003823,2025-02-06,C00685,P012,V014,R02,3,89.9,0.15
S0007672,PED003824,2024-12-31,C00541,P002,V008,R01,3,499.9,0.1
S0007673,PED003824,2024-12-31,C00541,P020,V008,R01,2,49.9,0.0
S0007674,PED003824,2024-12-31,C00541,P017,V008,R01,1,499.9,0.15
S0007675,PED003825,2025-07-19,C00608,P038,V014,R04,4,499.9,0.1
S0007676,PED003826,2023-11-15,C00522,P002,V008,R01,2,499.9,0.0
S0007677,PED003827,2024-01-09,C00485,P029,V012,R04,4,249.9,0.0
S0007678,PED003828,2023-02-25,C00618,P011,V019,R01,2,149.9,0.1
S0007679,PED003828,2023-02-25,C00618,P004,V019,R01,2,499.9,0.05
S0007680,PED003829,2025-09-03,C00669,P028,V016,R03,3,499.9,0.0
S0007681,PED003829,2025-09-03,C00669,P015,V016,R03,3,499.9,0.0
S0007682,PED003830,2024-10-23,C00574,P043,V011,R02,1,49.9,0.0
S0007683,PED003830,2024-10-23,C00574,P002,V011,R02,3,499.9,0.1
S0007684,PED003831,2023-12-01,C00519,P043,V003,R03,4,49.9,0.0
S0007685,PED003831,2023-12-01,C00519,P019,V003,R03,2,149.9,0.15
S0007686,PED003832,2023-03-30,C00555,P008,V008,R01,2,149.9,0.0
S0007687,PED003832,2023-03-30,C00555,P023,V008,R01,4,899.9,0.1
S0007688,PED003833,2025-03-14,C00482,P015,V021,R03,2,499.9,0.0
S0007689,PED003834,2025-04-14,C00487,P027,V022,R05,4,249.9,0.05
S0007690,PED003835,2024-12-31,C00560,P001,V008,R04,3,49.9,0.0
S0007691,PED003836,2023-09-05,C00567,P031,V008,R03,4,149.9,0.1
S0007692,PED003836,2023-09-05,C00567,P027,V008,R03,3,249.9,0.1
S0007693,PED003836,2023-09-05,C00567,P001,V008,R03,4,49.9,0.0
S0007694,PED003837,2025-10-20,C00644,P033,V022,R02,3,89.9,0.1
S0007695,PED003838,2025-04-20,C00639,P055,V003,R05,4,149.9,0.05
S0007696,PED003838,2025-04-20,C00639,P031,V003,R05,4,149.9,0.1
S0007697,PED003839,2024-12-24,C00534,P015,V007,R03,1,499.9,0.15
S0007698,PED003840,2024-12-18,C00588,P010,V015,R05,2,249.9,0.05
S0007699,PED003841,2025-10-12,C00458,P036,V012,R05,3,49.9,0.05
S0007700,PED003841,2025-10-12,C00458,P010,V012,R05,1,249.9,0.0
S0007701,PED003842,2025-11-04,C00592,P041,V007,R05,4,149.9,0.0
S0007702,PED003843,2024-11-04,C00279,P018,V011,R03,2,499.9,0.1
S0007703,PED003844,2024-04-16,C00685,P012,V015,R02,2,89.9,0.0
S0007704,PED003844,2024-04-16,C00685,P001,V015,R02,3,49.9,0.1
S0007705,PED003844,2024-04-16,C00685,P013,V015,R02,3,899.9,0.1
S0007706,PED003845,2024-02-09,C00593,P041,V008,R01,2,149.9,0.1
S0007707,PED003845,2024-02-09,C00593,P012,V008,R01,2,89.9,0.0
S0007708,PED003845,2024-02-09,C00593,P055,V008,R01,3,149.9,0.0
S0007709,PED003846,2025-07-06,C00541,P019,V002,R01,3,149.9,0.15
S0007710,PED003846,2025-07-06,C00541,P005,V002,R01,1,499.9,0.0
S0007711,PED003847,2024-12-12,C00437,P035,V013,R03,1,499.9,0.2
S0007712,PED003847,2024-12-12,C00437,P058,V013,R03,4,49.9,0.05
S0007713,PED003847,2024-12-12,C00437,P019,V013,R03,3,149.9,0.0
S0007714,PED003848,2023-04-09,C00470,P006,V023,R03,4,499.9,0.0
S0007715,PED003849,2023-06-24,C00540,P014,V007,R03,1,499.9,0.2
S0007716,PED003850,2025-10-07,C00484,P012,V020,R03,2,89.9,0.05
S0007717,PED003851,2025-09-21,C00512,P046,V022,R05,4,249.9,0.0
S0007718,PED003851,2025-09-21,C00512,P038,V022,R05,4,499.9,0.1
S0007719,PED003851,2025-09-21,C00512,P023,V022,R05,4,899.9,0.1
S0007720,PED003852,2025-11-21,C00579,P012,V016,R03,1,89.9,0.0
S0007721,PED003852,2025-11-21,C00579,P045,V016,R03,3,49.9,0.0
S0007722,PED003852,2025-11-21,C00579,P018,V016,R03,3,499.9,0.05
S0007723,PED003853,2024-04-29,C00472,P060,V012,R01,3,149.9,0.1
S0007724,PED003853,2024-04-29,C00472,P012,V012,R01,3,89.9,0.1
S0007725,PED003853,2024-04-29,C00472,P057,V012,R01,4,149.9,0.0
S0007726,PED003854,2025-05-27,C00646,P032,V010,R01,1,499.9,0.0
S0007727,PED003854,2025-05-27,C00646,P003,V010,R01,2,49.9,0.15
S0007728,PED003855,2025-07-17,C00500,P020,V013,R01,2,49.9,0.0
S0007729,PED003855,2025-07-17,C00500,P043,V013,R01,1,49.9,0.15
S0007730,PED003855,2025-07-17,C00500,P056,V013,R01,4,149.9,0.1
S0007731,PED003856,2023-12-16,C00675,P024,V012,R02,1,149.9,0.1
S0007732,PED003857,2023-06-28,C00668,P052,V013,R04,3,89.9,0.15
S0007733,PED003858,2025-12-29,C00488,P009,V004,R04,3,499.9,0.0
S0007734,PED003858,2025-12-29,C00488,P054,V004,R04,1,249.9,0.0
S0007735,PED003859,2023-02-09,C00691,P049,V015,R02,4,899.9,0.0
S0007736,PED003859,2023-02-09,C00691,P006,V015,R02,3,499.9,0.05
S0007737,PED003859,2023-02-09,C00691,P014,V015,R02,4,499.9,0.0
S0007738,PED003860,2024-11-05,C00595,P035,V006,R01,2,499.9,0.05
S0007739,PED003860,2024-11-05,C00595,P025,V006,R01,4,149.9,0.0
S0007740,PED003861,2024-12-17,C00243,P036,V015,R04,1,49.9,0.15
S0007741,PED003861,2024-12-17,C00243,P008,V015,R04,3,149.9,0.05
S0007742,PED003862,2025-01-20,C00555,P014,V014,R01,3,499.9,0.05
S0007743,PED003862,2025-01-20,C00555,P007,V014,R01,1,899.9,0.1
S0007744,PED003863,2023-10-30,C00549,P001,V016,R03,1,49.9,0.15
S0007745,PED003864,2025-03-12,C00538,P021,V003,R04,1,899.9,0.1
S0007746,PED003864,2025-03-12,C00538,P009,V003,R04,3,499.9,0.2
S0007747,PED003864,2025-03-12,C00538,P056,V003,R04,4,149.9,0.15
S0007748,PED003865,2023-09-19,C00553,P010,V005,R05,3,249.9,0.05
S0007749,PED003865,2023-09-19,C00553,P020,V005,R05,1,49.9,0.1
S0007750,PED003865,2023-09-19,C00553,P048,V005,R05,2,149.9,0.05
S0007751,PED003866,2025-07-18,C00569,P001,V002,R05,3,49.9,0.1
S0007752,PED003867,2023-09-22,C00581,P016,V001,R02,4,149.9,0.0
S0007753,PED003868,2025-02-08,C00562,P023,V010,R01,3,899.9,0.1
S0007754,PED003868,2025-02-08,C00562,P050,V010,R01,1,899.9,0.05
S0007755,PED003868,2025-02-08,C00562,P047,V010,R01,1,149.9,0.05
S0007756,PED003869,2025-05-26,C00530,P039,V020,R02,1,249.9,0.05
S0007757,PED003869,2025-05-26,C00530,P026,V020,R02,1,49.9,0.05
S0007758,PED003870,2023-08-19,C00520,P059,V009,R02,4,499.9,0.05
S0007759,PED003870,2023-08-19,C00520,P054,V009,R02,3,249.9,0.15
S0007760,PED003870,2023-08-19,C00520,P037,V009,R02,2,149.9,0.05
S0007761,PED003871,2023-10-12,C00662,P044,V004,R02,1,499.9,0.1
S0007762,PED003871,2023-10-12,C00662,P014,V004,R02,4,499.9,0.0
S0007763,PED003872,2025-05-21,C00675,P044,V019,R02,2,499.9,0.05
S0007764,PED003872,2025-05-21,C00675,P007,V019,R02,1,899.9,0.0
S0007765,PED003873,2023-04-19,C00575,P007,V007,R03,4,899.9,0.0
S0007766,PED003873,2023-04-19,C00575,P021,V007,R03,4,899.9,0.0
S0007767,PED003873,2023-04-19,C00575,P013,V007,R03,2,899.9,0.1
S0007768,PED003874,2023-08-21,C00669,P049,V018,R03,3,899.9,0.0
S0007769,PED003875,2024-06-01,C00531,P029,V010,R01,4,249.9,0.2
S0007770,PED003876,2025-11-05,C00671,P004,V013,R01,4,499.9,0.0
S0007771,PED003876,2025-11-05,C00671,P002,V013,R01,2,499.9,0.0
S0007772,PED003877,2024-10-02,C00456,P058,V005,R05,3,49.9,0.1
S0007773,PED003877,2024-10-02,C00456,P030,V005,R05,1,499.9,0.15
S0007774,PED003877,2024-10-02,C00456,P017,V005,R05,4,499.9,0.0
S0007775,PED003878,2024-03-11,C00479,P018,V011,R01,1,499.9,0.0
S0007776,PED003878,2024-03-11,C00479,P050,V011,R01,4,899.9,0.0
S0007777,PED003878,2024-03-11,C00479,P038,V011,R01,3,499.9,0.05
S0007778,PED003879,2025-12-13,C00084,P038,V003,R04,2,499.9,0.0
S0007779,PED003879,2025-12-13,C00084,P006,V003,R04,3,499.9,0.1
S0007780,PED003879,2025-12-13,C00084,P037,V003,R04,3,149.9,0.05
S0007781,PED003880,2024-06-10,C00692,P051,V023,R04,1,899.9,0.05
S0007782,PED003880,2024-06-10,C00692,P017,V023,R04,3,499.9,0.1
S0007783,PED003881,2024-05-06,C00552,P005,V006,R05,2,499.9,0.15
S0007784,PED003882,2024-04-09,C00691,P027,V021,R02,2,249.9,0.0
S0007785,PED003882,2024-04-09,C00691,P016,V021,R02,3,149.9,0.0
S0007786,PED003882,2024-04-09,C00691,P007,V021,R02,4,899.9,0.05
S0007787,PED003883,2023-12-13,C00546,P025,V021,R04,1,149.9,0.2
S0007788,PED003884,2023-12-25,C00523,P009,V018,R05,1,499.9,0.1
S0007789,PED003885,2025-01-27,C00508,P010,V002,R04,3,249.9,0.1
S0007790,PED003886,2023-02-23,C00700,P041,V008,R02,2,149.9,0.05
S0007791,PED003886,2023-02-23,C00700,P004,V008,R02,4,499.9,0.1
S0007792,PED003887,2025-01-20,C00469,P050,V002,R04,3,899.9,0.1
S0007793,PED003887,2025-01-20,C00469,P006,V002,R04,1,499.9,0.0
S0007794,PED003887,2025-01-20,C00469,P016,V002,R04,4,149.9,0.0
S0007795,PED003888,2023-09-02,C00457,P040,V006,R01,1,249.9,0.05
S0007796,PED003889,2024-03-07,C00606,P051,V003,R01,3,899.9,0.0
S0007797,PED003889,2024-03-07,C00606,P015,V003,R01,2,499.9,0.2
S0007798,PED003890,2023-06-29,C00593,P008,V013,R01,1,149.9,0.0
S0007799,PED003890,2023-06-29,C00593,P021,V013,R01,1,899.9,0.1
S0007800,PED003890,2023-06-29,C00593,P029,V013,R01,2,249.9,0.05
S0007801,PED003891,2024-09-22,C00600,P049,V003,R05,2,899.9,0.1
S0007802,PED003891,2024-09-22,C00600,P045,V003,R05,2,49.9,0.0
S0007803,PED003891,2024-09-22,C00600,P038,V003,R05,1,499.9,0.0
S0007804,PED003892,2025-03-22,C00157,P002,V003,R01,4,499.9,0.1
S0007805,PED003892,2025-03-22,C00157,P021,V003,R01,4,899.9,0.1
S0007806,PED003892,2025-03-22,C00157,P011,V003,R01,4,149.9,0.0
S0007807,PED003893,2024-01-28,C00592,P031,V022,R05,4,149.9,0.05
S0007808,PED003894,2023-07-20,C00505,P053,V007,R05,3,49.9,0.0
S0007809,PED003895,2023-10-01,C00485,P058,V006,R04,2,49.9,0.05
S0007810,PED003896,2025-07-05,C00560,P013,V023,R04,3,899.9,0.0
S0007811,PED003896,2025-07-05,C00560,P027,V023,R04,2,249.9,0.05
S0007812,PED003897,2023-11-08,C00593,P017,V012,R01,2,499.9,0.0
S0007813,PED003897,2023-11-08,C00593,P020,V012,R01,4,49.9,0.15
S0007814,PED003898,2025-05-16,C00507,P005,V011,R02,3,499.9,0.15
S0007815,PED003898,2025-05-16,C00507,P006,V011,R02,4,499.9,0.0
S0007816,PED003898,2025-05-16,C00507,P036,V011,R02,3,49.9,0.1
S0007817,PED003899,2023-12-30,C00491,P008,V022,R02,3,149.9,0.0
S0007818,PED003900,2023-08-19,C00464,P007,V022,R04,1,899.9,0.0
S0007819,PED003900,2023-08-19,C00464,P034,V022,R04,4,499.9,0.15
S0007820,PED003900,2023-08-19,C00464,P025,V022,R04,3,149.9,0.15
S0007821,PED003901,2025-03-19,C00485,P030,V001,R04,4,499.9,0.2
S0007822,PED003901,2025-03-19,C00485,P011,V001,R04,2,149.9,0.0
S0007823,PED003901,2025-03-19,C00485,P004,V001,R04,1,499.9,0.1
S0007824,PED003902,2024-06-16,C00636,P036,V017,R04,2,49.9,0.1
S0007825,PED003903,2023-02-10,C00599,P002,V018,R04,4,499.9,0.05
S0007826,PED003903,2023-02-10,C00599,P049,V018,R04,4,899.9,0.0
S0007827,PED003904,2025-11-27,C00528,P007,V012,R03,4,899.9,0.1
S0007828,PED003904,2025-11-27,C00528,P025,V012,R03,1,149.9,0.0
S0007829,PED003905,2023-07-01,C00645,P017,V013,R01,3,499.9,0.05
S0007830,PED003905,2023-07-01,C00645,P051,V013,R01,3,899.9,0.05
S0007831,PED003906,2024-01-26,C00503,P049,V018,R04,2,899.9,0.1
S0007832,PED003906,2024-01-26,C00503,P018,V018,R04,1,499.9,0.05
S0007833,PED003906,2024-01-26,C00503,P056,V018,R04,2,149.9,0.05
S0007834,PED003907,2024-03-08,C00696,P048,V003,R01,4,149.9,0.1
S0007835,PED003908,2024-07-10,C00541,P056,V005,R01,1,149.9,0.05
S0007836,PED003908,2024-07-10,C00541,P045,V005,R01,2,49.9,0.0
S0007837,PED003908,2024-07-10,C00541,P035,V005,R01,4,499.9,0.0
S0007838,PED003909,2025-05-28,C00633,P009,V005,R05,1,499.9,0.15
S0007839,PED003909,2025-05-28,C00633,P018,V005,R05,4,499.9,0.0
S0007840,PED003909,2025-05-28,C00633,P029,V005,R05,4,249.9,0.0
S0007841,PED003910,2023-01-08,C00664,P050,V018,R04,1,899.9,0.0
S0007842,PED003911,2025-11-07,C00530,P027,V021,R02,2,249.9,0.0
S0007843,PED003912,2024-12-13,C00584,P005,V003,R05,3,499.9,0.0
S0007844,PED003912,2024-12-13,C00584,P032,V003,R05,3,499.9,0.05
S0007845,PED003913,2025-11-20,C00562,P004,V003,R01,1,499.9,0.0
S0007846,PED003913,2025-11-20,C00562,P005,V003,R01,4,499.9,0.1
S0007847,PED003913,2025-11-20,C00562,P058,V003,R01,1,49.9,0.0
S0007848,PED003914,2025-07-04,C00697,P006,V004,R02,1,499.9,0.1
S0007849,PED003914,2025-07-04,C00697,P004,V004,R02,2,499.9,0.0
S0007850,PED003915,2025-11-03,C00234,P001,V018,R01,1,49.9,0.0
S0007851,PED003915,2025-11-03,C00234,P019,V018,R01,1,149.9,0.05
S0007852,PED003916,2024-11-08,C00472,P021,V003,R01,1,899.9,0.05
S0007853,PED003916,2024-11-08,C00472,P044,V003,R01,1,499.9,0.0
S0007854,PED003917,2024-01-31,C00563,P012,V009,R01,4,89.9,0.05
S0007855,PED003918,2024-05-17,C00515,P041,V022,R04,3,149.9,0.0
S0007856,PED003918,2024-05-17,C00515,P009,V022,R04,4,499.9,0.1
S0007857,PED003919,2024-12-24,C00660,P016,V013,R01,3,149.9,0.1
S0007858,PED003920,2024-04-28,C00699,P025,V012,R03,3,149.9,0.0
S0007859,PED003920,2024-04-28,C00699,P003,V012,R03,2,49.9,0.05
S0007860,PED003920,2024-04-28,C00699,P021,V012,R03,1,899.9,0.0
S0007861,PED003921,2025-03-24,C00583,P021,V001,R01,1,899.9,0.05
S0007862,PED003921,2025-03-24,C00583,P056,V001,R01,1,149.9,0.05
S0007863,PED003922,2023-04-27,C00550,P001,V004,R01,2,49.9,0.0
S0007864,PED003922,2023-04-27,C00550,P016,V004,R01,2,149.9,0.1
S0007865,PED003922,2023-04-27,C00550,P051,V004,R01,4,899.9,0.05
S0007866,PED003923,2025-07-19,C00562,P054,V007,R01,3,249.9,0.15
S0007867,PED003923,2025-07-19,C00562,P015,V007,R01,4,499.9,0.2
S0007868,PED003923,2025-07-19,C00562,P013,V007,R01,3,899.9,0.15
S0007869,PED003924,2023-09-06,C00649,P048,V004,R03,4,149.9,0.0
S0007870,PED003924,2023-09-06,C00649,P038,V004,R03,2,499.9,0.1
S0007871,PED003925,2025-11-15,C00554,P045,V009,R04,4,49.9,0.1
S0007872,PED003925,2025-11-15,C00554,P040,V009,R04,3,249.9,0.0
S0007873,PED003925,2025-11-15,C00554,P014,V009,R04,4,499.9,0.0
S0007874,PED003926,2023-07-10,C00529,P006,V016,R04,2,499.9,0.0
S0007875,PED003926,2023-07-10,C00529,P002,V016,R04,4,499.9,0.0
S0007876,PED003927,2023-06-10,C00520,P049,V012,R02,1,899.9,0.0
S0007877,PED003927,2023-06-10,C00520,P028,V012,R02,3,499.9,0.05
S0007878,PED003928,2025-06-28,C00602,P048,V013,R01,4,149.9,0.0
S0007879,PED003928,2025-06-28,C00602,P020,V013,R01,1,49.9,0.2
S0007880,PED003929,2025-07-06,C00497,P060,V023,R04,2,149.9,0.0
S0007881,PED003929,2025-07-06,C00497,P011,V023,R04,1,149.9,0.1
S0007882,PED003929,2025-07-06,C00497,P044,V023,R04,1,499.9,0.0
S0007883,PED003930,2025-04-02,C00621,P004,V001,R05,1,499.9,0.05
S0007884,PED003931,2025-11-28,C00517,P026,V007,R04,4,49.9,0.0
S0007885,PED003932,2023-11-10,C00515,P003,V019,R04,2,49.9,0.15
S0007886,PED003932,2023-11-10,C00515,P047,V019,R04,4,149.9,0.05
S0007887,PED003933,2025-07-15,C00608,P053,V017,R04,1,49.9,0.0
S0007888,PED003934,2024-01-25,C00547,P041,V011,R05,2,149.9,0.0
S0007889,PED003934,2024-01-25,C00547,P037,V011,R05,3,149.9,0.2
S0007890,PED003934,2024-01-25,C00547,P014,V011,R05,4,499.9,0.0
S0007891,PED003935,2024-09-05,C00484,P013,V016,R03,3,899.9,0.0
S0007892,PED003935,2024-09-05,C00484,P001,V016,R03,3,49.9,0.0
S0007893,PED003935,2024-09-05,C00484,P036,V016,R03,4,49.9,0.05
S0007894,PED003936,2024-05-20,C00649,P005,V006,R03,3,499.9,0.05
S0007895,PED003936,2024-05-20,C00649,P015,V006,R03,1,499.9,0.0
S0007896,PED003936,2024-05-20,C00649,P023,V006,R03,3,899.9,0.0
S0007897,PED003937,2023-01-08,C00461,P009,V005,R03,1,499.9,0.05
S0007898,PED003937,2023-01-08,C00461,P003,V005,R03,2,49.9,0.0
S0007899,PED003938,2024-10-15,C00546,P039,V017,R04,1,249.9,0.0
S0007900,PED003939,2025-04-13,C00500,P011,V011,R01,2,149.9,0.05
S0007901,PED003939,2025-04-13,C00500,P026,V011,R01,4,49.9,0.15
S0007902,PED003940,2023-08-02,C00682,P006,V004,R01,2,499.9,0.0
S0007903,PED003940,2023-08-02,C00682,P004,V004,R01,4,499.9,0.05
S0007904,PED003941,2025-11-06,C00460,P046,V022,R03,2,249.9,0.15
S0007905,PED003941,2025-11-06,C00460,P037,V022,R03,2,149.9,0.1
S0007906,PED003941,2025-11-06,C00460,P051,V022,R03,2,899.9,0.05
S0007907,PED003942,2024-08-28,C00540,P052,V021,R03,3,89.9,0.0
S0007908,PED003942,2024-08-28,C00540,P008,V021,R03,1,149.9,0.1
S0007909,PED003943,2023-08-07,C00625,P017,V002,R05,3,499.9,0.05
S0007910,PED003943,2023-08-07,C00625,P050,V002,R05,1,899.9,0.1
S0007911,PED003943,2023-08-07,C00625,P042,V002,R05,2,499.9,0.0
S0007912,PED003944,2024-12-13,C00475,P028,V011,R01,4,499.9,0.05
S0007913,PED003944,2024-12-13,C00475,P052,V011,R01,3,89.9,0.1
S0007914,PED003944,2024-12-13,C00475,P020,V011,R01,4,49.9,0.15
S0007915,PED003945,2023-08-23,C00484,P011,V019,R03,1,149.9,0.1
S0007916,PED003946,2023-03-23,C00463,P013,V021,R05,4,899.9,0.05
S0007917,PED003947,2025-01-24,C00507,P027,V014,R02,2,249.9,0.2
S0007918,PED003948,2023-05-19,C00666,P023,V011,R05,1,899.9,0.0
S0007919,PED003949,2023-05-14,C00667,P032,V015,R04,4,499.9,0.15
S0007920,PED003950,2025-04-03,C00638,P025,V016,R04,2,149.9,0.0
S0007921,PED003950,2025-04-03,C00638,P024,V016,R04,4,149.9,0.1
S0007922,PED003951,2023-03-13,C00530,P009,V001,R02,1,499.9,0.2
S0007923,PED003952,2025-06-25,C00498,P041,V006,R01,1,149.9,0.0
S0007924,PED003952,2025-06-25,C00498,P018,V006,R01,1,499.9,0.0
S0007925,PED003953,2025-06-10,C00521,P029,V008,R02,2,249.9,0.0
S0007926,PED003953,2025-06-10,C00521,P003,V008,R02,1,49.9,0.15
S0007927,PED003954,2023-06-24,C00626,P027,V008,R02,1,249.9,0.0
S0007928,PED003955,2024-08-14,C00480,P027,V003,R03,1,249.9,0.0
S0007929,PED003955,2024-08-14,C00480,P050,V003,R03,2,899.9,0.0
S0007930,PED003955,2024-08-14,C00480,P049,V003,R03,4,899.9,0.2
S0007931,PED003956,2023-05-03,C00500,P008,V001,R01,3,149.9,0.15
S0007932,PED003957,2024-12-02,C00585,P010,V010,R04,1,249.9,0.0
S0007933,PED003958,2023-03-22,C00550,P054,V002,R01,2,249.9,0.05
S0007934,PED003958,2023-03-22,C00550,P034,V002,R01,3,499.9,0.05
S0007935,PED003959,2025-11-16,C00684,P032,V017,R01,1,499.9,0.0
S0007936,PED003959,2025-11-16,C00684,P025,V017,R01,1,149.9,0.15
S0007937,PED003960,2023-09-10,C00606,P004,V022,R01,2,499.9,0.1
S0007938,PED003961,2025-01-21,C00508,P022,V017,R04,1,499.9,0.15
S0007939,PED003962,2023-06-09,C00460,P006,V003,R03,2,499.9,0.15
S0007940,PED003962,2023-06-09,C00460,P004,V003,R03,3,499.9,0.1
S0007941,PED003962,2023-06-09,C00460,P047,V003,R03,2,149.9,0.0
S0007942,PED003963,2023-09-12,C00480,P052,V002,R03,2,89.9,0.05
S0007943,PED003963,2023-09-12,C00480,P022,V002,R03,2,499.9,0.05
S0007944,PED003963,2023-09-12,C00480,P060,V002,R03,4,149.9,0.05
S0007945,PED003964,2024-05-27,C00513,P020,V022,R05,3,49.9,0.1
S0007946,PED003965,2024-10-13,C00651,P043,V017,R03,2,49.9,0.05
S0007947,PED003965,2024-10-13,C00651,P020,V017,R03,2,49.9,0.2
S0007948,PED003966,2025-12-31,C00546,P012,V022,R04,3,89.9,0.15
S0007949,PED003967,2023-02-03,C00612,P018,V004,R05,1,499.9,0.0
S0007950,PED003967,2023-02-03,C00612,P033,V004,R05,3,89.9,0.1
S0007951,PED003968,2023-01-01,C00557,P004,V014,R03,4,499.9,0.1
S0007952,PED003969,2024-01-23,C00515,P001,V003,R04,1,49.9,0.05
S0007953,PED003970,2024-02-12,C00487,P028,V009,R05,1,499.9,0.1
S0007954,PED003970,2024-02-12,C00487,P032,V009,R05,3,499.9,0.0
S0007955,PED003970,2024-02-12,C00487,P022,V009,R05,1,499.9,0.0
S0007956,PED003971,2025-09-20,C00562,P039,V018,R01,1,249.9,0.05
S0007957,PED003971,2025-09-20,C00562,P042,V018,R01,2,499.9,0.1
S0007958,PED003972,2025-10-20,C00603,P016,V007,R02,4,149.9,0.1
S0007959,PED003972,2025-10-20,C00603,P024,V007,R02,1,149.9,0.0
S0007960,PED003972,2025-10-20,C00603,P043,V007,R02,3,49.9,0.05
S0007961,PED003973,2025-09-16,C00576,P041,V009,R05,3,149.9,0.1
S0007962,PED003973,2025-09-16,C00576,P005,V009,R05,3,499.9,0.1
S0007963,PED003974,2023-06-26,C00558,P022,V004,R03,1,499.9,0.0
S0007964,PED003975,2024-04-10,C00495,P019,V013,R05,1,149.9,0.2
S0007965,PED003976,2025-04-11,C00680,P017,V003,R01,2,499.9,0.0
S0007966,PED003976,2025-04-11,C00680,P024,V003,R01,4,149.9,0.0
S0007967,PED003977,2023-12-14,C00072,P045,V019,R01,3,49.9,0.05
S0007968,PED003977,2023-12-14,C00072,P003,V019,R01,4,49.9,0.05
S0007969,PED003977,2023-12-14,C00072,P012,V019,R01,1,89.9,0.0
S0007970,PED003978,2024-12-28,C00646,P054,V010,R01,4,249.9,0.15
S0007971,PED003978,2024-12-28,C00646,P014,V010,R01,1,499.9,0.05
S0007972,PED003978,2024-12-28,C00646,P001,V010,R01,3,49.9,0.1
S0007973,PED003979,2023-10-11,C00669,P045,V008,R03,2,49.9,0.15
S0007974,PED003979,2023-10-11,C00669,P022,V008,R03,2,499.9,0.15
S0007975,PED003979,2023-10-11,C00669,P036,V008,R03,2,49.9,0.0
S0007976,PED003980,2023-12-23,C00541,P010,V022,R01,2,249.9,0.1
S0007977,PED003980,2023-12-23,C00541,P035,V022,R01,2,499.9,0.2
S0007978,PED003980,2023-12-23,C00541,P051,V022,R01,3,899.9,0.05
S0007979,PED003981,2025-08-25,C00631,P006,V021,R04,1,499.9,0.0
S0007980,PED003982,2023-10-25,C00483,P017,V023,R04,1,499.9,0.05
S0007981,PED003982,2023-10-25,C00483,P002,V023,R04,1,499.9,0.15
S0007982,PED003982,2023-10-25,C00483,P004,V023,R04,1,499.9,0.15
S0007983,PED003983,2025-12-01,C00559,P048,V013,R01,2,149.9,0.0
S0007984,PED003983,2025-12-01,C00559,P022,V013,R01,4,499.9,0.05
S0007985,PED003983,2025-12-01,C00559,P008,V013,R01,2,149.9,0.0
S0007986,PED003984,2023-12-08,C00666,P011,V018,R05,3,149.9,0.0
S0007987,PED003984,2023-12-08,C00666,P018,V018,R05,2,499.9,0.1
S0007988,PED003984,2023-12-08,C00666,P036,V018,R05,1,49.9,0.0
S0007989,PED003985,2023-01-31,C00642,P026,V003,R01,2,49.9,0.0
S0007990,PED003986,2023-10-29,C00681,P001,V018,R02,2,49.9,0.05
S0007991,PED003986,2023-10-29,C00681,P046,V018,R02,3,249.9,0.0
S0007992,PED003987,2023-07-29,C00486,P032,V008,R04,3,499.9,0.1
S0007993,PED003987,2023-07-29,C00486,P051,V008,R04,3,899.9,0.0
S0007994,PED003987,2023-07-29,C00486,P040,V008,R04,1,249.9,0.05
S0007995,PED003988,2024-07-31,C00612,P010,V006,R05,2,249.9,0.0
S0007996,PED003988,2024-07-31,C00612,P012,V006,R05,2,89.9,0.1
S0007997,PED003988,2024-07-31,C00612,P005,V006,R05,3,499.9,0.0
S0007998,PED003989,2023-05-22,C00503,P008,V015,R04,1,149.9,0.1
S0007999,PED003989,2023-05-22,C00503,P022,V015,R04,4,499.9,0.05
S0008000,PED003990,2024-11-27,C00534,P019,V012,R03,1,149.9,0.2
S0008001,PED003990,2024-11-27,C00534,P013,V012,R03,3,899.9,0.05
S0008002,PED003990,2024-11-27,C00534,P021,V012,R03,4,899.9,0.1
S0008003,PED003991,2025-09-10,C00679,P046,V016,R03,2,249.9,0.05
S0008004,PED003992,2024-02-08,C00696,P024,V016,R01,1,149.9,0.0
S0008005,PED003993,2023-07-26,C00651,P052,V001,R03,3,89.9,0.0
S0008006,PED003993,2023-07-26,C00651,P036,V001,R03,3,49.9,0.0
S0008007,PED003994,2024-03-26,C00608,P002,V005,R04,3,499.9,0.0
S0008008,PED003995,2025-05-29,C00636,P008,V003,R04,1,149.9,0.2
S0008009,PED003996,2024-11-01,C00630,P010,V018,R01,1,249.9,0.1
S0008010,PED003996,2024-11-01,C00630,P007,V018,R01,4,899.9,0.1
S0008011,PED003996,2024-11-01,C00630,P027,V018,R01,2,249.9,0.2
S0008012,PED003997,2023-05-08,C00553,P002,V018,R05,3,499.9,0.0
S0008013,PED003997,2023-05-08,C00553,P016,V018,R05,3,149.9,0.0
S0008014,PED003998,2024-09-05,C00247,P046,V013,R04,3,249.9,0.15
S0008015,PED003998,2024-09-05,C00247,P011,V013,R04,2,149.9,0.15
S0008016,PED003999,2024-06-15,C00554,P023,V005,R04,1,899.9,0.0
S0008017,PED004000,2023-12-26,C00695,P023,V019,R03,1,899.9,0.1
S0008018,PED004000,2023-12-26,C00695,P018,V019,R03,1,499.9,0.0
S0008019,PED004000,2023-12-26,C00695,P032,V019,R03,3,499.9,0.05
S0008020,PED004001,2023-05-18,C00623,P004,V003,R05,3,499.9,0.2
S0008021,PED004001,2023-05-18,C00623,P028,V003,R05,3,499.9,0.0
S0008022,PED004001,2023-05-18,C00623,P005,V003,R05,2,499.9,0.15
S0008023,PED004002,2025-12-15,C00526,P002,V022,R05,2,499.9,0.1
S0008024,PED004002,2025-12-15,C00526,P042,V022,R05,1,499.9,0.0
S0008025,PED004003,2023-08-04,C00357,P008,V005,R03,2,149.9,0.05
S0008026,PED004004,2023-08-24,C00599,P025,V008,R04,4,149.9,0.2
S0008027,PED004004,2023-08-24,C00599,P034,V008,R04,1,499.9,0.0
S0008028,PED004004,2023-08-24,C00599,P007,V008,R04,2,899.9,0.05
S0008029,PED004005,2023-06-28,C00553,P014,V006,R05,2,499.9,0.1
S0008030,PED004005,2023-06-28,C00553,P020,V006,R05,3,49.9,0.0
S0008031,PED004005,2023-06-28,C00553,P012,V006,R05,1,89.9,0.0
S0008032,PED004006,2024-10-10,C00634,P001,V008,R05,1,49.9,0.0
S0008033,PED004007,2024-05-18,C00597,P003,V024,R04,1,49.9,0.0
S0008034,PED004007,2024-05-18,C00597,P027,V024,R04,2,249.9,0.1
S0008035,PED004007,2024-05-18,C00597,P022,V024,R04,4,499.9,0.05
S0008036,PED004008,2023-10-24,C00503,P004,V011,R04,4,499.9,0.0
S0008037,PED004008,2023-10-24,C00503,P053,V011,R04,4,49.9,0.0
S0008038,PED004009,2024-05-01,C00593,P044,V014,R01,2,499.9,0.1
S0008039,PED004009,2024-05-01,C00593,P029,V014,R01,1,249.9,0.15
S0008040,PED004010,2025-01-09,C00629,P024,V003,R02,2,149.9,0.0
S0008041,PED004010,2025-01-09,C00629,P037,V003,R02,4,149.9,0.1
S0008042,PED004010,2025-01-09,C00629,P005,V003,R02,3,499.9,0.0
S0008043,PED004011,2023-11-19,C00693,P002,V012,R05,4,499.9,0.1
S0008044,PED004011,2023-11-19,C00693,P015,V012,R05,3,499.9,0.1
S0008045,PED004011,2023-11-19,C00693,P013,V012,R05,3,899.9,0.05
S0008046,PED004012,2025-10-22,C00650,P017,V005,R04,2,499.9,0.2
S0008047,PED004012,2025-10-22,C00650,P032,V005,R04,4,499.9,0.05
S0008048,PED004013,2023-12-08,C00543,P026,V004,R04,2,49.9,0.2
S0008049,PED004013,2023-12-08,C00543,P036,V004,R04,4,49.9,0.2
S0008050,PED004014,2023-08-30,C00572,P036,V011,R03,4,49.9,0.2
S0008051,PED004014,2023-08-30,C00572,P024,V011,R03,3,149.9,0.05
S0008052,PED004014,2023-08-30,C00572,P002,V011,R03,4,499.9,0.0
S0008053,PED004015,2025-11-23,C00487,P041,V002,R05,1,149.9,0.0
S0008054,PED004015,2025-11-23,C00487,P018,V002,R05,1,499.9,0.1
S0008055,PED004015,2025-11-23,C00487,P026,V002,R05,3,49.9,0.15
S0008056,PED004016,2025-06-26,C00626,P003,V010,R02,2,49.9,0.15
S0008057,PED004016,2025-06-26,C00626,P045,V010,R02,3,49.9,0.0
S0008058,PED004017,2024-01-13,C00465,P038,V014,R05,3,499.9,0.2
S0008059,PED004017,2024-01-13,C00465,P035,V014,R05,1,499.9,0.05
S0008060,PED004018,2025-08-02,C00698,P001,V013,R05,1,49.9,0.15
S0008061,PED004018,2025-08-02,C00698,P005,V013,R05,2,499.9,0.2
S0008062,PED004018,2025-08-02,C00698,P017,V013,R05,3,499.9,0.1
S0008063,PED004019,2024-08-14,C00531,P030,V002,R01,3,499.9,0.15
S0008064,PED004020,2024-01-18,C00572,P036,V011,R03,1,49.9,0.1
S0008065,PED004021,2025-07-31,C00541,P018,V011,R01,1,499.9,0.1
S0008066,PED004022,2025-04-19,C00658,P011,V006,R04,3,149.9,0.0
S0008067,PED004022,2025-04-19,C00658,P014,V006,R04,3,499.9,0.1
S0008068,PED004022,2025-04-19,C00658,P015,V006,R04,2,499.9,0.0
S0008069,PED004023,2023-12-01,C00637,P023,V006,R05,3,899.9,0.05
S0008070,PED004024,2024-11-12,C00558,P025,V018,R03,2,149.9,0.0
S0008071,PED004024,2024-11-12,C00558,P002,V018,R03,3,499.9,0.0
S0008072,PED004024,2024-11-12,C00558,P015,V018,R03,4,499.9,0.1
S0008073,PED004025,2024-02-17,C00655,P011,V017,R03,2,149.9,0.15
S0008074,PED004025,2024-02-17,C00655,P007,V017,R03,1,899.9,0.05
S0008075,PED004025,2024-02-17,C00655,P012,V017,R03,1,89.9,0.0
S0008076,PED004026,2023-01-02,C00695,P015,V015,R03,2,499.9,0.05
S0008077,PED004026,2023-01-02,C00695,P003,V015,R03,4,49.9,0.1
S0008078,PED004026,2023-01-02,C00695,P050,V015,R03,1,899.9,0.1
S0008079,PED004027,2025-11-29,C00671,P010,V009,R01,4,249.9,0.1
S0008080,PED004027,2025-11-29,C00671,P044,V009,R01,3,499.9,0.05
S0008081,PED004028,2024-09-19,C00682,P006,V002,R01,4,499.9,0.0
S0008082,PED004028,2024-09-19,C00682,P019,V002,R01,4,149.9,0.05
S0008083,PED004029,2024-11-06,C00569,P016,V002,R05,2,149.9,0.2
S0008084,PED004030,2024-11-07,C00465,P003,V004,R05,1,49.9,0.05
S0008085,PED004030,2024-11-07,C00465,P024,V004,R05,4,149.9,0.0
S0008086,PED004031,2024-09-20,C00428,P001,V006,R03,3,49.9,0.1
S0008087,PED004032,2023-11-25,C00569,P026,V006,R05,3,49.9,0.1
S0008088,PED004032,2023-11-25,C00569,P014,V006,R05,3,499.9,0.0
S0008089,PED004032,2023-11-25,C00569,P002,V006,R05,4,499.9,0.0
S0008090,PED004033,2025-12-07,C00527,P021,V007,R03,1,899.9,0.0
S0008091,PED004034,2024-11-23,C00651,P056,V015,R03,3,149.9,0.05
S0008092,PED004034,2024-11-23,C00651,P008,V015,R03,2,149.9,0.15
S0008093,PED004034,2024-11-23,C00651,P023,V015,R03,1,899.9,0.05
S0008094,PED004035,2025-01-06,C00529,P023,V017,R04,4,899.9,0.0
S0008095,PED004035,2025-01-06,C00529,P039,V017,R04,3,249.9,0.0
S0008096,PED004035,2025-01-06,C00529,P048,V017,R04,4,149.9,0.0
S0008097,PED004036,2024-05-31,C00468,P029,V011,R02,4,249.9,0.1
S0008098,PED004036,2024-05-31,C00468,P042,V011,R02,1,499.9,0.1
S0008099,PED004036,2024-05-31,C00468,P041,V011,R02,4,149.9,0.05
S0008100,PED004037,2023-11-23,C00612,P015,V014,R05,1,499.9,0.0
S0008101,PED004038,2023-03-24,C00495,P010,V017,R05,1,249.9,0.0
S0008102,PED004038,2023-03-24,C00495,P019,V017,R05,3,149.9,0.05
S0008103,PED004039,2024-01-22,C00622,P015,V003,R04,1,499.9,0.05
S0008104,PED004039,2024-01-22,C00622,P022,V003,R04,4,499.9,0.0
S0008105,PED004040,2023-08-04,C00620,P011,V001,R01,4,149.9,0.0
S0008106,PED004041,2024-12-27,C00592,P052,V010,R05,3,89.9,0.1
S0008107,PED004042,2025-09-15,C00456,P014,V001,R05,1,499.9,0.0
S0008108,PED004043,2023-12-05,C00585,P006,V014,R04,1,499.9,0.1
S0008109,PED004043,2023-12-05,C00585,P041,V014,R04,3,149.9,0.0
S0008110,PED004044,2023-12-31,C00667,P020,V006,R04,3,49.9,0.0
S0008111,PED004044,2023-12-31,C00667,P030,V006,R04,2,499.9,0.05
S0008112,PED004045,2025-01-05,C00590,P048,V006,R01,1,149.9,0.1
S0008113,PED004045,2025-01-05,C00590,P036,V006,R01,1,49.9,0.05
S0008114,PED004045,2025-01-05,C00590,P003,V006,R01,3,49.9,0.1
S0008115,PED004046,2023-07-03,C00649,P002,V004,R03,3,499.9,0.1
S0008116,PED004046,2023-07-03,C00649,P024,V004,R03,4,149.9,0.15
S0008117,PED004046,2023-07-03,C00649,P022,V004,R03,3,499.9,0.1
S0008118,PED004047,2025-11-04,C00569,P027,V012,R05,1,249.9,0.15
S0008119,PED004047,2025-11-04,C00569,P023,V012,R05,1,899.9,0.05
S0008120,PED004047,2025-11-04,C00569,P044,V012,R05,2,499.9,0.0
S0008121,PED004048,2024-02-09,C00548,P027,V006,R05,2,249.9,0.0
S0008122,PED004048,2024-02-09,C00548,P006,V006,R05,1,499.9,0.0
S0008123,PED004049,2023-05-08,C00616,P018,V022,R01,3,499.9,0.0
S0008124,PED004049,2023-05-08,C00616,P058,V022,R01,3,49.9,0.15
S0008125,PED004050,2023-08-02,C00543,P024,V015,R04,2,149.9,0.0
S0008126,PED004050,2023-08-02,C00543,P043,V015,R04,2,49.9,0.0
S0008127,PED004050,2023-08-02,C00543,P014,V015,R04,1,499.9,0.15
S0008128,PED004051,2025-11-07,C00003,P019,V001,R03,1,149.9,0.0
S0008129,PED004052,2023-10-21,C00647,P043,V019,R04,4,49.9,0.1
S0008130,PED004052,2023-10-21,C00647,P032,V019,R04,3,499.9,0.0
S0008131,PED004053,2024-12-27,C00654,P010,V009,R05,1,249.9,0.05
S0008132,PED004053,2024-12-27,C00654,P053,V009,R05,2,49.9,0.1
S0008133,PED004053,2024-12-27,C00654,P038,V009,R05,1,499.9,0.15
S0008134,PED004054,2023-07-11,C00602,P031,V022,R01,3,149.9,0.0
S0008135,PED004055,2023-08-25,C00583,P026,V002,R01,2,49.9,0.15
S0008136,PED004055,2023-08-25,C00583,P051,V002,R01,4,899.9,0.0
S0008137,PED004056,2025-09-15,C00607,P024,V006,R05,3,149.9,0.1
S0008138,PED004057,2023-07-01,C00531,P024,V021,R01,4,149.9,0.0
S0008139,PED004057,2023-07-01,C00531,P031,V021,R01,3,149.9,0.0
S0008140,PED004057,2023-07-01,C00531,P055,V021,R01,4,149.9,0.0
S0008141,PED004058,2023-01-24,C00511,P037,V010,R04,2,149.9,0.0
S0008142,PED004059,2024-07-25,C00088,P044,V007,R04,4,499.9,0.0
S0008143,PED004060,2025-08-27,C00600,P024,V013,R05,2,149.9,0.1
S0008144,PED004061,2023-12-25,C00499,P025,V009,R04,2,149.9,0.0
S0008145,PED004062,2023-06-08,C00488,P021,V004,R04,2,899.9,0.05
S0008146,PED004062,2023-06-08,C00488,P007,V004,R04,2,899.9,0.1
S0008147,PED004062,2023-06-08,C00488,P005,V004,R04,1,499.9,0.15
S0008148,PED004063,2025-12-16,C00625,P021,V009,R05,4,899.9,0.0
S0008149,PED004063,2025-12-16,C00625,P013,V009,R05,1,899.9,0.0
S0008150,PED004064,2025-01-13,C00473,P002,V015,R03,2,499.9,0.15
S0008151,PED004064,2025-01-13,C00473,P037,V015,R03,3,149.9,0.0
S0008152,PED004064,2025-01-13,C00473,P011,V015,R03,4,149.9,0.0
S0008153,PED004065,2025-08-13,C00509,P052,V024,R04,4,89.9,0.0
S0008154,PED004066,2025-04-19,C00485,P016,V013,R04,2,149.9,0.1
S0008155,PED004066,2025-04-19,C00485,P004,V013,R04,1,499.9,0.1
S0008156,PED004067,2025-02-10,C00612,P060,V003,R05,4,149.9,0.1
S0008157,PED004067,2025-02-10,C00612,P015,V003,R05,4,499.9,0.0
S0008158,PED004068,2024-03-08,C00650,P008,V017,R04,3,149.9,0.2
S0008159,PED004068,2024-03-08,C00650,P055,V017,R04,2,149.9,0.0
S0008160,PED004069,2023-12-24,C00687,P009,V007,R03,2,499.9,0.0
S0008161,PED004069,2023-12-24,C00687,P028,V007,R03,2,499.9,0.1
S0008162,PED004070,2025-03-07,C00627,P018,V023,R02,1,499.9,0.0
S0008163,PED004070,2025-03-07,C00627,P024,V023,R02,3,149.9,0.0
S0008164,PED004071,2025-03-06,C00487,P040,V001,R05,3,249.9,0.0
S0008165,PED004071,2025-03-06,C00487,P015,V001,R05,3,499.9,0.1
S0008166,PED004072,2025-11-20,C00646,P009,V014,R01,4,499.9,0.0
S0008167,PED004072,2025-11-20,C00646,P025,V014,R01,1,149.9,0.0
S0008168,PED004072,2025-11-20,C00646,P049,V014,R01,1,899.9,0.2
S0008169,PED004073,2024-10-09,C00560,P060,V003,R04,1,149.9,0.0
S0008170,PED004073,2024-10-09,C00560,P017,V003,R04,1,499.9,0.0
S0008171,PED004074,2023-11-28,C00025,P002,V009,R01,2,499.9,0.0
S0008172,PED004074,2023-11-28,C00025,P026,V009,R01,3,49.9,0.05
S0008173,PED004075,2024-07-10,C00681,P055,V022,R02,2,149.9,0.2
S0008174,PED004076,2024-11-17,C00538,P043,V005,R04,3,49.9,0.0
S0008175,PED004076,2024-11-17,C00538,P035,V005,R04,1,499.9,0.0
S0008176,PED004076,2024-11-17,C00538,P038,V005,R04,4,499.9,0.05
S0008177,PED004077,2024-04-28,C00484,P025,V020,R03,2,149.9,0.05
S0008178,PED004077,2024-04-28,C00484,P033,V020,R03,2,89.9,0.0
S0008179,PED004077,2024-04-28,C00484,P052,V020,R03,3,89.9,0.0
S0008180,PED004078,2025-06-04,C00499,P025,V001,R04,2,149.9,0.0
S0008181,PED004079,2024-10-25,C00654,P048,V004,R05,2,149.9,0.1
S0008182,PED004079,2024-10-25,C00654,P004,V004,R05,1,499.9,0.1
S0008183,PED004079,2024-10-25,C00654,P022,V004,R05,4,499.9,0.0
S0008184,PED004080,2023-01-13,C00466,P039,V003,R05,1,249.9,0.0
S0008185,PED004080,2023-01-13,C00466,P013,V003,R05,3,899.9,0.0
S0008186,PED004080,2023-01-13,C00466,P015,V003,R05,2,499.9,0.0
S0008187,PED004081,2024-10-10,C00627,P005,V001,R02,2,499.9,0.05
S0008188,PED004082,2024-12-03,C00550,P006,V014,R01,3,499.9,0.0
S0008189,PED004082,2024-12-03,C00550,P029,V014,R01,4,249.9,0.2
S0008190,PED004082,2024-12-03,C00550,P018,V014,R01,1,499.9,0.0
S0008191,PED004083,2025-10-22,C00590,P032,V009,R01,1,499.9,0.0
S0008192,PED004083,2025-10-22,C00590,P012,V009,R01,2,89.9,0.1
S0008193,PED004083,2025-10-22,C00590,P037,V009,R01,2,149.9,0.0
S0008194,PED004084,2024-04-12,C00492,P056,V001,R03,4,149.9,0.0
S0008195,PED004084,2024-04-12,C00492,P016,V001,R03,1,149.9,0.1
S0008196,PED004084,2024-04-12,C00492,P029,V001,R03,3,249.9,0.05
S0008197,PED004085,2024-10-15,C00560,P025,V006,R04,1,149.9,0.1
S0008198,PED004086,2024-06-23,C00479,P015,V012,R01,1,499.9,0.15
S0008199,PED004086,2024-06-23,C00479,P037,V012,R01,2,149.9,0.1
S0008200,PED004086,2024-06-23,C00479,P006,V012,R01,2,499.9,0.0
S0008201,PED004087,2024-08-30,C00627,P026,V007,R02,4,49.9,0.0
S0008202,PED004087,2024-08-30,C00627,P004,V007,R02,4,499.9,0.0
S0008203,PED004087,2024-08-30,C00627,P055,V007,R02,3,149.9,0.15
S0008204,PED004088,2023-03-28,C00664,P006,V023,R04,2,499.9,0.05
S0008205,PED004089,2025-10-04,C00681,P029,V003,R02,2,249.9,0.1
S0008206,PED004089,2025-10-04,C00681,P006,V003,R02,3,499.9,0.0
S0008207,PED004089,2025-10-04,C00681,P054,V003,R02,2,249.9,0.1
S0008208,PED004090,2025-10-18,C00496,P003,V010,R01,4,49.9,0.0
S0008209,PED004091,2024-09-17,C00686,P015,V011,R05,1,499.9,0.0
S0008210,PED004091,2024-09-17,C00686,P024,V011,R05,3,149.9,0.0
S0008211,PED004091,2024-09-17,C00686,P011,V011,R05,2,149.9,0.0
S0008212,PED004092,2024-09-26,C00589,P007,V002,R01,4,899.9,0.1
S0008213,PED004092,2024-09-26,C00589,P001,V002,R01,2,49.9,0.15
S0008214,PED004092,2024-09-26,C00589,P055,V002,R01,2,149.9,0.15
S0008215,PED004093,2023-03-16,C00009,P027,V016,R04,3,249.9,0.2
S0008216,PED004094,2024-11-06,C00639,P005,V010,R05,4,499.9,0.0
S0008217,PED004094,2024-11-06,C00639,P034,V010,R05,2,499.9,0.1
S0008218,PED004094,2024-11-06,C00639,P059,V010,R05,2,499.9,0.1
S0008219,PED004095,2024-05-01,C00643,P004,V016,R03,4,499.9,0.0
S0008220,PED004095,2024-05-01,C00643,P032,V016,R03,4,499.9,0.1
S0008221,PED004095,2024-05-01,C00643,P030,V016,R03,1,499.9,0.1
S0008222,PED004096,2025-02-25,C00643,P033,V013,R03,2,89.9,0.0
S0008223,PED004096,2025-02-25,C00643,P014,V013,R03,3,499.9,0.05
S0008224,PED004097,2023-03-03,C00571,P018,V018,R02,1,499.9,0.05
S0008225,PED004097,2023-03-03,C00571,P038,V018,R02,4,499.9,0.05
S0008226,PED004098,2025-02-27,C00189,P035,V021,R05,2,499.9,0.05
S0008227,PED004099,2023-11-23,C00653,P007,V008,R01,4,899.9,0.15
S0008228,PED004099,2023-11-23,C00653,P002,V008,R01,3,499.9,0.1
S0008229,PED004099,2023-11-23,C00653,P009,V008,R01,2,499.9,0.0
S0008230,PED004100,2024-12-18,C00584,P010,V010,R05,3,249.9,0.0
S0008231,PED004100,2024-12-18,C00584,P017,V010,R05,3,499.9,0.05
S0008232,PED004100,2024-12-18,C00584,P011,V010,R05,2,149.9,0.0
S0008233,PED004101,2024-11-27,C00566,P052,V007,R05,2,89.9,0.15
S0008234,PED004101,2024-11-27,C00566,P029,V007,R05,2,249.9,0.1
S0008235,PED004102,2023-10-01,C00561,P026,V002,R03,1,49.9,0.15
S0008236,PED004102,2023-10-01,C00561,P015,V002,R03,3,499.9,0.1
S0008237,PED004103,2024-05-14,C00647,P037,V002,R04,3,149.9,0.0
S0008238,PED004103,2024-05-14,C00647,P002,V002,R04,3,499.9,0.0
S0008239,PED004104,2025-07-26,C00646,P048,V002,R01,2,149.9,0.15
S0008240,PED004104,2025-07-26,C00646,P055,V002,R01,4,149.9,0.05
S0008241,PED004104,2025-07-26,C00646,P016,V002,R01,3,149.9,0.15
S0008242,PED004105,2024-11-11,C00694,P015,V016,R03,3,499.9,0.0
S0008243,PED004105,2024-11-11,C00694,P008,V016,R03,1,149.9,0.05
S0008244,PED004105,2024-11-11,C00694,P019,V016,R03,1,149.9,0.0
S0008245,PED004106,2023-03-29,C00540,P005,V020,R03,3,499.9,0.05
S0008246,PED004107,2024-05-17,C00525,P011,V024,R01,4,149.9,0.05
S0008247,PED004107,2024-05-17,C00525,P010,V024,R01,3,249.9,0.1
S0008248,PED004108,2023-12-13,C00648,P001,V004,R03,2,49.9,0.0
S0008249,PED004108,2023-12-13,C00648,P035,V004,R03,3,499.9,0.0
S0008250,PED004108,2023-12-13,C00648,P014,V004,R03,3,499.9,0.0
S0008251,PED004109,2024-12-10,C00592,P028,V005,R05,4,499.9,0.05
S0008252,PED004109,2024-12-10,C00592,P021,V005,R05,1,899.9,0.0
S0008253,PED004110,2024-11-18,C00648,P046,V003,R03,4,249.9,0.1
S0008254,PED004110,2024-11-18,C00648,P024,V003,R03,3,149.9,0.05
S0008255,PED004110,2024-11-18,C00648,P060,V003,R03,1,149.9,0.15
S0008256,PED004111,2023-01-14,C00647,P001,V011,R04,4,49.9,0.0
S0008257,PED004112,2024-11-13,C00560,P002,V006,R04,1,499.9,0.15
S0008258,PED004113,2025-03-28,C00512,P014,V012,R05,2,499.9,0.1
S0008259,PED004114,2025-05-09,C00104,P001,V016,R02,3,49.9,0.0
S0008260,PED004115,2023-03-17,C00580,P013,V005,R01,4,899.9,0.05
S0008261,PED004115,2023-03-17,C00580,P056,V005,R01,3,149.9,0.0
S0008262,PED004115,2023-03-17,C00580,P044,V005,R01,2,499.9,0.0
S0008263,PED004116,2023-12-06,C00471,P033,V020,R01,3,89.9,0.0
S0008264,PED004116,2023-12-06,C00471,P018,V020,R01,4,499.9,0.0
S0008265,PED004117,2024-04-21,C00675,P001,V007,R02,4,49.9,0.2
S0008266,PED004117,2024-04-21,C00675,P004,V007,R02,2,499.9,0.1
S0008267,PED004117,2024-04-21,C00675,P015,V007,R02,2,499.9,0.15
S0008268,PED004118,2023-08-08,C00583,P006,V014,R01,1,499.9,0.1
S0008269,PED004118,2023-08-08,C00583,P011,V014,R01,2,149.9,0.0
S0008270,PED004119,2024-04-21,C00091,P006,V008,R05,1,499.9,0.0
S0008271,PED004119,2024-04-21,C00091,P021,V008,R05,4,899.9,0.0
S0008272,PED004119,2024-04-21,C00091,P016,V008,R05,3,149.9,0.15
S0008273,PED004120,2023-04-01,C00503,P042,V007,R04,2,499.9,0.05
S0008274,PED004120,2023-04-01,C00503,P018,V007,R04,3,499.9,0.15
S0008275,PED004121,2023-05-22,C00497,P039,V012,R04,2,249.9,0.0
S0008276,PED004121,2023-05-22,C00497,P002,V012,R04,3,499.9,0.1
S0008277,PED004121,2023-05-22,C00497,P012,V012,R04,3,89.9,0.05
S0008278,PED004122,2025-01-03,C00503,P057,V009,R04,1,149.9,0.1
S0008279,PED004122,2025-01-03,C00503,P013,V009,R04,4,899.9,0.0
S0008280,PED004122,2025-01-03,C00503,P006,V009,R04,4,499.9,0.05
S0008281,PED004123,2023-11-04,C00464,P059,V017,R04,1,499.9,0.0
S0008282,PED004124,2025-02-28,C00593,P002,V010,R01,1,499.9,0.0
S0008283,PED004124,2025-02-28,C00593,P005,V010,R01,3,499.9,0.05
S0008284,PED004125,2023-03-04,C00655,P020,V007,R03,1,49.9,0.0
S0008285,PED004125,2023-03-04,C00655,P011,V007,R03,3,149.9,0.1
S0008286,PED004125,2023-03-04,C00655,P029,V007,R03,3,249.9,0.1
S0008287,PED004126,2024-10-03,C00491,P009,V013,R02,2,499.9,0.15
S0008288,PED004126,2024-10-03,C00491,P007,V013,R02,2,899.9,0.1
S0008289,PED004127,2024-03-16,C00498,P051,V023,R01,3,899.9,0.05
S0008290,PED004127,2024-03-16,C00498,P015,V023,R01,3,499.9,0.15
S0008291,PED004128,2025-06-11,C00574,P037,V024,R02,2,149.9,0.0
S0008292,PED004128,2025-06-11,C00574,P040,V024,R02,4,249.9,0.05
S0008293,PED004129,2025-05-27,C00629,P025,V016,R02,3,149.9,0.0
S0008294,PED004129,2025-05-27,C00629,P017,V016,R02,4,499.9,0.1
S0008295,PED004130,2024-02-25,C00648,P004,V013,R03,4,499.9,0.0
S0008296,PED004130,2024-02-25,C00648,P005,V013,R03,1,499.9,0.0
S0008297,PED004130,2024-02-25,C00648,P019,V013,R03,2,149.9,0.0
S0008298,PED004131,2024-11-24,C00464,P028,V016,R04,4,499.9,0.2
S0008299,PED004132,2023-10-02,C00545,P047,V010,R01,3,149.9,0.0
S0008300,PED004132,2023-10-02,C00545,P008,V010,R01,2,149.9,0.2
S0008301,PED004133,2024-10-21,C00548,P044,V021,R05,2,499.9,0.0
S0008302,PED004133,2024-10-21,C00548,P010,V021,R05,2,249.9,0.0
S0008303,PED004133,2024-10-21,C00548,P028,V021,R05,3,499.9,0.05
S0008304,PED004134,2023-04-14,C00412,P007,V009,R05,3,899.9,0.05
S0008305,PED004135,2024-05-07,C00468,P023,V006,R02,1,899.9,0.0
S0008306,PED004135,2024-05-07,C00468,P006,V006,R02,3,499.9,0.05
S0008307,PED004135,2024-05-07,C00468,P019,V006,R02,3,149.9,0.0
S0008308,PED004136,2023-08-12,C00532,P044,V006,R04,3,499.9,0.0
S0008309,PED004136,2023-08-12,C00532,P003,V006,R04,3,49.9,0.0
S0008310,PED004137,2025-09-19,C00554,P010,V005,R04,3,249.9,0.0
S0008311,PED004137,2025-09-19,C00554,P057,V005,R04,1,149.9,0.0
S0008312,PED004137,2025-09-19,C00554,P023,V005,R04,2,899.9,0.2
S0008313,PED004138,2024-05-20,C00533,P033,V009,R01,3,89.9,0.0
S0008314,PED004139,2024-10-31,C00633,P011,V003,R05,3,149.9,0.0
S0008315,PED004139,2024-10-31,C00633,P035,V003,R05,2,499.9,0.0
S0008316,PED004139,2024-10-31,C00633,P017,V003,R05,1,499.9,0.0
S0008317,PED004140,2024-02-05,C00591,P054,V018,R04,4,249.9,0.0
S0008318,PED004140,2024-02-05,C00591,P052,V018,R04,2,89.9,0.05
S0008319,PED004141,2023-11-24,C00629,P032,V002,R02,4,499.9,0.0
S0008320,PED004141,2023-11-24,C00629,P012,V002,R02,1,89.9,0.0
S0008321,PED004141,2023-11-24,C00629,P038,V002,R02,4,499.9,0.15
S0008322,PED004142,2023-09-04,C00486,P025,V024,R04,2,149.9,0.05
S0008323,PED004142,2023-09-04,C00486,P010,V024,R04,4,249.9,0.15
S0008324,PED004142,2023-09-04,C00486,P041,V024,R04,4,149.9,0.0
S0008325,PED004143,2025-10-19,C00498,P014,V003,R01,3,499.9,0.0
S0008326,PED004144,2025-06-13,C00565,P024,V011,R04,3,149.9,0.0
S0008327,PED004144,2025-06-13,C00565,P013,V011,R04,3,899.9,0.05
S0008328,PED004144,2025-06-13,C00565,P007,V011,R04,3,899.9,0.05
S0008329,PED004145,2023-06-14,C00640,P003,V024,R05,4,49.9,0.0
S0008330,PED004145,2023-06-14,C00640,P041,V024,R05,2,149.9,0.0
S0008331,PED004146,2025-04-12,C00457,P053,V003,R01,4,49.9,0.0
S0008332,PED004146,2025-04-12,C00457,P026,V003,R01,4,49.9,0.0
S0008333,PED004146,2025-04-12,C00457,P015,V003,R01,3,499.9,0.1
S0008334,PED004147,2024-04-18,C00456,P021,V014,R05,2,899.9,0.0
S0008335,PED004147,2024-04-18,C00456,P023,V014,R05,3,899.9,0.0
S0008336,PED004148,2023-01-20,C00661,P042,V003,R01,3,499.9,0.0
S0008337,PED004148,2023-01-20,C00661,P017,V003,R01,4,499.9,0.0
S0008338,PED004149,2024-08-26,C00618,P021,V012,R01,3,899.9,0.15
S0008339,PED004149,2024-08-26,C00618,P020,V012,R01,1,49.9,0.0
S0008340,PED004150,2023-06-11,C00467,P039,V003,R01,2,249.9,0.05
S0008341,PED004150,2023-06-11,C00467,P038,V003,R01,3,499.9,0.05
S0008342,PED004151,2023-09-12,C00080,P012,V001,R03,1,89.9,0.1
S0008343,PED004151,2023-09-12,C00080,P017,V001,R03,3,499.9,0.2
S0008344,PED004152,2025-02-07,C00514,P056,V010,R04,3,149.9,0.0
S0008345,PED004153,2023-10-31,C00320,P026,V009,R03,3,49.9,0.05
S0008346,PED004153,2023-10-31,C00320,P049,V009,R03,3,899.9,0.0
S0008347,PED004154,2025-09-29,C00464,P009,V018,R04,4,499.9,0.0
S0008348,PED004154,2025-09-29,C00464,P002,V018,R04,3,499.9,0.0
S0008349,PED004154,2025-09-29,C00464,P005,V018,R04,2,499.9,0.05
S0008350,PED004155,2024-12-23,C00476,P024,V008,R01,1,149.9,0.05
S0008351,PED004155,2024-12-23,C00476,P046,V008,R01,3,249.9,0.1
S0008352,PED004156,2025-07-22,C00208,P006,V020,R01,2,499.9,0.0
S0008353,PED004157,2024-11-18,C00514,P002,V014,R04,4,499.9,0.0
S0008354,PED004157,2024-11-18,C00514,P022,V014,R04,3,499.9,0.15
S0008355,PED004158,2025-09-03,C00666,P057,V018,R05,1,149.9,0.15
S0008356,PED004158,2025-09-03,C00666,P022,V018,R05,3,499.9,0.1
S0008357,PED004159,2024-02-06,C00456,P006,V023,R05,1,499.9,0.0
S0008358,PED004160,2024-09-18,C00590,P042,V019,R01,1,499.9,0.05
S0008359,PED004161,2024-08-11,C00529,P019,V015,R04,3,149.9,0.05
S0008360,PED004161,2024-08-11,C00529,P006,V015,R04,3,499.9,0.0
S0008361,PED004162,2025-10-11,C00620,P047,V005,R01,2,149.9,0.1
S0008362,PED004162,2025-10-11,C00620,P003,V005,R01,4,49.9,0.0
S0008363,PED004162,2025-10-11,C00620,P001,V005,R01,3,49.9,0.1
S0008364,PED004163,2023-07-22,C00509,P020,V003,R04,2,49.9,0.0
S0008365,PED004163,2023-07-22,C00509,P046,V003,R04,3,249.9,0.0
S0008366,PED004163,2023-07-22,C00509,P032,V003,R04,4,499.9,0.0
S0008367,PED004164,2024-10-18,C00504,P009,V018,R03,2,499.9,0.1
S0008368,PED004164,2024-10-18,C00504,P005,V018,R03,1,499.9,0.05
S0008369,PED004165,2025-04-21,C00684,P027,V008,R01,3,249.9,0.0
S0008370,PED004165,2025-04-21,C00684,P047,V008,R01,1,149.9,0.15
S0008371,PED004166,2024-02-18,C00573,P027,V010,R01,3,249.9,0.15
S0008372,PED004167,2025-09-02,C00631,P020,V022,R04,2,49.9,0.0
S0008373,PED004168,2024-02-22,C00633,P022,V006,R05,1,499.9,0.05
S0008374,PED004169,2023-08-01,C00621,P009,V005,R05,3,499.9,0.15
S0008375,PED004169,2023-08-01,C00621,P057,V005,R05,2,149.9,0.05
S0008376,PED004170,2024-10-24,C00515,P059,V002,R04,3,499.9,0.1
S0008377,PED004171,2024-04-20,C00626,P020,V006,R02,1,49.9,0.15
S0008378,PED004171,2024-04-20,C00626,P004,V006,R02,4,499.9,0.1
S0008379,PED004171,2024-04-20,C00626,P013,V006,R02,3,899.9,0.05
S0008380,PED004172,2023-01-20,C00459,P038,V004,R03,1,499.9,0.0
S0008381,PED004172,2023-01-20,C00459,P019,V004,R03,3,149.9,0.0
S0008382,PED004172,2023-01-20,C00459,P022,V004,R03,2,499.9,0.0
S0008383,PED004173,2023-03-31,C00697,P045,V021,R02,3,49.9,0.05
S0008384,PED004173,2023-03-31,C00697,P047,V021,R02,1,149.9,0.05
S0008385,PED004174,2023-08-27,C00625,P042,V001,R05,1,499.9,0.05
S0008386,PED004175,2025-05-09,C00467,P007,V008,R01,4,899.9,0.0
S0008387,PED004175,2025-05-09,C00467,P003,V008,R01,4,49.9,0.15
S0008388,PED004175,2025-05-09,C00467,P014,V008,R01,3,499.9,0.05
S0008389,PED004176,2025-09-29,C00527,P003,V003,R03,2,49.9,0.05
S0008390,PED004176,2025-09-29,C00527,P025,V003,R03,3,149.9,0.0
S0008391,PED004177,2024-09-14,C00536,P035,V001,R05,2,499.9,0.1
S0008392,PED004177,2024-09-14,C00536,P028,V001,R05,3,499.9,0.1
S0008393,PED004177,2024-09-14,C00536,P007,V001,R05,1,899.9,0.05
S0008394,PED004178,2023-05-13,C00696,P037,V016,R01,1,149.9,0.1
S0008395,PED004179,2024-09-02,C00649,P037,V004,R03,1,149.9,0.0
S0008396,PED004180,2025-08-19,C00675,P008,V014,R02,1,149.9,0.0
S0008397,PED004180,2025-08-19,C00675,P037,V014,R02,1,149.9,0.0
S0008398,PED004180,2025-08-19,C00675,P003,V014,R02,4,49.9,0.05
S0008399,PED004181,2025-04-15,C00630,P004,V012,R01,2,499.9,0.0
S0008400,PED004182,2023-11-26,C00684,P037,V003,R01,4,149.9,0.1
S0008401,PED004183,2023-06-04,C00580,P037,V018,R01,1,149.9,0.2
S0008402,PED004183,2023-06-04,C00580,P022,V018,R01,1,499.9,0.05
S0008403,PED004183,2023-06-04,C00580,P039,V018,R01,2,249.9,0.0
S0008404,PED004184,2025-10-08,C00659,P015,V021,R01,2,499.9,0.15
S0008405,PED004185,2025-08-17,C00679,P027,V002,R03,2,249.9,0.05
S0008406,PED004186,2023-03-11,C00654,P018,V003,R05,1,499.9,0.1
S0008407,PED004186,2023-03-11,C00654,P020,V003,R05,1,49.9,0.0
S0008408,PED004186,2023-03-11,C00654,P054,V003,R05,3,249.9,0.15
S0008409,PED004187,2025-07-12,C00495,P054,V004,R05,4,249.9,0.2
S0008410,PED004188,2023-05-03,C00612,P030,V006,R05,1,499.9,0.0
S0008411,PED004188,2023-05-03,C00612,P019,V006,R05,2,149.9,0.1
S0008412,PED004189,2023-03-23,C00630,P014,V007,R01,2,499.9,0.1
S0008413,PED004189,2023-03-23,C00630,P029,V007,R01,1,249.9,0.1
S0008414,PED004190,2025-04-27,C00589,P023,V020,R01,4,899.9,0.15
S0008415,PED004191,2024-09-04,C00632,P003,V010,R05,4,49.9,0.0
S0008416,PED004191,2024-09-04,C00632,P035,V010,R05,2,499.9,0.0
S0008417,PED004191,2024-09-04,C00632,P004,V010,R05,3,499.9,0.0
S0008418,PED004192,2024-04-13,C00017,P036,V017,R04,3,49.9,0.1
S0008419,PED004193,2025-10-11,C00483,P009,V010,R04,4,499.9,0.0
S0008420,PED004193,2025-10-11,C00483,P004,V010,R04,4,499.9,0.0
S0008421,PED004194,2025-07-31,C00586,P026,V010,R02,3,49.9,0.0
S0008422,PED004194,2025-07-31,C00586,P042,V010,R02,1,499.9,0.1
S0008423,PED004194,2025-07-31,C00586,P045,V010,R02,2,49.9,0.0
S0008424,PED004195,2023-03-16,C00578,P010,V016,R04,4,249.9,0.1
S0008425,PED004195,2023-03-16,C00578,P008,V016,R04,4,149.9,0.05
S0008426,PED004195,2023-03-16,C00578,P015,V016,R04,4,499.9,0.0
S0008427,PED004196,2024-11-19,C00578,P044,V004,R04,3,499.9,0.1
S0008428,PED004196,2024-11-19,C00578,P003,V004,R04,4,49.9,0.05
S0008429,PED004196,2024-11-19,C00578,P049,V004,R04,3,899.9,0.0
S0008430,PED004197,2025-05-13,C00483,P011,V012,R04,3,149.9,0.0
S0008431,PED004197,2025-05-13,C00483,P030,V012,R04,1,499.9,0.05
S0008432,PED004197,2025-05-13,C00483,P032,V012,R04,4,499.9,0.1
S0008433,PED004198,2024-09-20,C00554,P053,V010,R04,4,49.9,0.05
S0008434,PED004198,2024-09-20,C00554,P042,V010,R04,2,499.9,0.0
S0008435,PED004198,2024-09-20,C00554,P036,V010,R04,4,49.9,0.0
S0008436,PED004199,2025-12-17,C00524,P047,V015,R01,2,149.9,0.1
S0008437,PED004199,2025-12-17,C00524,P025,V015,R01,1,149.9,0.0
S0008438,PED004199,2025-12-17,C00524,P007,V015,R01,4,899.9,0.0
S0008439,PED004200,2025-01-25,C00503,P025,V012,R04,4,149.9,0.05
S0008440,PED004201,2023-05-11,C00501,P021,V008,R03,4,899.9,0.0
S0008441,PED004202,2023-08-30,C00609,P007,V011,R05,2,899.9,0.05
S0008442,PED004202,2023-08-30,C00609,P008,V011,R05,3,149.9,0.15
S0008443,PED004202,2023-08-30,C00609,P029,V011,R05,1,249.9,0.0
S0008444,PED004203,2025-07-15,C00626,P029,V013,R02,3,249.9,0.05
S0008445,PED004203,2025-07-15,C00626,P031,V013,R02,4,149.9,0.1
S0008446,PED004203,2025-07-15,C00626,P019,V013,R02,3,149.9,0.1
S0008447,PED004204,2025-12-29,C00477,P001,V008,R01,4,49.9,0.0
S0008448,PED004204,2025-12-29,C00477,P022,V008,R01,3,499.9,0.1
S0008449,PED004205,2023-05-05,C00478,P016,V019,R03,4,149.9,0.15
S0008450,PED004205,2023-05-05,C00478,P018,V019,R03,2,499.9,0.0
S0008451,PED004206,2023-05-07,C00526,P003,V002,R05,3,49.9,0.1
S0008452,PED004206,2023-05-07,C00526,P021,V002,R05,1,899.9,0.0
S0008453,PED004206,2023-05-07,C00526,P040,V002,R05,3,249.9,0.05
S0008454,PED004207,2025-05-02,C00606,P012,V012,R01,4,89.9,0.0
S0008455,PED004208,2023-03-24,C00584,P046,V022,R05,1,249.9,0.2
S0008456,PED004209,2023-03-29,C00475,P004,V012,R01,2,499.9,0.1
S0008457,PED004209,2023-03-29,C00475,P022,V012,R01,4,499.9,0.2
S0008458,PED004210,2025-09-25,C00662,P038,V011,R02,4,499.9,0.2
S0008459,PED004210,2025-09-25,C00662,P043,V011,R02,3,49.9,0.05
S0008460,PED004211,2025-06-15,C00510,P045,V005,R02,2,49.9,0.0
S0008461,PED004212,2025-09-17,C00616,P008,V009,R01,2,149.9,0.2
S0008462,PED004212,2025-09-17,C00616,P020,V009,R01,1,49.9,0.05
S0008463,PED004213,2024-12-17,C00613,P017,V024,R02,1,499.9,0.0
S0008464,PED004213,2024-12-17,C00613,P052,V024,R02,2,89.9,0.0
S0008465,PED004213,2024-12-17,C00613,P033,V024,R02,4,89.9,0.0
S0008466,PED004214,2023-12-22,C00644,P032,V016,R02,3,499.9,0.0
S0008467,PED004214,2023-12-22,C00644,P001,V016,R02,3,49.9,0.0
S0008468,PED004214,2023-12-22,C00644,P011,V016,R02,2,149.9,0.1
S0008469,PED004215,2025-10-13,C00653,P041,V021,R01,4,149.9,0.05
S0008470,PED004215,2025-10-13,C00653,P009,V021,R01,2,499.9,0.0
S0008471,PED004216,2023-12-02,C00616,P011,V005,R01,1,149.9,0.05
S0008472,PED004216,2023-12-02,C00616,P028,V005,R01,2,499.9,0.05
S0008473,PED004216,2023-12-02,C00616,P054,V005,R01,2,249.9,0.0
S0008474,PED004217,2023-11-14,C00595,P052,V013,R01,4,89.9,0.15
S0008475,PED004217,2023-11-14,C00595,P053,V013,R01,1,49.9,0.15
S0008476,PED004217,2023-11-14,C00595,P017,V013,R01,1,499.9,0.0
S0008477,PED004218,2025-09-23,C00652,P031,V004,R04,1,149.9,0.0
S0008478,PED004219,2025-01-18,C00666,P010,V018,R05,4,249.9,0.05
S0008479,PED004220,2025-10-03,C00547,P054,V009,R05,2,249.9,0.05
S0008480,PED004220,2025-10-03,C00547,P005,V009,R05,3,499.9,0.2
S0008481,PED004220,2025-10-03,C00547,P020,V009,R05,3,49.9,0.0
S0008482,PED004221,2023-07-11,C00537,P025,V003,R02,2,149.9,0.0
S0008483,PED004221,2023-07-11,C00537,P054,V003,R02,2,249.9,0.2
S0008484,PED004221,2023-07-11,C00537,P012,V003,R02,3,89.9,0.05
S0008485,PED004222,2025-11-22,C00535,P028,V001,R05,1,499.9,0.05
S0008486,PED004223,2024-11-17,C00567,P004,V002,R03,4,499.9,0.0
S0008487,PED004223,2024-11-17,C00567,P044,V002,R03,3,499.9,0.0
S0008488,PED004224,2025-01-02,C00638,P044,V009,R04,1,499.9,0.1
S0008489,PED004224,2025-01-02,C00638,P016,V009,R04,4,149.9,0.15
S0008490,PED004225,2025-10-21,C00603,P002,V016,R02,1,499.9,0.0
S0008491,PED004225,2025-10-21,C00603,P007,V016,R02,2,899.9,0.0
S0008492,PED004226,2024-03-03,C00572,P034,V024,R03,1,499.9,0.0
S0008493,PED004227,2025-03-10,C00460,P005,V001,R03,1,499.9,0.2
S0008494,PED004227,2025-03-10,C00460,P013,V001,R03,1,899.9,0.0
S0008495,PED004228,2024-12-08,C00470,P057,V002,R03,4,149.9,0.1
S0008496,PED004228,2024-12-08,C00470,P007,V002,R03,2,899.9,0.05
S0008497,PED004229,2025-05-31,C00683,P016,V005,R04,3,149.9,0.15
S0008498,PED004229,2025-05-31,C00683,P027,V005,R04,4,249.9,0.0
S0008499,PED004229,2025-05-31,C00683,P004,V005,R04,3,499.9,0.05
S0008500,PED004230,2025-10-04,C00564,P006,V007,R03,4,499.9,0.0
S0008501,PED004230,2025-10-04,C00564,P014,V007,R03,2,499.9,0.1
S0008502,PED004230,2025-10-04,C00564,P038,V007,R03,2,499.9,0.1
S0008503,PED004231,2025-01-17,C00619,P025,V007,R01,2,149.9,0.1
S0008504,PED004231,2025-01-17,C00619,P048,V007,R01,4,149.9,0.1
S0008505,PED004232,2023-03-28,C00556,P020,V006,R01,1,49.9,0.05
S0008506,PED004232,2023-03-28,C00556,P033,V006,R01,2,89.9,0.0
S0008507,PED004233,2023-08-12,C00683,P045,V013,R04,3,49.9,0.0
S0008508,PED004233,2023-08-12,C00683,P004,V013,R04,1,499.9,0.05
S0008509,PED004233,2023-08-12,C00683,P049,V013,R04,3,899.9,0.0
S0008510,PED004234,2025-11-23,C00586,P001,V022,R02,2,49.9,0.0
S0008511,PED004234,2025-11-23,C00586,P024,V022,R02,3,149.9,0.0
S0008512,PED004234,2025-11-23,C00586,P038,V022,R02,1,499.9,0.05
S0008513,PED004235,2025-12-04,C00536,P012,V011,R05,4,89.9,0.2
S0008514,PED004235,2025-12-04,C00536,P026,V011,R05,3,49.9,0.05
S0008515,PED004236,2025-12-03,C00612,P006,V024,R05,1,499.9,0.0
S0008516,PED004237,2023-02-18,C00531,P038,V001,R01,3,499.9,0.0
S0008517,PED004237,2023-02-18,C00531,P008,V001,R01,4,149.9,0.0
S0008518,PED004238,2024-03-05,C00294,P016,V005,R01,4,149.9,0.0
S0008519,PED004238,2024-03-05,C00294,P011,V005,R01,1,149.9,0.0
S0008520,PED004239,2025-04-28,C00646,P002,V022,R01,4,499.9,0.0
S0008521,PED004239,2025-04-28,C00646,P007,V022,R01,2,899.9,0.1
S0008522,PED004240,2025-04-19,C00490,P045,V022,R03,3,49.9,0.0
S0008523,PED004240,2025-04-19,C00490,P041,V022,R03,2,149.9,0.2
S0008524,PED004240,2025-04-19,C00490,P007,V022,R03,3,899.9,0.1
S0008525,PED004241,2023-04-19,C00572,P039,V013,R03,1,249.9,0.15
S0008526,PED004241,2023-04-19,C00572,P033,V013,R03,3,89.9,0.0
S0008527,PED004242,2024-11-14,C00456,P018,V013,R05,1,499.9,0.1
S0008528,PED004242,2024-11-14,C00456,P019,V013,R05,4,149.9,0.0
S0008529,PED004242,2024-11-14,C00456,P030,V013,R05,4,499.9,0.0
S0008530,PED004243,2023-06-25,C00611,P030,V015,R01,4,499.9,0.05
S0008531,PED004244,2024-07-15,C00483,P004,V018,R04,4,499.9,0.0
S0008532,PED004244,2024-07-15,C00483,P028,V018,R04,4,499.9,0.0
S0008533,PED004245,2023-10-14,C00567,P022,V014,R03,1,499.9,0.15
S0008534,PED004246,2023-03-10,C00590,P008,V002,R01,4,149.9,0.1
S0008535,PED004246,2023-03-10,C00590,P022,V002,R01,2,499.9,0.0
S0008536,PED004246,2023-03-10,C00590,P006,V002,R01,4,499.9,0.15
S0008537,PED004247,2023-04-12,C00537,P032,V016,R02,4,499.9,0.1
S0008538,PED004247,2023-04-12,C00537,P033,V016,R02,1,89.9,0.0
S0008539,PED004247,2023-04-12,C00537,P054,V016,R02,4,249.9,0.0
S0008540,PED004248,2025-10-18,C00646,P019,V014,R01,2,149.9,0.05
S0008541,PED004248,2025-10-18,C00646,P045,V014,R01,4,49.9,0.0
S0008542,PED004249,2025-04-09,C00607,P009,V006,R05,4,499.9,0.0
S0008543,PED004249,2025-04-09,C00607,P057,V006,R05,4,149.9,0.0
S0008544,PED004249,2025-04-09,C00607,P019,V006,R05,4,149.9,0.05
S0008545,PED004250,2025-11-06,C00615,P019,V011,R05,1,149.9,0.0
S0008546,PED004250,2025-11-06,C00615,P021,V011,R05,1,899.9,0.0
S0008547,PED004250,2025-11-06,C00615,P044,V011,R05,4,499.9,0.1
S0008548,PED004251,2024-06-18,C00522,P059,V014,R01,3,499.9,0.05
S0008549,PED004251,2024-06-18,C00522,P029,V014,R01,3,249.9,0.15
S0008550,PED004252,2024-04-11,C00497,P018,V001,R04,2,499.9,0.2
S0008551,PED004253,2024-02-02,C00596,P030,V004,R04,1,499.9,0.0
S0008552,PED004253,2024-02-02,C00596,P029,V004,R04,3,249.9,0.05
S0008553,PED004254,2024-11-19,C00532,P018,V007,R04,3,499.9,0.0
S0008554,PED004254,2024-11-19,C00532,P006,V007,R04,4,499.9,0.05
S0008555,PED004255,2024-01-24,C00648,P034,V009,R03,1,499.9,0.0
S0008556,PED004256,2025-04-11,C00548,P049,V004,R05,4,899.9,0.05
S0008557,PED004256,2025-04-11,C00548,P036,V004,R05,2,49.9,0.0
S0008558,PED004256,2025-04-11,C00548,P027,V004,R05,2,249.9,0.05
S0008559,PED004257,2025-06-16,C00540,P049,V016,R03,2,899.9,0.0
S0008560,PED004257,2025-06-16,C00540,P017,V016,R03,3,499.9,0.1
S0008561,PED004258,2025-09-11,C00558,P015,V001,R03,2,499.9,0.0
S0008562,PED004258,2025-09-11,C00558,P037,V001,R03,3,149.9,0.1
S0008563,PED004259,2023-10-17,C00590,P037,V021,R01,3,149.9,0.05
S0008564,PED004259,2023-10-17,C00590,P008,V021,R01,1,149.9,0.2
S0008565,PED004260,2024-08-24,C00522,P054,V004,R01,1,249.9,0.05
S0008566,PED004261,2023-09-27,C00520,P010,V011,R02,2,249.9,0.1
S0008567,PED004261,2023-09-27,C00520,P017,V011,R02,3,499.9,0.2
S0008568,PED004262,2023-02-19,C00544,P008,V002,R05,4,149.9,0.05
S0008569,PED004262,2023-02-19,C00544,P023,V002,R05,2,899.9,0.0
S0008570,PED004262,2023-02-19,C00544,P053,V002,R05,2,49.9,0.05
S0008571,PED004263,2025-02-23,C00613,P026,V002,R02,3,49.9,0.05
S0008572,PED004263,2025-02-23,C00613,P004,V002,R02,2,499.9,0.0
S0008573,PED004263,2025-02-23,C00613,P013,V002,R02,1,899.9,0.0
S0008574,PED004264,2024-09-18,C00585,P033,V006,R04,3,89.9,0.05
S0008575,PED004264,2024-09-18,C00585,P012,V006,R04,2,89.9,0.2
S0008576,PED004264,2024-09-18,C00585,P019,V006,R04,2,149.9,0.1
S0008577,PED004265,2025-03-15,C00472,P022,V012,R01,2,499.9,0.1
S0008578,PED004265,2025-03-15,C00472,P012,V012,R01,4,89.9,0.2
S0008579,PED004265,2025-03-15,C00472,P003,V012,R01,4,49.9,0.0
S0008580,PED004266,2023-04-21,C00515,P019,V023,R04,3,149.9,0.05
S0008581,PED004266,2023-04-21,C00515,P051,V023,R04,2,899.9,0.1
S0008582,PED004266,2023-04-21,C00515,P056,V023,R04,4,149.9,0.05
S0008583,PED004267,2025-12-28,C00476,P060,V009,R01,1,149.9,0.0
S0008584,PED004267,2025-12-28,C00476,P003,V009,R01,2,49.9,0.0
S0008585,PED004268,2025-12-27,C00461,P004,V005,R03,3,499.9,0.2
S0008586,PED004268,2025-12-27,C00461,P049,V005,R03,3,899.9,0.15
S0008587,PED004269,2024-06-12,C00497,P011,V010,R04,2,149.9,0.2
S0008588,PED004270,2025-08-31,C00674,P058,V013,R01,4,49.9,0.0
S0008589,PED004271,2023-10-18,C00657,P020,V022,R05,4,49.9,0.15
S0008590,PED004272,2025-04-01,C00695,P007,V012,R03,2,899.9,0.1
S0008591,PED004272,2025-04-01,C00695,P036,V012,R03,3,49.9,0.0
S0008592,PED004273,2025-09-15,C00468,P026,V001,R02,3,49.9,0.1
S0008593,PED004274,2025-07-01,C00530,P005,V001,R02,1,499.9,0.05
S0008594,PED004274,2025-07-01,C00530,P002,V001,R02,4,499.9,0.0
S0008595,PED004275,2025-06-28,C00611,P035,V001,R01,1,499.9,0.0
S0008596,PED004275,2025-06-28,C00611,P021,V001,R01,1,899.9,0.05
S0008597,PED004275,2025-06-28,C00611,P036,V001,R01,2,49.9,0.0
S0008598,PED004276,2024-06-10,C00634,P035,V006,R05,1,499.9,0.05
S0008599,PED004277,2025-07-07,C00529,P007,V009,R04,3,899.9,0.0
S0008600,PED004277,2025-07-07,C00529,P042,V009,R04,3,499.9,0.0
S0008601,PED004277,2025-07-07,C00529,P038,V009,R04,4,499.9,0.05
S0008602,PED004278,2025-01-31,C00636,P007,V011,R04,4,899.9,0.0
S0008603,PED004279,2023-06-13,C00457,P042,V022,R01,4,499.9,0.05
S0008604,PED004279,2023-06-13,C00457,P007,V022,R01,2,899.9,0.0
S0008605,PED004279,2023-06-13,C00457,P028,V022,R01,1,499.9,0.15
S0008606,PED004280,2023-05-23,C00506,P006,V002,R04,2,499.9,0.0
S0008607,PED004280,2023-05-23,C00506,P027,V002,R04,1,249.9,0.0
S0008608,PED004280,2023-05-23,C00506,P038,V002,R04,4,499.9,0.0
S0008609,PED004281,2025-05-12,C00695,P058,V005,R03,2,49.9,0.0
S0008610,PED004281,2025-05-12,C00695,P036,V005,R03,3,49.9,0.1
S0008611,PED004282,2024-11-26,C00562,P051,V009,R01,3,899.9,0.0
S0008612,PED004282,2024-11-26,C00562,P038,V009,R01,1,499.9,0.15
S0008613,PED004282,2024-11-26,C00562,P036,V009,R01,1,49.9,0.1
S0008614,PED004283,2024-08-15,C00636,P050,V017,R04,3,899.9,0.0
S0008615,PED004283,2024-08-15,C00636,P016,V017,R04,1,149.9,0.05
S0008616,PED004283,2024-08-15,C00636,P015,V017,R04,4,499.9,0.0
S0008617,PED004284,2025-10-14,C00328,P016,V013,R03,1,149.9,0.0
S0008618,PED004284,2025-10-14,C00328,P020,V013,R03,3,49.9,0.1
S0008619,PED004285,2024-12-25,C00501,P018,V011,R03,2,499.9,0.0
S0008620,PED004286,2024-03-22,C00577,P006,V017,R04,4,499.9,0.1
S0008621,PED004286,2024-03-22,C00577,P012,V017,R04,3,89.9,0.0
S0008622,PED004287,2024-04-12,C00538,P051,V014,R04,1,899.9,0.0
S0008623,PED004287,2024-04-12,C00538,P009,V014,R04,4,499.9,0.15
S0008624,PED004287,2024-04-12,C00538,P033,V014,R04,2,89.9,0.1
S0008625,PED004288,2024-11-11,C00623,P028,V011,R05,3,499.9,0.0
S0008626,PED004288,2024-11-11,C00623,P031,V011,R05,2,149.9,0.0
S0008627,PED004288,2024-11-11,C00623,P007,V011,R05,3,899.9,0.15
S0008628,PED004289,2025-04-29,C00566,P029,V008,R05,3,249.9,0.0
S0008629,PED004289,2025-04-29,C00566,P028,V008,R05,3,499.9,0.0
S0008630,PED004289,2025-04-29,C00566,P021,V008,R05,2,899.9,0.2
S0008631,PED004290,2024-10-05,C00653,P030,V023,R01,4,499.9,0.05
S0008632,PED004290,2024-10-05,C00653,P027,V023,R01,3,249.9,0.0
S0008633,PED004291,2024-08-03,C00510,P057,V001,R02,1,149.9,0.1
S0008634,PED004291,2024-08-03,C00510,P037,V001,R02,1,149.9,0.1
S0008635,PED004291,2024-08-03,C00510,P033,V001,R02,3,89.9,0.1
S0008636,PED004292,2025-03-19,C00580,P025,V003,R01,1,149.9,0.1
S0008637,PED004292,2025-03-19,C00580,P004,V003,R01,2,499.9,0.0
S0008638,PED004292,2025-03-19,C00580,P031,V003,R01,4,149.9,0.0
S0008639,PED004293,2025-02-20,C00606,P013,V023,R01,4,899.9,0.0
S0008640,PED004293,2025-02-20,C00606,P049,V023,R01,3,899.9,0.15
S0008641,PED004293,2025-02-20,C00606,P048,V023,R01,2,149.9,0.1
S0008642,PED004294,2025-07-20,C00494,P046,V013,R05,4,249.9,0.15
S0008643,PED004294,2025-07-20,C00494,P003,V013,R05,1,49.9,0.0
S0008644,PED004294,2025-07-20,C00494,P022,V013,R05,1,499.9,0.15
S0008645,PED004295,2023-03-22,C00635,P008,V017,R01,1,149.9,0.0
S0008646,PED004295,2023-03-22,C00635,P043,V017,R01,2,49.9,0.15
S0008647,PED004296,2025-04-22,C00512,P018,V018,R05,4,499.9,0.05
S0008648,PED004297,2024-08-09,C00629,P059,V006,R02,2,499.9,0.0
S0008649,PED004297,2024-08-09,C00629,P025,V006,R02,3,149.9,0.05
S0008650,PED004298,2023-04-06,C00488,P030,V006,R04,2,499.9,0.1
S0008651,PED004299,2025-01-16,C00522,P024,V018,R01,1,149.9,0.15
S0008652,PED004299,2025-01-16,C00522,P016,V018,R01,3,149.9,0.0
S0008653,PED004299,2025-01-16,C00522,P028,V018,R01,4,499.9,0.1
S0008654,PED004300,2025-03-06,C00557,P010,V002,R03,1,249.9,0.05
S0008655,PED004300,2025-03-06,C00557,P017,V002,R03,1,499.9,0.05
S0008656,PED004301,2024-08-20,C00619,P024,V003,R01,1,149.9,0.05
S0008657,PED004301,2024-08-20,C00619,P012,V003,R01,2,89.9,0.0
S0008658,PED004302,2025-06-07,C00509,P012,V008,R04,4,89.9,0.0
S0008659,PED004302,2025-06-07,C00509,P038,V008,R04,3,499.9,0.0
S0008660,PED004303,2023-12-03,C00637,P007,V023,R05,3,899.9,0.0
S0008661,PED004303,2023-12-03,C00637,P060,V023,R05,3,149.9,0.0
S0008662,PED004303,2023-12-03,C00637,P010,V023,R05,1,249.9,0.0
S0008663,PED004304,2023-09-03,C00561,P027,V008,R03,2,249.9,0.05
S0008664,PED004305,2024-01-23,C00516,P033,V002,R02,1,89.9,0.1
S0008665,PED004305,2024-01-23,C00516,P040,V002,R02,1,249.9,0.0
S0008666,PED004306,2024-04-07,C00562,P033,V009,R01,4,89.9,0.05
S0008667,PED004306,2024-04-07,C00562,P023,V009,R01,4,899.9,0.2
S0008668,PED004306,2024-04-07,C00562,P016,V009,R01,3,149.9,0.1
S0008669,PED004307,2025-02-07,C00548,P027,V003,R05,2,249.9,0.1
S0008670,PED004308,2025-08-07,C00678,P030,V004,R04,4,499.9,0.1
S0008671,PED004308,2025-08-07,C00678,P003,V004,R04,1,49.9,0.0
S0008672,PED004308,2025-08-07,C00678,P034,V004,R04,2,499.9,0.0
S0008673,PED004309,2025-03-11,C00684,P008,V008,R01,3,149.9,0.0
S0008674,PED004309,2025-03-11,C00684,P040,V008,R01,3,249.9,0.15
S0008675,PED004310,2023-08-02,C00569,P051,V003,R05,1,899.9,0.15
S0008676,PED004310,2023-08-02,C00569,P034,V003,R05,2,499.9,0.05
S0008677,PED004310,2023-08-02,C00569,P048,V003,R05,2,149.9,0.2
S0008678,PED004311,2024-02-13,C00680,P005,V023,R01,3,499.9,0.2
S0008679,PED004312,2023-07-14,C00627,P022,V011,R02,3,499.9,0.05
S0008680,PED004312,2023-07-14,C00627,P008,V011,R02,2,149.9,0.1
S0008681,PED004313,2025-01-26,C00062,P004,V009,R03,3,499.9,0.0
S0008682,PED004313,2025-01-26,C00062,P038,V009,R03,2,499.9,0.1
S0008683,PED004314,2023-10-22,C00673,P006,V017,R01,4,499.9,0.0
S0008684,PED004314,2023-10-22,C00673,P044,V017,R01,1,499.9,0.1
S0008685,PED004315,2024-08-22,C00580,P053,V004,R01,2,49.9,0.1
S0008686,PED004315,2024-08-22,C00580,P009,V004,R01,3,499.9,0.0
S0008687,PED004316,2025-06-05,C00068,P018,V009,R03,3,499.9,0.0
S0008688,PED004316,2025-06-05,C00068,P043,V009,R03,4,49.9,0.1
S0008689,PED004317,2025-01-06,C00561,P002,V011,R03,3,499.9,0.0
S0008690,PED004317,2025-01-06,C00561,P014,V011,R03,2,499.9,0.2
S0008691,PED004317,2025-01-06,C00561,P029,V011,R03,3,249.9,0.0
S0008692,PED004318,2023-12-01,C00665,P027,V010,R03,1,249.9,0.15
S0008693,PED004318,2023-12-01,C00665,P010,V010,R03,4,249.9,0.2
S0008694,PED004319,2023-12-31,C00533,P043,V001,R01,1,49.9,0.0
S0008695,PED004320,2024-12-20,C00558,P013,V020,R03,1,899.9,0.1
S0008696,PED004321,2024-09-18,C00612,P004,V009,R05,4,499.9,0.15
S0008697,PED004321,2024-09-18,C00612,P051,V009,R05,3,899.9,0.1
S0008698,PED004322,2023-05-02,C00604,P001,V017,R02,3,49.9,0.15
S0008699,PED004323,2025-09-09,C00658,P047,V019,R04,3,149.9,0.0
S0008700,PED004323,2025-09-09,C00658,P008,V019,R04,2,149.9,0.05
S0008701,PED004323,2025-09-09,C00658,P012,V019,R04,3,89.9,0.0
S0008702,PED004324,2024-08-07,C00544,P022,V012,R05,2,499.9,0.0
S0008703,PED004325,2024-06-21,C00620,P010,V003,R01,2,249.9,0.15
S0008704,PED004325,2024-06-21,C00620,P018,V003,R01,2,499.9,0.0
S0008705,PED004325,2024-06-21,C00620,P017,V003,R01,1,499.9,0.1
S0008706,PED004326,2023-08-30,C00502,P038,V006,R04,2,499.9,0.2
S0008707,PED004326,2023-08-30,C00502,P001,V006,R04,2,49.9,0.1
S0008708,PED004327,2024-02-27,C00182,P047,V022,R01,1,149.9,0.0
S0008709,PED004327,2024-02-27,C00182,P009,V022,R01,3,499.9,0.05
S0008710,PED004328,2023-12-31,C00499,P021,V017,R04,2,899.9,0.05
S0008711,PED004328,2023-12-31,C00499,P028,V017,R04,4,499.9,0.05
S0008712,PED004328,2023-12-31,C00499,P012,V017,R04,1,89.9,0.0
S0008713,PED004329,2023-11-11,C00470,P031,V017,R03,1,149.9,0.05
S0008714,PED004330,2024-10-08,C00643,P045,V009,R03,3,49.9,0.1
S0008715,PED004330,2024-10-08,C00643,P005,V009,R03,2,499.9,0.1
S0008716,PED004331,2024-06-09,C00483,P031,V020,R04,4,149.9,0.05
S0008717,PED004331,2024-06-09,C00483,P007,V020,R04,2,899.9,0.0
S0008718,PED004332,2025-09-26,C00647,P038,V014,R04,3,499.9,0.0
S0008719,PED004332,2025-09-26,C00647,P005,V014,R04,3,499.9,0.05
S0008720,PED004332,2025-09-26,C00647,P034,V014,R04,1,499.9,0.05
S0008721,PED004333,2025-11-13,C00612,P007,V009,R05,4,899.9,0.0
S0008722,PED004333,2025-11-13,C00612,P018,V009,R05,3,499.9,0.0
S0008723,PED004334,2023-09-23,C00137,P024,V016,R01,4,149.9,0.05
S0008724,PED004335,2023-05-07,C00109,P005,V006,R05,3,499.9,0.1
S0008725,PED004335,2023-05-07,C00109,P027,V006,R05,4,249.9,0.0
S0008726,PED004336,2025-05-28,C00509,P041,V009,R04,3,149.9,0.0
S0008727,PED004337,2025-12-27,C00458,P006,V003,R05,4,499.9,0.05
S0008728,PED004337,2025-12-27,C00458,P059,V003,R05,2,499.9,0.0
S0008729,PED004338,2025-08-28,C00616,P007,V020,R01,3,899.9,0.0
S0008730,PED004338,2025-08-28,C00616,P018,V020,R01,1,499.9,0.1
S0008731,PED004339,2023-01-31,C00468,P036,V004,R02,3,49.9,0.0
S0008732,PED004339,2023-01-31,C00468,P022,V004,R02,2,499.9,0.0
S0008733,PED004339,2023-01-31,C00468,P031,V004,R02,4,149.9,0.05
S0008734,PED004340,2023-10-25,C00664,P002,V019,R04,4,499.9,0.15
S0008735,PED004340,2023-10-25,C00664,P016,V019,R04,2,149.9,0.0
S0008736,PED004340,2023-10-25,C00664,P045,V019,R04,3,49.9,0.0
S0008737,PED004341,2023-02-26,C00649,P041,V023,R03,1,149.9,0.1
S0008738,PED004341,2023-02-26,C00649,P018,V023,R03,1,499.9,0.0
S0008739,PED004342,2025-07-08,C00604,P047,V006,R02,4,149.9,0.05
S0008740,PED004343,2024-10-22,C00586,P015,V024,R02,1,499.9,0.05
S0008741,PED004343,2024-10-22,C00586,P045,V024,R02,1,49.9,0.2
S0008742,PED004343,2024-10-22,C00586,P005,V024,R02,2,499.9,0.0
S0008743,PED004344,2024-08-08,C00648,P038,V023,R03,4,499.9,0.0
S0008744,PED004344,2024-08-08,C00648,P036,V023,R03,2,49.9,0.05
S0008745,PED004344,2024-08-08,C00648,P025,V023,R03,2,149.9,0.05
S0008746,PED004345,2024-09-24,C00674,P028,V011,R01,1,499.9,0.0
S0008747,PED004346,2023-10-27,C00459,P003,V009,R03,3,49.9,0.05
S0008748,PED004346,2023-10-27,C00459,P012,V009,R03,1,89.9,0.0
S0008749,PED004346,2023-10-27,C00459,P004,V009,R03,3,499.9,0.0
S0008750,PED004347,2024-11-08,C00481,P037,V003,R03,2,149.9,0.05
S0008751,PED004347,2024-11-08,C00481,P001,V003,R03,3,49.9,0.0
S0008752,PED004347,2024-11-08,C00481,P031,V003,R03,3,149.9,0.2
S0008753,PED004348,2023-02-09,C00614,P036,V020,R04,3,49.9,0.05
S0008754,PED004349,2024-12-13,C00683,P004,V015,R04,3,499.9,0.2
S0008755,PED004350,2025-03-28,C00686,P008,V003,R05,4,149.9,0.1
S0008756,PED004350,2025-03-28,C00686,P016,V003,R05,2,149.9,0.05
S0008757,PED004350,2025-03-28,C00686,P020,V003,R05,3,49.9,0.0
S0008758,PED004351,2025-01-08,C00667,P024,V008,R04,2,149.9,0.0
S0008759,PED004352,2023-12-31,C00631,P013,V018,R04,1,899.9,0.05
S0008760,PED004352,2023-12-31,C00631,P036,V018,R04,2,49.9,0.1
S0008761,PED004352,2023-12-31,C00631,P011,V018,R04,2,149.9,0.0
S0008762,PED004353,2025-07-15,C00608,P031,V011,R04,2,149.9,0.0
S0008763,PED004354,2025-03-05,C00639,P016,V016,R05,1,149.9,0.0
S0008764,PED004355,2023-06-09,C00673,P055,V013,R01,2,149.9,0.1
S0008765,PED004356,2023-08-26,C00581,P016,V013,R02,4,149.9,0.0
S0008766,PED004356,2023-08-26,C00581,P056,V013,R02,4,149.9,0.05
S0008767,PED004356,2023-08-26,C00581,P004,V013,R02,4,499.9,0.1
S0008768,PED004357,2024-12-06,C00556,P043,V019,R01,3,49.9,0.0
S0008769,PED004357,2024-12-06,C00556,P020,V019,R01,3,49.9,0.05
S0008770,PED004357,2024-12-06,C00556,P017,V019,R01,4,499.9,0.15
S0008771,PED004358,2023-11-25,C00549,P003,V016,R03,1,49.9,0.1
S0008772,PED004359,2023-05-29,C00146,P014,V020,R02,1,499.9,0.1
S0008773,PED004359,2023-05-29,C00146,P030,V020,R02,2,499.9,0.15
S0008774,PED004360,2023-07-10,C00442,P005,V002,R01,2,499.9,0.1
S0008775,PED004360,2023-07-10,C00442,P017,V002,R01,1,499.9,0.05
S0008776,PED004360,2023-07-10,C00442,P001,V002,R01,2,49.9,0.1
S0008777,PED004361,2023-07-22,C00560,P040,V015,R04,2,249.9,0.0
S0008778,PED004361,2023-07-22,C00560,P030,V015,R04,2,499.9,0.0
S0008779,PED004361,2023-07-22,C00560,P009,V015,R04,4,499.9,0.0
S0008780,PED004362,2024-06-27,C00656,P035,V009,R01,4,499.9,0.0
S0008781,PED004362,2024-06-27,C00656,P041,V009,R01,2,149.9,0.0
S0008782,PED004363,2024-11-13,C00663,P026,V024,R01,2,49.9,0.0
S0008783,PED004363,2024-11-13,C00663,P028,V024,R01,4,499.9,0.0
S0008784,PED004363,2024-11-13,C00663,P051,V024,R01,4,899.9,0.0
S0008785,PED004364,2023-08-04,C00466,P008,V006,R05,3,149.9,0.0
S0008786,PED004364,2023-08-04,C00466,P024,V006,R05,3,149.9,0.05
S0008787,PED004365,2025-03-01,C00567,P003,V008,R03,4,49.9,0.05
S0008788,PED004365,2025-03-01,C00567,P044,V008,R03,3,499.9,0.0
S0008789,PED004365,2025-03-01,C00567,P060,V008,R03,3,149.9,0.0
S0008790,PED004366,2023-11-18,C00548,P053,V004,R05,3,49.9,0.0
S0008791,PED004367,2023-12-13,C00628,P019,V010,R05,3,149.9,0.05
S0008792,PED004368,2023-09-27,C00629,P003,V009,R02,3,49.9,0.05
S0008793,PED004369,2025-05-28,C00583,P024,V011,R01,1,149.9,0.05
S0008794,PED004369,2025-05-28,C00583,P021,V011,R01,4,899.9,0.1
S0008795,PED004369,2025-05-28,C00583,P028,V011,R01,2,499.9,0.0
S0008796,PED004370,2025-11-27,C00672,P022,V010,R04,2,499.9,0.1
S0008797,PED004370,2025-11-27,C00672,P041,V010,R04,2,149.9,0.05
S0008798,PED004371,2024-07-14,C00199,P036,V003,R05,4,49.9,0.05
S0008799,PED004372,2023-02-25,C00560,P003,V008,R04,4,49.9,0.05
S0008800,PED004372,2023-02-25,C00560,P014,V008,R04,4,499.9,0.2
S0008801,PED004372,2023-02-25,C00560,P024,V008,R04,2,149.9,0.0
S0008802,PED004373,2023-11-03,C00602,P009,V013,R01,1,499.9,0.05
S0008803,PED004373,2023-11-03,C00602,P010,V013,R01,1,249.9,0.0
S0008804,PED004374,2023-07-13,C00572,P035,V024,R03,4,499.9,0.0
S0008805,PED004374,2023-07-13,C00572,P015,V024,R03,2,499.9,0.0
S0008806,PED004375,2025-08-04,C00578,P003,V009,R04,3,49.9,0.0
S0008807,PED004375,2025-08-04,C00578,P026,V009,R04,3,49.9,0.0
S0008808,PED004375,2025-08-04,C00578,P024,V009,R04,4,149.9,0.1
S0008809,PED004376,2023-04-18,C00565,P048,V003,R04,3,149.9,0.05
S0008810,PED004376,2023-04-18,C00565,P011,V003,R04,1,149.9,0.0
S0008811,PED004377,2025-12-02,C00487,P021,V008,R05,1,899.9,0.0
S0008812,PED004377,2025-12-02,C00487,P013,V008,R05,3,899.9,0.1
S0008813,PED004377,2025-12-02,C00487,P007,V008,R05,4,899.9,0.0
S0008814,PED004378,2024-10-29,C00675,P045,V024,R02,1,49.9,0.0
S0008815,PED004378,2024-10-29,C00675,P058,V024,R02,4,49.9,0.05
S0008816,PED004378,2024-10-29,C00675,P026,V024,R02,4,49.9,0.0
S0008817,PED004379,2024-08-13,C00544,P022,V021,R05,2,499.9,0.15
S0008818,PED004379,2024-08-13,C00544,P026,V021,R05,2,49.9,0.15
S0008819,PED004380,2025-08-09,C00600,P029,V004,R05,4,249.9,0.0
S0008820,PED004380,2025-08-09,C00600,P024,V004,R05,2,149.9,0.0
S0008821,PED004381,2023-02-05,C00578,P012,V005,R04,3,89.9,0.1
S0008822,PED004382,2025-05-19,C00572,P041,V020,R03,3,149.9,0.15
S0008823,PED004382,2025-05-19,C00572,P026,V020,R03,1,49.9,0.0
S0008824,PED004383,2023-05-26,C00643,P032,V016,R03,1,499.9,0.15
S0008825,PED004383,2023-05-26,C00643,P037,V016,R03,3,149.9,0.2
S0008826,PED004383,2023-05-26,C00643,P014,V016,R03,1,499.9,0.05
S0008827,PED004384,2025-08-01,C00559,P035,V007,R01,2,499.9,0.05
S0008828,PED004384,2025-08-01,C00559,P002,V007,R01,4,499.9,0.0
S0008829,PED004385,2024-08-27,C00698,P027,V001,R05,3,249.9,0.05
S0008830,PED004385,2024-08-27,C00698,P034,V001,R05,3,499.9,0.0
S0008831,PED004386,2023-03-20,C00543,P011,V004,R04,1,149.9,0.0
S0008832,PED004386,2023-03-20,C00543,P016,V004,R04,4,149.9,0.05
S0008833,PED004387,2025-07-23,C00609,P012,V001,R05,1,89.9,0.0
S0008834,PED004387,2025-07-23,C00609,P015,V001,R05,2,499.9,0.0
S0008835,PED004388,2023-02-05,C00692,P060,V010,R04,1,149.9,0.0
S0008836,PED004388,2023-02-05,C00692,P011,V010,R04,3,149.9,0.0
S0008837,PED004388,2023-02-05,C00692,P029,V010,R04,3,249.9,0.0
S0008838,PED004389,2023-06-20,C00526,P018,V007,R05,4,499.9,0.15
S0008839,PED004389,2023-06-20,C00526,P002,V007,R05,4,499.9,0.0
S0008840,PED004389,2023-06-20,C00526,P045,V007,R05,4,49.9,0.1
S0008841,PED004390,2025-06-12,C00604,P035,V012,R02,1,499.9,0.05
S0008842,PED004390,2025-06-12,C00604,P038,V012,R02,3,499.9,0.0
S0008843,PED004390,2025-06-12,C00604,P018,V012,R02,3,499.9,0.05
S0008844,PED004391,2024-06-12,C00102,P034,V012,R03,1,499.9,0.05
S0008845,PED004392,2025-09-17,C00557,P029,V006,R03,4,249.9,0.15
S0008846,PED004392,2025-09-17,C00557,P011,V006,R03,2,149.9,0.0
S0008847,PED004392,2025-09-17,C00557,P042,V006,R03,4,499.9,0.05
S0008848,PED004393,2024-12-04,C00657,P026,V003,R05,1,49.9,0.0
S0008849,PED004393,2024-12-04,C00657,P009,V003,R05,2,499.9,0.0
S0008850,PED004393,2024-12-04,C00657,P013,V003,R05,4,899.9,0.0
S0008851,PED004394,2024-11-25,C00501,P017,V007,R03,2,499.9,0.0
S0008852,PED004394,2024-11-25,C00501,P028,V007,R03,2,499.9,0.05
S0008853,PED004395,2023-11-27,C00557,P029,V001,R03,2,249.9,0.05
S0008854,PED004395,2023-11-27,C00557,P008,V001,R03,1,149.9,0.1
S0008855,PED004395,2023-11-27,C00557,P015,V001,R03,2,499.9,0.1
S0008856,PED004396,2023-06-15,C00627,P047,V001,R02,3,149.9,0.15
S0008857,PED004397,2025-11-28,C00500,P007,V001,R01,4,899.9,0.0
S0008858,PED004398,2023-05-12,C00516,P013,V008,R02,2,899.9,0.05
S0008859,PED004398,2023-05-12,C00516,P007,V008,R02,4,899.9,0.05
S0008860,PED004398,2023-05-12,C00516,P031,V008,R02,3,149.9,0.0
S0008861,PED004399,2024-08-27,C00124,P003,V012,R01,3,49.9,0.05
S0008862,PED004399,2024-08-27,C00124,P059,V012,R01,2,499.9,0.05
S0008863,PED004400,2023-11-12,C00548,P031,V015,R05,1,149.9,0.0
S0008864,PED004400,2023-11-12,C00548,P041,V015,R05,1,149.9,0.0
S0008865,PED004401,2023-11-06,C00667,P014,V023,R04,2,499.9,0.15
S0008866,PED004401,2023-11-06,C00667,P010,V023,R04,2,249.9,0.0
S0008867,PED004401,2023-11-06,C00667,P022,V023,R04,3,499.9,0.1
S0008868,PED004402,2024-11-03,C00614,P028,V022,R04,3,499.9,0.1
S0008869,PED004403,2025-06-12,C00633,P031,V016,R05,4,149.9,0.0
S0008870,PED004403,2025-06-12,C00633,P024,V016,R05,4,149.9,0.1
S0008871,PED004403,2025-06-12,C00633,P008,V016,R05,1,149.9,0.2
S0008872,PED004404,2025-05-19,C00651,P034,V002,R03,2,499.9,0.1
S0008873,PED004404,2025-05-19,C00651,P002,V002,R03,4,499.9,0.1
S0008874,PED004404,2025-05-19,C00651,P019,V002,R03,2,149.9,0.05
S0008875,PED004405,2025-09-03,C00584,P007,V015,R05,1,899.9,0.05
S0008876,PED004405,2025-09-03,C00584,P001,V015,R05,3,49.9,0.1
S0008877,PED004406,2023-11-27,C00675,P044,V011,R02,2,499.9,0.0
S0008878,PED004407,2024-06-13,C00683,P004,V006,R04,2,499.9,0.1
S0008879,PED004407,2024-06-13,C00683,P038,V006,R04,2,499.9,0.0
S0008880,PED004407,2024-06-13,C00683,P022,V006,R04,2,499.9,0.05
S0008881,PED004408,2023-01-12,C00631,P040,V005,R04,4,249.9,0.1
S0008882,PED004408,2023-01-12,C00631,P034,V005,R04,3,499.9,0.0
S0008883,PED004409,2025-04-12,C00601,P017,V009,R05,3,499.9,0.0
S0008884,PED004409,2025-04-12,C00601,P035,V009,R05,4,499.9,0.1
S0008885,PED004409,2025-04-12,C00601,P024,V009,R05,2,149.9,0.0
S0008886,PED004410,2023-12-05,C00530,P006,V019,R02,1,499.9,0.05
S0008887,PED004410,2023-12-05,C00530,P042,V019,R02,1,499.9,0.0
S0008888,PED004410,2023-12-05,C00530,P016,V019,R02,2,149.9,0.05
S0008889,PED004411,2024-10-02,C00090,P037,V015,R04,1,149.9,0.0
S0008890,PED004412,2023-07-27,C00614,P050,V017,R04,3,899.9,0.1
S0008891,PED004412,2023-07-27,C00614,P042,V017,R04,2,499.9,0.1
S0008892,PED004413,2025-07-07,C00635,P008,V018,R01,3,149.9,0.1
S0008893,PED004413,2025-07-07,C00635,P038,V018,R01,4,499.9,0.0
S0008894,PED004413,2025-07-07,C00635,P030,V018,R01,1,499.9,0.0
S0008895,PED004414,2025-07-04,C00611,P031,V010,R01,3,149.9,0.0
S0008896,PED004415,2025-09-13,C00503,P041,V006,R04,1,149.9,0.0
S0008897,PED004416,2023-03-02,C00476,P001,V011,R01,1,49.9,0.0
S0008898,PED004416,2023-03-02,C00476,P032,V011,R01,4,499.9,0.1
S0008899,PED004417,2025-12-25,C00568,P010,V015,R02,1,249.9,0.15
S0008900,PED004417,2025-12-25,C00568,P009,V015,R02,2,499.9,0.15
S0008901,PED004417,2025-12-25,C00568,P016,V015,R02,1,149.9,0.05
S0008902,PED004418,2023-10-22,C00636,P041,V011,R04,3,149.9,0.0
S0008903,PED004418,2023-10-22,C00636,P055,V011,R04,2,149.9,0.0
S0008904,PED004419,2023-12-11,C00667,P006,V003,R04,3,499.9,0.1
S0008905,PED004419,2023-12-11,C00667,P035,V003,R04,1,499.9,0.1
S0008906,PED004420,2023-10-23,C00670,P033,V008,R01,2,89.9,0.0
S0008907,PED004420,2023-10-23,C00670,P001,V008,R01,2,49.9,0.05
S0008908,PED004420,2023-10-23,C00670,P017,V008,R01,1,499.9,0.0
S0008909,PED004421,2023-11-08,C00470,P029,V008,R03,3,249.9,0.0
S0008910,PED004422,2024-09-22,C00690,P022,V001,R04,1,499.9,0.1
S0008911,PED004422,2024-09-22,C00690,P019,V001,R04,2,149.9,0.1
S0008912,PED004423,2023-10-14,C00617,P015,V004,R01,1,499.9,0.1
S0008913,PED004424,2024-03-19,C00541,P004,V011,R01,4,499.9,0.0
S0008914,PED004424,2024-03-19,C00541,P027,V011,R01,2,249.9,0.05
S0008915,PED004424,2024-03-19,C00541,P038,V011,R01,2,499.9,0.05
S0008916,PED004425,2024-12-22,C00518,P046,V005,R02,3,249.9,0.0
S0008917,PED004425,2024-12-22,C00518,P047,V005,R02,1,149.9,0.05
S0008918,PED004425,2024-12-22,C00518,P031,V005,R02,3,149.9,0.05
S0008919,PED004426,2025-07-27,C00525,P048,V006,R01,4,149.9,0.05
S0008920,PED004426,2025-07-27,C00525,P017,V006,R01,3,499.9,0.0
S0008921,PED004426,2025-07-27,C00525,P051,V006,R01,4,899.9,0.2
S0008922,PED004427,2025-02-03,C00669,P021,V016,R03,3,899.9,0.0
S0008923,PED004428,2024-11-03,C00539,P003,V017,R04,1,49.9,0.05
S0008924,PED004428,2024-11-03,C00539,P017,V017,R04,2,499.9,0.0
S0008925,PED004429,2023-07-01,C00525,P055,V023,R01,4,149.9,0.0
S0008926,PED004429,2023-07-01,C00525,P023,V023,R01,2,899.9,0.0
S0008927,PED004430,2025-07-03,C00625,P004,V022,R05,4,499.9,0.1
S0008928,PED004430,2025-07-03,C00625,P041,V022,R05,3,149.9,0.0
S0008929,PED004430,2025-07-03,C00625,P039,V022,R05,2,249.9,0.0
S0008930,PED004431,2023-02-18,C00537,P021,V024,R02,4,899.9,0.1
S0008931,PED004431,2023-02-18,C00537,P002,V024,R02,2,499.9,0.15
S0008932,PED004432,2023-11-06,C00482,P033,V022,R03,1,89.9,0.1
S0008933,PED004432,2023-11-06,C00482,P018,V022,R03,2,499.9,0.0
S0008934,PED004433,2023-03-15,C00559,P014,V010,R01,3,499.9,0.0
S0008935,PED004433,2023-03-15,C00559,P020,V010,R01,2,49.9,0.0
S0008936,PED004433,2023-03-15,C00559,P012,V010,R01,3,89.9,0.05
S0008937,PED004434,2025-01-01,C00601,P017,V022,R05,2,499.9,0.05
S0008938,PED004434,2025-01-01,C00601,P031,V022,R05,4,149.9,0.1
S0008939,PED004435,2024-02-15,C00673,P004,V023,R01,4,499.9,0.0
S0008940,PED004435,2024-02-15,C00673,P008,V023,R01,1,149.9,0.1
S0008941,PED004436,2024-12-19,C00426,P020,V003,R05,1,49.9,0.0
S0008942,PED004436,2024-12-19,C00426,P019,V003,R05,2,149.9,0.05
S0008943,PED004436,2024-12-19,C00426,P033,V003,R05,4,89.9,0.1
S0008944,PED004437,2024-01-18,C00545,P024,V009,R01,4,149.9,0.0
S0008945,PED004438,2024-06-01,C00647,P049,V004,R04,1,899.9,0.05
S0008946,PED004438,2024-06-01,C00647,P037,V004,R04,3,149.9,0.05
S0008947,PED004438,2024-06-01,C00647,P011,V004,R04,4,149.9,0.0
S0008948,PED004439,2024-06-04,C00567,P015,V013,R03,1,499.9,0.05
S0008949,PED004439,2024-06-04,C00567,P023,V013,R03,4,899.9,0.1
S0008950,PED004439,2024-06-04,C00567,P016,V013,R03,2,149.9,0.0
S0008951,PED004440,2023-03-01,C00459,P010,V018,R03,3,249.9,0.1
S0008952,PED004441,2024-05-02,C00585,P005,V021,R04,1,499.9,0.0
S0008953,PED004441,2024-05-02,C00585,P018,V021,R04,4,499.9,0.1
S0008954,PED004441,2024-05-02,C00585,P014,V021,R04,4,499.9,0.15
S0008955,PED004442,2024-12-09,C00631,P041,V024,R04,3,149.9,0.05
S0008956,PED004442,2024-12-09,C00631,P011,V024,R04,4,149.9,0.1
S0008957,PED004443,2024-09-15,C00582,P020,V006,R05,4,49.9,0.05
S0008958,PED004443,2024-09-15,C00582,P042,V006,R05,4,499.9,0.0
S0008959,PED004444,2023-04-06,C00152,P055,V002,R02,3,149.9,0.05
S0008960,PED004444,2023-04-06,C00152,P036,V002,R02,1,49.9,0.1
S0008961,PED004445,2025-01-02,C00458,P044,V013,R05,2,499.9,0.0
S0008962,PED004446,2023-12-10,C00188,P031,V013,R04,2,149.9,0.0
S0008963,PED004446,2023-12-10,C00188,P012,V013,R04,2,89.9,0.15
S0008964,PED004447,2023-01-19,C00478,P039,V021,R03,1,249.9,0.0
S0008965,PED004447,2023-01-19,C00478,P003,V021,R03,2,49.9,0.0
S0008966,PED004447,2023-01-19,C00478,P030,V021,R03,2,499.9,0.0
S0008967,PED004448,2023-07-10,C00639,P035,V003,R05,2,499.9,0.0
S0008968,PED004449,2024-07-20,C00605,P009,V002,R03,2,499.9,0.0
S0008969,PED004449,2024-07-20,C00605,P037,V002,R03,3,149.9,0.1
S0008970,PED004449,2024-07-20,C00605,P015,V002,R03,1,499.9,0.0
S0008971,PED004450,2023-12-12,C00636,P024,V022,R04,1,149.9,0.0
S0008972,PED004450,2023-12-12,C00636,P009,V022,R04,3,499.9,0.15
S0008973,PED004451,2025-02-05,C00509,P037,V006,R04,4,149.9,0.0
S0008974,PED004451,2025-02-05,C00509,P033,V006,R04,4,89.9,0.05
S0008975,PED004451,2025-02-05,C00509,P008,V006,R04,4,149.9,0.2
S0008976,PED004452,2023-10-15,C00585,P060,V011,R04,3,149.9,0.0
S0008977,PED004452,2023-10-15,C00585,P035,V011,R04,2,499.9,0.0
S0008978,PED004453,2025-05-13,C00491,P010,V011,R02,4,249.9,0.0
S0008979,PED004453,2025-05-13,C00491,P060,V011,R02,4,149.9,0.1
S0008980,PED004453,2025-05-13,C00491,P053,V011,R02,4,49.9,0.0
S0008981,PED004454,2023-11-22,C00615,P003,V018,R05,4,49.9,0.1
S0008982,PED004455,2024-11-23,C00480,P017,V017,R03,1,499.9,0.15
S0008983,PED004456,2025-06-13,C00648,P043,V002,R03,4,49.9,0.0
S0008984,PED004456,2025-06-13,C00648,P027,V002,R03,1,249.9,0.1
S0008985,PED004456,2025-06-13,C00648,P019,V002,R03,4,149.9,0.0
S0008986,PED004457,2024-03-09,C00461,P045,V005,R03,2,49.9,0.2
S0008987,PED004457,2024-03-09,C00461,P019,V005,R03,1,149.9,0.0
S0008988,PED004458,2023-03-03,C00573,P011,V018,R01,1,149.9,0.0
S0008989,PED004459,2024-09-03,C00391,P013,V020,R01,3,899.9,0.1
S0008990,PED004460,2025-12-28,C00603,P023,V018,R02,3,899.9,0.1
S0008991,PED004460,2025-12-28,C00603,P007,V018,R02,2,899.9,0.1
S0008992,PED004460,2025-12-28,C00603,P043,V018,R02,4,49.9,0.1
S0008993,PED004461,2025-12-05,C00602,P028,V017,R01,4,499.9,0.1
S0008994,PED004461,2025-12-05,C00602,P043,V017,R01,3,49.9,0.05
S0008995,PED004462,2023-09-24,C00630,P005,V016,R01,2,499.9,0.0
S0008996,PED004463,2025-04-23,C00516,P022,V005,R02,2,499.9,0.05
S0008997,PED004463,2025-04-23,C00516,P013,V005,R02,4,899.9,0.0
S0008998,PED004464,2024-01-16,C00537,P023,V001,R02,2,899.9,0.05
S0008999,PED004464,2024-01-16,C00537,P038,V001,R02,1,499.9,0.05
S0009000,PED004465,2023-07-16,C00614,P050,V023,R04,4,899.9,0.0
S0009001,PED004466,2024-12-31,C00059,P020,V001,R01,2,49.9,0.15
S0009002,PED004466,2024-12-31,C00059,P016,V001,R01,1,149.9,0.1
S0009003,PED004466,2024-12-31,C00059,P032,V001,R01,3,499.9,0.15
S0009004,PED004467,2024-07-24,C00467,P032,V009,R01,1,499.9,0.0
S0009005,PED004467,2024-07-24,C00467,P044,V009,R01,1,499.9,0.05
S0009006,PED004467,2024-07-24,C00467,P009,V009,R01,1,499.9,0.0
S0009007,PED004468,2024-09-07,C00548,P031,V009,R05,2,149.9,0.1
S0009008,PED004468,2024-09-07,C00548,P043,V009,R05,1,49.9,0.15
S0009009,PED004469,2025-07-16,C00477,P001,V008,R01,3,49.9,0.0
S0009010,PED004469,2025-07-16,C00477,P035,V008,R01,2,499.9,0.0
S0009011,PED004469,2025-07-16,C00477,P047,V008,R01,4,149.9,0.1
S0009012,PED004470,2024-01-05,C00508,P053,V011,R04,2,49.9,0.0
S0009013,PED004470,2024-01-05,C00508,P029,V011,R04,4,249.9,0.0
S0009014,PED004471,2025-01-01,C00267,P007,V022,R02,3,899.9,0.05
S0009015,PED004471,2025-01-01,C00267,P022,V022,R02,3,499.9,0.05
S0009016,PED004471,2025-01-01,C00267,P024,V022,R02,3,149.9,0.0
S0009017,PED004472,2024-02-12,C00540,P002,V018,R03,2,499.9,0.0
S0009018,PED004472,2024-02-12,C00540,P044,V018,R03,4,499.9,0.1
S0009019,PED004472,2024-02-12,C00540,P037,V018,R03,1,149.9,0.2
S0009020,PED004473,2023-02-26,C00658,P040,V001,R04,2,249.9,0.0
S0009021,PED004473,2023-02-26,C00658,P029,V001,R04,2,249.9,0.15
S0009022,PED004473,2023-02-26,C00658,P059,V001,R04,2,499.9,0.1
S0009023,PED004474,2024-02-29,C00505,P054,V007,R05,1,249.9,0.0
S0009024,PED004475,2025-11-20,C00500,P003,V019,R01,4,49.9,0.0
S0009025,PED004475,2025-11-20,C00500,P004,V019,R01,4,499.9,0.0
S0009026,PED004476,2024-07-03,C00499,P059,V012,R04,2,499.9,0.1
S0009027,PED004476,2024-07-03,C00499,P042,V012,R04,4,499.9,0.0
S0009028,PED004476,2024-07-03,C00499,P048,V012,R04,4,149.9,0.1
S0009029,PED004477,2023-05-16,C00681,P060,V021,R02,3,149.9,0.05
S0009030,PED004477,2023-05-16,C00681,P046,V021,R02,2,249.9,0.15
S0009031,PED004477,2023-05-16,C00681,P003,V021,R02,2,49.9,0.15
S0009032,PED004478,2025-01-27,C00697,P015,V012,R02,1,499.9,0.05
S0009033,PED004478,2025-01-27,C00697,P008,V012,R02,3,149.9,0.0
S0009034,PED004479,2025-11-30,C00628,P043,V016,R05,2,49.9,0.0
S0009035,PED004479,2025-11-30,C00628,P006,V016,R05,1,499.9,0.0
S0009036,PED004479,2025-11-30,C00628,P011,V016,R05,4,149.9,0.1
S0009037,PED004480,2025-10-15,C00545,P030,V005,R01,2,499.9,0.0
S0009038,PED004480,2025-10-15,C00545,P025,V005,R01,1,149.9,0.0
S0009039,PED004481,2024-10-12,C00695,P013,V010,R03,3,899.9,0.0
S0009040,PED004481,2024-10-12,C00695,P005,V010,R03,3,499.9,0.1
S0009041,PED004481,2024-10-12,C00695,P011,V010,R03,3,149.9,0.1
S0009042,PED004482,2024-02-26,C00493,P005,V013,R01,2,499.9,0.1
S0009043,PED004482,2024-02-26,C00493,P028,V013,R01,1,499.9,0.1
S0009044,PED004483,2024-10-21,C00593,P043,V014,R01,3,49.9,0.0
S0009045,PED004483,2024-10-21,C00593,P038,V014,R01,1,499.9,0.05
S0009046,PED004483,2024-10-21,C00593,P054,V014,R01,2,249.9,0.0
S0009047,PED004484,2025-07-02,C00496,P024,V016,R01,4,149.9,0.05
S0009048,PED004484,2025-07-02,C00496,P002,V016,R01,2,499.9,0.0
S0009049,PED004485,2025-08-26,C00538,P050,V005,R04,3,899.9,0.0
S0009050,PED004485,2025-08-26,C00538,P005,V005,R04,4,499.9,0.1
S0009051,PED004485,2025-08-26,C00538,P013,V005,R04,2,899.9,0.0
S0009052,PED004486,2025-07-06,C00462,P015,V008,R04,4,499.9,0.15
S0009053,PED004486,2025-07-06,C00462,P025,V008,R04,2,149.9,0.0
S0009054,PED004487,2024-06-01,C00573,P049,V003,R01,3,899.9,0.05
S0009055,PED004487,2024-06-01,C00573,P048,V003,R01,2,149.9,0.0
S0009056,PED004488,2023-05-29,C00604,P018,V005,R02,4,499.9,0.05
S0009057,PED004488,2023-05-29,C00604,P009,V005,R02,4,499.9,0.1
S0009058,PED004489,2024-10-09,C00650,P042,V014,R04,2,499.9,0.05
S0009059,PED004489,2024-10-09,C00650,P039,V014,R04,3,249.9,0.15
S0009060,PED004489,2024-10-09,C00650,P056,V014,R04,1,149.9,0.05
S0009061,PED004490,2023-07-11,C00562,P058,V020,R01,3,49.9,0.1
S0009062,PED004490,2023-07-11,C00562,P019,V020,R01,3,149.9,0.05
S0009063,PED004491,2023-03-20,C00505,P009,V008,R05,1,499.9,0.0
S0009064,PED004492,2024-07-21,C00531,P007,V008,R01,4,899.9,0.0
S0009065,PED004493,2024-12-21,C00254,P052,V012,R05,1,89.9,0.0
S0009066,PED004494,2025-08-17,C00551,P060,V019,R02,2,149.9,0.05
S0009067,PED004494,2025-08-17,C00551,P023,V019,R02,4,899.9,0.0
S0009068,PED004494,2025-08-17,C00551,P056,V019,R02,3,149.9,0.05
S0009069,PED004495,2025-05-25,C00512,P024,V005,R05,4,149.9,0.0
S0009070,PED004495,2025-05-25,C00512,P030,V005,R05,1,499.9,0.1
S0009071,PED004496,2025-08-21,C00490,P018,V009,R03,1,499.9,0.0
S0009072,PED004497,2025-04-28,C00436,P003,V014,R02,3,49.9,0.1
S0009073,PED004497,2025-04-28,C00436,P033,V014,R02,3,89.9,0.0
S0009074,PED004497,2025-04-28,C00436,P026,V014,R02,3,49.9,0.0
S0009075,PED004498,2025-02-17,C00676,P011,V013,R05,3,149.9,0.05
S0009076,PED004499,2023-01-13,C00647,P015,V012,R04,2,499.9,0.0
S0009077,PED004499,2023-01-13,C00647,P052,V012,R04,4,89.9,0.15
S0009078,PED004500,2024-11-27,C00602,P026,V018,R01,1,49.9,0.1
S0009079,PED004500,2024-11-27,C00602,P016,V018,R01,4,149.9,0.05
S0009080,PED004501,2023-05-31,C00490,P035,V013,R03,4,499.9,0.1
S0009081,PED004501,2023-05-31,C00490,P022,V013,R03,3,499.9,0.05
S0009082,PED004501,2023-05-31,C00490,P021,V013,R03,1,899.9,0.0
S0009083,PED004502,2023-03-17,C00578,P031,V008,R04,2,149.9,0.0
S0009084,PED004503,2023-07-11,C00561,P046,V021,R03,2,249.9,0.05
S0009085,PED004503,2023-07-11,C00561,P021,V021,R03,3,899.9,0.05
S0009086,PED004504,2025-07-11,C00623,P030,V006,R05,2,499.9,0.0
S0009087,PED004504,2025-07-11,C00623,P020,V006,R05,3,49.9,0.15
S0009088,PED004504,2025-07-11,C00623,P038,V006,R05,1,499.9,0.0
S0009089,PED004505,2025-04-08,C00591,P011,V005,R04,2,149.9,0.1
S0009090,PED004506,2025-11-19,C00603,P012,V006,R02,4,89.9,0.0
S0009091,PED004506,2025-11-19,C00603,P016,V006,R02,1,149.9,0.0
S0009092,PED004506,2025-11-19,C00603,P025,V006,R02,1,149.9,0.0
S0009093,PED004507,2025-12-13,C00522,P018,V017,R01,4,499.9,0.05
S0009094,PED004507,2025-12-13,C00522,P023,V017,R01,4,899.9,0.05
S0009095,PED004508,2025-09-30,C00563,P009,V023,R01,1,499.9,0.0
S0009096,PED004509,2023-06-14,C00601,P046,V011,R05,1,249.9,0.0
S0009097,PED004510,2025-09-14,C00676,P044,V007,R05,4,499.9,0.0
S0009098,PED004510,2025-09-14,C00676,P021,V007,R05,2,899.9,0.0
S0009099,PED004511,2025-07-30,C00559,P003,V024,R01,2,49.9,0.15
S0009100,PED004512,2025-09-06,C00532,P014,V023,R04,1,499.9,0.0
S0009101,PED004512,2025-09-06,C00532,P055,V023,R04,3,149.9,0.1
S0009102,PED004512,2025-09-06,C00532,P001,V023,R04,2,49.9,0.0
S0009103,PED004513,2023-07-06,C00600,P045,V007,R05,3,49.9,0.1
S0009104,PED004513,2023-07-06,C00600,P004,V007,R05,4,499.9,0.1
S0009105,PED004513,2023-07-06,C00600,P006,V007,R05,2,499.9,0.0
S0009106,PED004514,2023-05-26,C00685,P014,V018,R02,2,499.9,0.0
S0009107,PED004514,2023-05-26,C00685,P008,V018,R02,2,149.9,0.05
S0009108,PED004515,2025-10-31,C00642,P030,V019,R01,3,499.9,0.0
S0009109,PED004515,2025-10-31,C00642,P019,V019,R01,4,149.9,0.1
S0009110,PED004516,2023-08-01,C00358,P030,V011,R05,1,499.9,0.05
S0009111,PED004516,2023-08-01,C00358,P059,V011,R05,1,499.9,0.0
S0009112,PED004516,2023-08-01,C00358,P015,V011,R05,2,499.9,0.0
S0009113,PED004517,2024-02-16,C00513,P039,V005,R05,1,249.9,0.0
S0009114,PED004518,2024-06-02,C00578,P009,V011,R04,1,499.9,0.05
S0009115,PED004519,2023-06-04,C00589,P034,V012,R01,3,499.9,0.05
S0009116,PED004520,2023-01-27,C00505,P012,V004,R05,1,89.9,0.05
S0009117,PED004520,2023-01-27,C00505,P019,V004,R05,2,149.9,0.05
S0009118,PED004520,2023-01-27,C00505,P009,V004,R05,1,499.9,0.0
S0009119,PED004521,2025-12-26,C00458,P054,V023,R05,4,249.9,0.2
S0009120,PED004521,2025-12-26,C00458,P031,V023,R05,3,149.9,0.05
S0009121,PED004522,2025-09-12,C00063,P022,V016,R05,2,499.9,0.1
S0009122,PED004523,2025-10-20,C00539,P024,V023,R04,3,149.9,0.0
S0009123,PED004524,2023-11-21,C00498,P039,V002,R01,2,249.9,0.0
S0009124,PED004525,2023-09-23,C00676,P019,V020,R05,2,149.9,0.1
S0009125,PED004525,2023-09-23,C00676,P041,V020,R05,4,149.9,0.2
S0009126,PED004526,2024-04-27,C00533,P015,V021,R01,1,499.9,0.05
S0009127,PED004526,2024-04-27,C00533,P055,V021,R01,1,149.9,0.05
S0009128,PED004526,2024-04-27,C00533,P031,V021,R01,4,149.9,0.0
S0009129,PED004527,2024-05-30,C00625,P045,V006,R05,4,49.9,0.0
S0009130,PED004527,2024-05-30,C00625,P051,V006,R05,1,899.9,0.0
S0009131,PED004527,2024-05-30,C00625,P040,V006,R05,2,249.9,0.0
S0009132,PED004528,2023-01-08,C00622,P021,V018,R04,1,899.9,0.0
S0009133,PED004528,2023-01-08,C00622,P046,V018,R04,3,249.9,0.0
S0009134,PED004528,2023-01-08,C00622,P040,V018,R04,1,249.9,0.05
S0009135,PED004529,2025-05-21,C00534,P011,V020,R03,3,149.9,0.0
S0009136,PED004529,2025-05-21,C00534,P033,V020,R03,4,89.9,0.0
S0009137,PED004530,2025-12-29,C00596,P019,V009,R04,4,149.9,0.1
S0009138,PED004530,2025-12-29,C00596,P027,V009,R04,2,249.9,0.0
S0009139,PED004530,2025-12-29,C00596,P016,V009,R04,4,149.9,0.0
S0009140,PED004531,2024-08-26,C00550,P023,V005,R01,2,899.9,0.0
S0009141,PED004532,2024-03-12,C00322,P020,V024,R04,4,49.9,0.1
S0009142,PED004533,2024-03-17,C00488,P023,V003,R04,3,899.9,0.0
S0009143,PED004533,2024-03-17,C00488,P026,V003,R04,1,49.9,0.0
S0009144,PED004533,2024-03-17,C00488,P007,V003,R04,4,899.9,0.0
S0009145,PED004534,2023-05-02,C00613,P013,V011,R02,1,899.9,0.0
S0009146,PED004535,2023-11-07,C00223,P039,V013,R05,4,249.9,0.0
S0009147,PED004535,2023-11-07,C00223,P019,V013,R05,2,149.9,0.0
S0009148,PED004535,2023-11-07,C00223,P014,V013,R05,4,499.9,0.05
S0009149,PED004536,2024-07-26,C00487,P055,V008,R05,4,149.9,0.1
S0009150,PED004536,2024-07-26,C00487,P050,V008,R05,2,899.9,0.0
S0009151,PED004537,2024-05-04,C00518,P015,V017,R02,3,499.9,0.05
S0009152,PED004537,2024-05-04,C00518,P017,V017,R02,2,499.9,0.05
S0009153,PED004538,2024-09-14,C00507,P020,V021,R02,3,49.9,0.05
S0009154,PED004539,2025-08-11,C00697,P024,V014,R02,2,149.9,0.1
S0009155,PED004540,2023-09-29,C00483,P018,V001,R04,4,499.9,0.1
S0009156,PED004541,2023-02-05,C00574,P039,V020,R02,3,249.9,0.1
S0009157,PED004541,2023-02-05,C00574,P042,V020,R02,1,499.9,0.1
S0009158,PED004542,2023-02-19,C00686,P007,V017,R05,4,899.9,0.0
S0009159,PED004543,2023-06-15,C00633,P005,V017,R05,1,499.9,0.0
S0009160,PED004543,2023-06-15,C00633,P057,V017,R05,4,149.9,0.0
S0009161,PED004543,2023-06-15,C00633,P056,V017,R05,1,149.9,0.0
S0009162,PED004544,2024-10-11,C00606,P044,V003,R01,1,499.9,0.0
S0009163,PED004544,2024-10-11,C00606,P016,V003,R01,1,149.9,0.0
S0009164,PED004545,2025-06-23,C00638,P010,V021,R04,1,249.9,0.0
S0009165,PED004545,2025-06-23,C00638,P018,V021,R04,1,499.9,0.15
S0009166,PED004546,2025-09-23,C00602,P033,V020,R01,4,89.9,0.2
S0009167,PED004546,2025-09-23,C00602,P001,V020,R01,4,49.9,0.0
S0009168,PED004547,2024-12-04,C00476,P026,V016,R01,2,49.9,0.1
S0009169,PED004547,2024-12-04,C00476,P032,V016,R01,4,499.9,0.15
S0009170,PED004547,2024-12-04,C00476,P043,V016,R01,1,49.9,0.0
S0009171,PED004548,2024-03-30,C00631,P025,V014,R04,1,149.9,0.0
S0009172,PED004548,2024-03-30,C00631,P003,V014,R04,3,49.9,0.0
S0009173,PED004549,2023-07-09,C00434,P008,V016,R04,4,149.9,0.0
S0009174,PED004549,2023-07-09,C00434,P041,V016,R04,2,149.9,0.1
S0009175,PED004550,2024-03-28,C00516,P013,V021,R02,3,899.9,0.0
S0009176,PED004550,2024-03-28,C00516,P042,V021,R02,4,499.9,0.0
S0009177,PED004551,2023-12-31,C00692,P029,V017,R04,1,249.9,0.0
S0009178,PED004551,2023-12-31,C00692,P018,V017,R04,2,499.9,0.0
S0009179,PED004551,2023-12-31,C00692,P023,V017,R04,1,899.9,0.15
S0009180,PED004552,2025-09-05,C00588,P034,V013,R05,2,499.9,0.05
S0009181,PED004552,2025-09-05,C00588,P008,V013,R05,4,149.9,0.0
S0009182,PED004552,2025-09-05,C00588,P004,V013,R05,1,499.9,0.1
S0009183,PED004553,2024-07-07,C00460,P017,V021,R03,2,499.9,0.0
S0009184,PED004553,2024-07-07,C00460,P033,V021,R03,2,89.9,0.2
S0009185,PED004553,2024-07-07,C00460,P041,V021,R03,4,149.9,0.0
S0009186,PED004554,2023-09-30,C00624,P002,V005,R05,3,499.9,0.1
S0009187,PED004554,2023-09-30,C00624,P012,V005,R05,1,89.9,0.05
S0009188,PED004554,2023-09-30,C00624,P044,V005,R05,3,499.9,0.05
S0009189,PED004555,2023-11-24,C00356,P041,V017,R01,4,149.9,0.1
S0009190,PED004555,2023-11-24,C00356,P022,V017,R01,4,499.9,0.05
S0009191,PED004556,2023-06-18,C00506,P018,V007,R04,1,499.9,0.0
S0009192,PED004556,2023-06-18,C00506,P022,V007,R04,1,499.9,0.0
S0009193,PED004556,2023-06-18,C00506,P006,V007,R04,1,499.9,0.1
S0009194,PED004557,2025-10-26,C00532,P036,V013,R04,4,49.9,0.1
S0009195,PED004557,2025-10-26,C00532,P018,V013,R04,4,499.9,0.1
S0009196,PED004558,2023-03-07,C00656,P026,V017,R01,1,49.9,0.0
S0009197,PED004558,2023-03-07,C00656,P039,V017,R01,1,249.9,0.05
S0009198,PED004559,2023-01-17,C00030,P051,V008,R01,4,899.9,0.0
S0009199,PED004560,2023-08-12,C00593,P038,V010,R01,3,499.9,0.15
S0009200,PED004560,2023-08-12,C00593,P032,V010,R01,1,499.9,0.0
S0009201,PED004560,2023-08-12,C00593,P024,V010,R01,3,149.9,0.0
S0009202,PED004561,2025-06-27,C00626,P029,V017,R02,1,249.9,0.05
S0009203,PED004562,2024-08-20,C00474,P022,V023,R04,3,499.9,0.0
S0009204,PED004563,2024-11-26,C00011,P050,V004,R02,2,899.9,0.0
S0009205,PED004563,2024-11-26,C00011,P007,V004,R02,1,899.9,0.0
S0009206,PED004564,2024-02-01,C00583,P006,V009,R01,4,499.9,0.0
S0009207,PED004565,2023-03-29,C00652,P052,V009,R04,4,89.9,0.1
S0009208,PED004565,2023-03-29,C00652,P054,V009,R04,4,249.9,0.0
S0009209,PED004565,2023-03-29,C00652,P005,V009,R04,3,499.9,0.1
S0009210,PED004566,2025-08-20,C00497,P009,V015,R04,3,499.9,0.0
S0009211,PED004567,2023-08-23,C00511,P007,V012,R04,1,899.9,0.1
S0009212,PED004568,2023-02-12,C00262,P008,V003,R04,1,149.9,0.1
S0009213,PED004568,2023-02-12,C00262,P003,V003,R04,1,49.9,0.0
S0009214,PED004568,2023-02-12,C00262,P012,V003,R04,4,89.9,0.05
S0009215,PED004569,2024-10-13,C00665,P040,V002,R03,1,249.9,0.0
S0009216,PED004569,2024-10-13,C00665,P057,V002,R03,4,149.9,0.0
S0009217,PED004570,2023-04-16,C00510,P026,V017,R02,4,49.9,0.2
S0009218,PED004570,2023-04-16,C00510,P025,V017,R02,3,149.9,0.0
S0009219,PED004570,2023-04-16,C00510,P042,V017,R02,4,499.9,0.1
S0009220,PED004571,2023-05-01,C00694,P023,V010,R03,1,899.9,0.0
S0009221,PED004571,2023-05-01,C00694,P049,V010,R03,2,899.9,0.0
S0009222,PED004571,2023-05-01,C00694,P027,V010,R03,1,249.9,0.0
S0009223,PED004572,2025-06-15,C00562,P017,V014,R01,3,499.9,0.0
S0009224,PED004573,2024-07-13,C00527,P028,V003,R03,2,499.9,0.15
S0009225,PED004574,2023-10-16,C00257,P038,V013,R03,4,499.9,0.1
S0009226,PED004574,2023-10-16,C00257,P014,V013,R03,4,499.9,0.2
S0009227,PED004575,2024-01-20,C00458,P046,V014,R05,4,249.9,0.15
S0009228,PED004576,2025-03-22,C00568,P027,V012,R02,1,249.9,0.15
S0009229,PED004576,2025-03-22,C00568,P051,V012,R02,2,899.9,0.1
S0009230,PED004576,2025-03-22,C00568,P057,V012,R02,2,149.9,0.05
S0009231,PED004577,2023-03-26,C00461,P013,V015,R03,2,899.9,0.1
S0009232,PED004577,2023-03-26,C00461,P020,V015,R03,2,49.9,0.1
S0009233,PED004577,2023-03-26,C00461,P019,V015,R03,1,149.9,0.0
S0009234,PED004578,2023-05-26,C00572,P009,V001,R03,1,499.9,0.1
S0009235,PED004578,2023-05-26,C00572,P043,V001,R03,2,49.9,0.1
S0009236,PED004578,2023-05-26,C00572,P038,V001,R03,3,499.9,0.1
S0009237,PED004579,2024-11-19,C00690,P046,V011,R04,1,249.9,0.05
S0009238,PED004580,2024-11-12,C00641,P017,V022,R03,4,499.9,0.15
S0009239,PED004581,2025-12-08,C00552,P033,V002,R05,3,89.9,0.1
S0009240,PED004582,2024-02-24,C00570,P002,V010,R03,1,499.9,0.05
S0009241,PED004582,2024-02-24,C00570,P021,V010,R03,4,899.9,0.05
S0009242,PED004583,2023-03-25,C00594,P005,V011,R04,1,499.9,0.1
S0009243,PED004583,2023-03-25,C00594,P002,V011,R04,4,499.9,0.05
S0009244,PED004584,2024-09-05,C00495,P011,V010,R05,1,149.9,0.0
S0009245,PED004584,2024-09-05,C00495,P043,V010,R05,4,49.9,0.1
S0009246,PED004584,2024-09-05,C00495,P005,V010,R05,3,499.9,0.0
S0009247,PED004585,2024-12-07,C00638,P048,V014,R04,4,149.9,0.0
S0009248,PED004585,2024-12-07,C00638,P021,V014,R04,4,899.9,0.15
S0009249,PED004586,2023-06-22,C00562,P055,V015,R01,2,149.9,0.05
S0009250,PED004586,2023-06-22,C00562,P027,V015,R01,1,249.9,0.15
S0009251,PED004587,2024-09-22,C00660,P016,V001,R01,3,149.9,0.0
S0009252,PED004587,2024-09-22,C00660,P018,V001,R01,2,499.9,0.0
S0009253,PED004587,2024-09-22,C00660,P026,V001,R01,4,49.9,0.1
S0009254,PED004588,2023-08-30,C00528,P007,V002,R03,2,899.9,0.0
S0009255,PED004588,2023-08-30,C00528,P009,V002,R03,1,499.9,0.15
S0009256,PED004588,2023-08-30,C00528,P026,V002,R03,1,49.9,0.1
S0009257,PED004589,2025-08-06,C00598,P026,V023,R01,4,49.9,0.15
S0009258,PED004589,2025-08-06,C00598,P020,V023,R01,1,49.9,0.05
S0009259,PED004590,2025-07-26,C00461,P012,V007,R03,4,89.9,0.0
S0009260,PED004590,2025-07-26,C00461,P044,V007,R03,1,499.9,0.1
S0009261,PED004591,2024-05-02,C00544,P032,V019,R05,4,499.9,0.05
S0009262,PED004591,2024-05-02,C00544,P015,V019,R05,1,499.9,0.0
S0009263,PED004592,2025-12-03,C00559,P045,V021,R01,4,49.9,0.0
S0009264,PED004593,2025-12-14,C00200,P017,V023,R05,3,499.9,0.0
S0009265,PED004594,2023-06-10,C00656,P016,V008,R01,3,149.9,0.0
S0009266,PED004595,2024-02-15,C00612,P014,V009,R05,3,499.9,0.0
S0009267,PED004595,2024-02-15,C00612,P011,V009,R05,2,149.9,0.15
S0009268,PED004595,2024-02-15,C00612,P024,V009,R05,3,149.9,0.1
S0009269,PED004596,2024-11-07,C00490,P001,V021,R03,3,49.9,0.15
S0009270,PED004596,2024-11-07,C00490,P005,V021,R03,1,499.9,0.05
S0009271,PED004597,2023-04-18,C00678,P002,V006,R04,1,499.9,0.0
S0009272,PED004597,2023-04-18,C00678,P027,V006,R04,2,249.9,0.1
S0009273,PED004597,2023-04-18,C00678,P034,V006,R04,2,499.9,0.15
S0009274,PED004598,2024-03-05,C00458,P046,V008,R05,3,249.9,0.0
S0009275,PED004599,2023-11-03,C00459,P003,V003,R03,2,49.9,0.15
S0009276,PED004599,2023-11-03,C00459,P002,V003,R03,1,499.9,0.15
S0009277,PED004599,2023-11-03,C00459,P043,V003,R03,3,49.9,0.15
S0009278,PED004600,2025-11-21,C00552,P051,V015,R05,4,899.9,0.0
S0009279,PED004601,2024-04-09,C00679,P012,V023,R03,4,89.9,0.0
S0009280,PED004601,2024-04-09,C00679,P030,V023,R03,3,499.9,0.05
S0009281,PED004602,2025-05-01,C00635,P031,V001,R01,2,149.9,0.1
S0009282,PED004602,2025-05-01,C00635,P022,V001,R01,1,499.9,0.15
S0009283,PED004603,2024-03-10,C00581,P005,V001,R02,2,499.9,0.05
S0009284,PED004603,2024-03-10,C00581,P009,V001,R02,4,499.9,0.05
S0009285,PED004604,2023-06-13,C00592,P039,V005,R05,3,249.9,0.15
S0009286,PED004605,2025-08-28,C00688,P003,V008,R03,3,49.9,0.05
S0009287,PED004606,2023-01-01,C00685,P023,V021,R02,3,899.9,0.1
S0009288,PED004607,2023-03-14,C00603,P033,V005,R02,2,89.9,0.15
S0009289,PED004607,2023-03-14,C00603,P009,V005,R02,4,499.9,0.0
S0009290,PED004608,2024-02-10,C00683,P031,V003,R04,3,149.9,0.05
S0009291,PED004609,2025-01-26,C00600,P035,V011,R05,1,499.9,0.05
S0009292,PED004609,2025-01-26,C00600,P007,V011,R05,1,899.9,0.0
S0009293,PED004610,2024-01-12,C00380,P020,V019,R03,2,49.9,0.05
S0009294,PED004610,2024-01-12,C00380,P022,V019,R03,4,499.9,0.1
S0009295,PED004611,2023-03-26,C00464,P006,V020,R04,3,499.9,0.0
S0009296,PED004612,2023-12-18,C00572,P013,V009,R03,1,899.9,0.0
S0009297,PED004612,2023-12-18,C00572,P009,V009,R03,4,499.9,0.0
S0009298,PED004613,2023-10-19,C00697,P036,V002,R02,4,49.9,0.15
S0009299,PED004613,2023-10-19,C00697,P050,V002,R02,3,899.9,0.0
S0009300,PED004614,2023-01-07,C00571,P022,V017,R02,2,499.9,0.0
S0009301,PED004614,2023-01-07,C00571,P032,V017,R02,4,499.9,0.1
S0009302,PED004614,2023-01-07,C00571,P040,V017,R02,2,249.9,0.05
S0009303,PED004615,2024-09-02,C00605,P001,V007,R03,1,49.9,0.05
S0009304,PED004616,2023-05-26,C00632,P041,V010,R05,1,149.9,0.1
S0009305,PED004617,2023-11-23,C00571,P046,V004,R02,1,249.9,0.15
S0009306,PED004618,2024-12-09,C00559,P052,V024,R01,3,89.9,0.0
S0009307,PED004618,2024-12-09,C00559,P006,V024,R01,2,499.9,0.0
S0009308,PED004618,2024-12-09,C00559,P007,V024,R01,3,899.9,0.05
S0009309,PED004619,2025-03-17,C00378,P048,V001,R03,3,149.9,0.0
S0009310,PED004619,2025-03-17,C00378,P036,V001,R03,2,49.9,0.05
S0009311,PED004619,2025-03-17,C00378,P016,V001,R03,1,149.9,0.0
S0009312,PED004620,2023-11-05,C00433,P008,V017,R01,4,149.9,0.0
S0009313,PED004620,2023-11-05,C00433,P001,V017,R01,4,49.9,0.0
S0009314,PED004621,2023-12-28,C00524,P018,V016,R01,2,499.9,0.1
S0009315,PED004621,2023-12-28,C00524,P019,V016,R01,2,149.9,0.0
S0009316,PED004621,2023-12-28,C00524,P036,V016,R01,4,49.9,0.15
S0009317,PED004622,2023-10-21,C00479,P025,V003,R01,4,149.9,0.0
S0009318,PED004622,2023-10-21,C00479,P030,V003,R01,3,499.9,0.1
S0009319,PED004622,2023-10-21,C00479,P006,V003,R01,2,499.9,0.0
S0009320,PED004623,2025-11-25,C00521,P036,V016,R02,4,49.9,0.0
S0009321,PED004623,2025-11-25,C00521,P009,V016,R02,1,499.9,0.15
S0009322,PED004624,2023-08-21,C00615,P016,V008,R05,1,149.9,0.05
S0009323,PED004624,2023-08-21,C00615,P017,V008,R05,4,499.9,0.0
S0009324,PED004625,2023-08-12,C00508,P041,V006,R04,2,149.9,0.0
S0009325,PED004625,2023-08-12,C00508,P032,V006,R04,3,499.9,0.2
S0009326,PED004626,2024-05-20,C00492,P037,V002,R03,3,149.9,0.0
S0009327,PED004626,2024-05-20,C00492,P011,V002,R03,1,149.9,0.05
S0009328,PED004627,2023-08-20,C00533,P036,V023,R01,4,49.9,0.15
S0009329,PED004627,2023-08-20,C00533,P052,V023,R01,2,89.9,0.1
S0009330,PED004627,2023-08-20,C00533,P030,V023,R01,4,499.9,0.05
S0009331,PED004628,2023-07-12,C00513,P054,V003,R05,2,249.9,0.05
S0009332,PED004629,2023-05-02,C00537,P015,V023,R02,4,499.9,0.0
S0009333,PED004629,2023-05-02,C00537,P020,V023,R02,1,49.9,0.05
S0009334,PED004629,2023-05-02,C00537,P017,V023,R02,2,499.9,0.15
S0009335,PED004630,2024-12-08,C00602,P014,V007,R01,4,499.9,0.0
S0009336,PED004631,2024-11-16,C00513,P055,V015,R05,4,149.9,0.0
S0009337,PED004632,2024-12-17,C00525,P026,V003,R01,4,49.9,0.0
S0009338,PED004633,2025-05-14,C00602,P040,V016,R01,1,249.9,0.05
S0009339,PED004634,2023-12-26,C00461,P002,V016,R03,4,499.9,0.0
S0009340,PED004635,2025-10-26,C00397,P015,V008,R04,1,499.9,0.1
S0009341,PED004635,2025-10-26,C00397,P035,V008,R04,2,499.9,0.0
S0009342,PED004636,2025-03-26,C00611,P019,V011,R01,4,149.9,0.05
S0009343,PED004637,2025-06-19,C00683,P030,V014,R04,4,499.9,0.1
S0009344,PED004637,2025-06-19,C00683,P029,V014,R04,4,249.9,0.15
S0009345,PED004638,2025-03-12,C00531,P033,V003,R01,1,89.9,0.0
S0009346,PED004638,2025-03-12,C00531,P014,V003,R01,3,499.9,0.1
S0009347,PED004638,2025-03-12,C00531,P018,V003,R01,3,499.9,0.1
S0009348,PED004639,2024-02-02,C00674,P002,V008,R01,3,499.9,0.1
S0009349,PED004640,2023-11-20,C00588,P039,V013,R05,3,249.9,0.0
S0009350,PED004640,2023-11-20,C00588,P041,V013,R05,1,149.9,0.0
S0009351,PED004641,2024-04-23,C00658,P010,V005,R04,3,249.9,0.05
S0009352,PED004641,2024-04-23,C00658,P016,V005,R04,1,149.9,0.2
S0009353,PED004642,2023-05-03,C00617,P011,V015,R01,1,149.9,0.0
S0009354,PED004642,2023-05-03,C00617,P015,V015,R01,1,499.9,0.05
S0009355,PED004643,2024-05-27,C00595,P010,V023,R01,2,249.9,0.2
S0009356,PED004643,2024-05-27,C00595,P001,V023,R01,4,49.9,0.05
S0009357,PED004643,2024-05-27,C00595,P027,V023,R01,2,249.9,0.0
S0009358,PED004644,2023-02-26,C00663,P001,V012,R01,1,49.9,0.1
S0009359,PED004645,2023-01-06,C00618,P010,V003,R01,1,249.9,0.0
S0009360,PED004645,2023-01-06,C00618,P006,V003,R01,2,499.9,0.05
S0009361,PED004645,2023-01-06,C00618,P029,V003,R01,3,249.9,0.0
S0009362,PED004646,2025-11-06,C00463,P024,V004,R05,3,149.9,0.1
S0009363,PED004646,2025-11-06,C00463,P035,V004,R05,3,499.9,0.1
S0009364,PED004646,2025-11-06,C00463,P023,V004,R05,3,899.9,0.05
S0009365,PED004647,2025-01-29,C00659,P011,V023,R01,4,149.9,0.1
S0009366,PED004648,2024-10-02,C00591,P015,V003,R04,4,499.9,0.0
S0009367,PED004648,2024-10-02,C00591,P021,V003,R04,1,899.9,0.15
S0009368,PED004649,2024-01-11,C00655,P008,V010,R03,2,149.9,0.0
S0009369,PED004649,2024-01-11,C00655,P034,V010,R03,4,499.9,0.05
S0009370,PED004649,2024-01-11,C00655,P013,V010,R03,4,899.9,0.2
S0009371,PED004650,2024-10-11,C00604,P057,V012,R02,1,149.9,0.05
S0009372,PED004651,2025-09-28,C00690,P039,V001,R04,3,249.9,0.05
S0009373,PED004652,2024-12-19,C00611,P004,V014,R01,3,499.9,0.1
S0009374,PED004653,2024-11-09,C00630,P028,V011,R01,2,499.9,0.0
S0009375,PED004653,2024-11-09,C00630,P004,V011,R01,4,499.9,0.2
S0009376,PED004653,2024-11-09,C00630,P020,V011,R01,1,49.9,0.0
S0009377,PED004654,2024-06-06,C00572,P023,V007,R03,3,899.9,0.05
S0009378,PED004654,2024-06-06,C00572,P055,V007,R03,3,149.9,0.2
S0009379,PED004655,2024-01-17,C00576,P039,V006,R05,2,249.9,0.0
S0009380,PED004655,2024-01-17,C00576,P028,V006,R05,3,499.9,0.0
S0009381,PED004656,2025-02-10,C00551,P045,V012,R02,3,49.9,0.0
S0009382,PED004656,2025-02-10,C00551,P012,V012,R02,4,89.9,0.0
S0009383,PED004656,2025-02-10,C00551,P038,V012,R02,4,499.9,0.05
S0009384,PED004657,2025-12-15,C00493,P001,V006,R01,4,49.9,0.05
S0009385,PED004657,2025-12-15,C00493,P008,V006,R01,4,149.9,0.0
S0009386,PED004657,2025-12-15,C00493,P023,V006,R01,2,899.9,0.0
S0009387,PED004658,2024-04-26,C00646,P054,V003,R01,1,249.9,0.0
S0009388,PED004658,2024-04-26,C00646,P017,V003,R01,4,499.9,0.05
S0009389,PED004658,2024-04-26,C00646,P022,V003,R01,1,499.9,0.0
S0009390,PED004659,2024-03-17,C00660,P008,V021,R01,1,149.9,0.05
S0009391,PED004659,2024-03-17,C00660,P045,V021,R01,3,49.9,0.0
S0009392,PED004659,2024-03-17,C00660,P017,V021,R01,1,499.9,0.1
S0009393,PED004660,2024-04-30,C00538,P006,V019,R04,1,499.9,0.0
S0009394,PED004661,2024-04-27,C00468,P024,V012,R02,3,149.9,0.0
S0009395,PED004661,2024-04-27,C00468,P037,V012,R02,1,149.9,0.0
S0009396,PED004661,2024-04-27,C00468,P025,V012,R02,2,149.9,0.0
S0009397,PED004662,2025-12-23,C00589,P003,V007,R01,1,49.9,0.15
S0009398,PED004662,2025-12-23,C00589,P014,V007,R01,3,499.9,0.0
S0009399,PED004663,2025-02-22,C00564,P028,V001,R03,2,499.9,0.0
S0009400,PED004663,2025-02-22,C00564,P015,V001,R03,4,499.9,0.05
S0009401,PED004664,2024-02-03,C00666,P017,V017,R05,1,499.9,0.0
S0009402,PED004664,2024-02-03,C00666,P043,V017,R05,1,49.9,0.0
S0009403,PED004664,2024-02-03,C00666,P040,V017,R05,3,249.9,0.0
S0009404,PED004665,2024-02-20,C00498,P027,V008,R01,1,249.9,0.0
S0009405,PED004665,2024-02-20,C00498,P031,V008,R01,2,149.9,0.0
S0009406,PED004665,2024-02-20,C00498,P019,V008,R01,3,149.9,0.15
S0009407,PED004666,2024-05-03,C00529,P043,V024,R04,4,49.9,0.0
S0009408,PED004667,2023-02-17,C00673,P004,V011,R01,3,499.9,0.1
S0009409,PED004668,2024-08-25,C00557,P045,V024,R03,1,49.9,0.05
S0009410,PED004668,2024-08-25,C00557,P018,V024,R03,4,499.9,0.15
S0009411,PED004668,2024-08-25,C00557,P013,V024,R03,3,899.9,0.05
S0009412,PED004669,2025-06-27,C00570,P008,V009,R03,1,149.9,0.0
S0009413,PED004670,2024-12-26,C00636,P024,V008,R04,2,149.9,0.0
S0009414,PED004670,2024-12-26,C00636,P006,V008,R04,4,499.9,0.1
S0009415,PED004671,2023-08-30,C00591,P018,V001,R04,3,499.9,0.0
S0009416,PED004671,2023-08-30,C00591,P040,V001,R04,3,249.9,0.0
S0009417,PED004671,2023-08-30,C00591,P026,V001,R04,3,49.9,0.0
S0009418,PED004672,2025-03-20,C00549,P029,V009,R03,3,249.9,0.0
S0009419,PED004672,2025-03-20,C00549,P051,V009,R03,1,899.9,0.1
S0009420,PED004672,2025-03-20,C00549,P001,V009,R03,2,49.9,0.0
S0009421,PED004673,2025-03-10,C00521,P014,V006,R02,4,499.9,0.0
S0009422,PED004674,2023-11-04,C00610,P012,V005,R01,1,89.9,0.0
S0009423,PED004674,2023-11-04,C00610,P007,V005,R01,4,899.9,0.0
S0009424,PED004674,2023-11-04,C00610,P017,V005,R01,2,499.9,0.15
S0009425,PED004675,2024-11-24,C00669,P038,V006,R03,1,499.9,0.1
S0009426,PED004676,2024-11-15,C00695,P044,V012,R03,2,499.9,0.0
S0009427,PED004676,2024-11-15,C00695,P032,V012,R03,1,499.9,0.0
S0009428,PED004677,2025-07-31,C00670,P006,V002,R01,1,499.9,0.1
S0009429,PED004677,2025-07-31,C00670,P011,V002,R01,4,149.9,0.0
S0009430,PED004678,2023-06-18,C00472,P016,V001,R01,3,149.9,0.1
S0009431,PED004679,2023-08-26,C00651,P008,V023,R03,2,149.9,0.15
S0009432,PED004680,2024-07-06,C00592,P034,V009,R05,2,499.9,0.1
S0009433,PED004680,2024-07-06,C00592,P016,V009,R05,2,149.9,0.0
S0009434,PED004680,2024-07-06,C00592,P010,V009,R05,1,249.9,0.05
S0009435,PED004681,2023-02-27,C00682,P058,V001,R01,4,49.9,0.0
S0009436,PED004681,2023-02-27,C00682,P054,V001,R01,1,249.9,0.0
S0009437,PED004682,2024-04-14,C00132,P004,V007,R04,1,499.9,0.1
S0009438,PED004682,2024-04-14,C00132,P043,V007,R04,3,49.9,0.0
S0009439,PED004682,2024-04-14,C00132,P010,V007,R04,1,249.9,0.0
S0009440,PED004683,2025-06-01,C00572,P020,V003,R03,1,49.9,0.0
S0009441,PED004683,2025-06-01,C00572,P035,V003,R03,4,499.9,0.1
S0009442,PED004683,2025-06-01,C00572,P002,V003,R03,4,499.9,0.0
S0009443,PED004684,2023-07-02,C00482,P021,V010,R03,4,899.9,0.05
S0009444,PED004685,2024-06-06,C00576,P007,V006,R05,1,899.9,0.15
S0009445,PED004686,2025-12-23,C00541,P017,V003,R01,2,499.9,0.05
S0009446,PED004687,2024-07-30,C00528,P012,V007,R03,1,89.9,0.2
S0009447,PED004688,2024-07-21,C00567,P034,V003,R03,2,499.9,0.1
S0009448,PED004688,2024-07-21,C00567,P048,V003,R03,2,149.9,0.0
S0009449,PED004688,2024-07-21,C00567,P057,V003,R03,2,149.9,0.05
S0009450,PED004689,2024-09-29,C00540,P050,V015,R03,1,899.9,0.05
S0009451,PED004689,2024-09-29,C00540,P005,V015,R03,1,499.9,0.0
S0009452,PED004690,2023-08-16,C00625,P034,V012,R05,4,499.9,0.1
S0009453,PED004691,2023-06-30,C00619,P047,V003,R01,1,149.9,0.05
S0009454,PED004692,2025-01-14,C00468,P034,V013,R02,1,499.9,0.0
S0009455,PED004693,2024-03-21,C00619,P004,V018,R01,1,499.9,0.2
S0009456,PED004693,2024-03-21,C00619,P015,V018,R01,3,499.9,0.05
S0009457,PED004693,2024-03-21,C00619,P009,V018,R01,2,499.9,0.0
S0009458,PED004694,2023-11-25,C00654,P030,V010,R05,1,499.9,0.2
S0009459,PED004695,2023-02-10,C00201,P056,V007,R01,4,149.9,0.2
S0009460,PED004696,2025-08-08,C00579,P015,V016,R03,4,499.9,0.1
S0009461,PED004696,2025-08-08,C00579,P027,V016,R03,3,249.9,0.0
S0009462,PED004697,2023-02-11,C00590,P003,V007,R01,1,49.9,0.1
S0009463,PED004698,2025-04-16,C00628,P029,V014,R05,2,249.9,0.0
S0009464,PED004698,2025-04-16,C00628,P028,V014,R05,1,499.9,0.0
S0009465,PED004699,2024-03-04,C00520,P027,V021,R02,4,249.9,0.0
S0009466,PED004700,2024-11-06,C00494,P004,V023,R05,1,499.9,0.2
S0009467,PED004700,2024-11-06,C00494,P029,V023,R05,1,249.9,0.15
S0009468,PED004700,2024-11-06,C00494,P025,V023,R05,4,149.9,0.1
S0009469,PED004701,2023-10-22,C00561,P024,V022,R03,3,149.9,0.15
S0009470,PED004701,2023-10-22,C00561,P027,V022,R03,1,249.9,0.05
S0009471,PED004702,2023-07-10,C00482,P032,V008,R03,1,499.9,0.0
S0009472,PED004703,2024-09-01,C00668,P024,V015,R04,3,149.9,0.0
S0009473,PED004703,2024-09-01,C00668,P008,V015,R04,3,149.9,0.1
S0009474,PED004704,2025-02-07,C00013,P011,V021,R01,1,149.9,0.0
S0009475,PED004705,2023-08-27,C00466,P025,V017,R05,1,149.9,0.05
S0009476,PED004705,2023-08-27,C00466,P017,V017,R05,1,499.9,0.05
S0009477,PED004705,2023-08-27,C00466,P037,V017,R05,3,149.9,0.1
S0009478,PED004706,2024-05-09,C00607,P001,V010,R05,2,49.9,0.0
S0009479,PED004707,2024-05-19,C00582,P032,V007,R05,3,499.9,0.0
S0009480,PED004707,2024-05-19,C00582,P056,V007,R05,1,149.9,0.1
S0009481,PED004708,2023-09-19,C00507,P025,V006,R02,4,149.9,0.0
S0009482,PED004708,2023-09-19,C00507,P018,V006,R02,2,499.9,0.0
S0009483,PED004709,2024-10-05,C00649,P008,V006,R03,4,149.9,0.0
S0009484,PED004710,2023-06-29,C00613,P003,V013,R02,4,49.9,0.1
S0009485,PED004711,2024-08-04,C00517,P053,V002,R04,1,49.9,0.1
S0009486,PED004712,2023-05-22,C00510,P026,V012,R02,1,49.9,0.0
S0009487,PED004713,2024-07-06,C00464,P026,V008,R04,3,49.9,0.1
S0009488,PED004713,2024-07-06,C00464,P032,V008,R04,4,499.9,0.15
S0009489,PED004713,2024-07-06,C00464,P005,V008,R04,4,499.9,0.0
S0009490,PED004714,2023-12-13,C00629,P024,V002,R02,3,149.9,0.0
S0009491,PED004714,2023-12-13,C00629,P045,V002,R02,1,49.9,0.0
S0009492,PED004715,2024-05-28,C00596,P005,V023,R04,1,499.9,0.0
S0009493,PED004715,2024-05-28,C00596,P050,V023,R04,4,899.9,0.1
S0009494,PED004716,2024-05-06,C00658,P018,V007,R04,1,499.9,0.0
S0009495,PED004716,2024-05-06,C00658,P052,V007,R04,3,89.9,0.05
S0009496,PED004717,2025-10-15,C00469,P001,V008,R04,3,49.9,0.0
S0009497,PED004718,2024-07-11,C00659,P030,V011,R01,3,499.9,0.0
S0009498,PED004719,2025-07-06,C00570,P018,V018,R03,4,499.9,0.05
S0009499,PED004719,2025-07-06,C00570,P002,V018,R03,3,499.9,0.0
S0009500,PED004719,2025-07-06,C00570,P052,V018,R03,1,89.9,0.05
S0009501,PED004720,2023-09-30,C00580,P031,V020,R01,3,149.9,0.05
S0009502,PED004721,2024-01-25,C00586,P005,V007,R02,1,499.9,0.05
S0009503,PED004722,2023-04-06,C00679,P007,V016,R03,1,899.9,0.05
S0009504,PED004722,2023-04-06,C00679,P005,V016,R03,3,499.9,0.1
S0009505,PED004722,2023-04-06,C00679,P023,V016,R03,4,899.9,0.1
S0009506,PED004723,2024-04-21,C00195,P018,V004,R04,4,499.9,0.0
S0009507,PED004723,2024-04-21,C00195,P028,V004,R04,3,499.9,0.15
S0009508,PED004724,2025-01-03,C00527,P040,V003,R03,4,249.9,0.05
S0009509,PED004725,2025-07-29,C00291,P004,V003,R03,3,499.9,0.0
S0009510,PED004725,2025-07-29,C00291,P052,V003,R03,3,89.9,0.05
S0009511,PED004726,2024-10-06,C00471,P025,V001,R01,4,149.9,0.0
S0009512,PED004726,2024-10-06,C00471,P035,V001,R01,1,499.9,0.05
S0009513,PED004727,2024-12-08,C00457,P013,V011,R01,2,899.9,0.0
S0009514,PED004727,2024-12-08,C00457,P018,V011,R01,1,499.9,0.05
S0009515,PED004728,2023-08-05,C00502,P019,V008,R04,2,149.9,0.1
S0009516,PED004729,2023-02-18,C00507,P009,V001,R02,4,499.9,0.2
S0009517,PED004730,2025-06-05,C00692,P027,V024,R04,4,249.9,0.2
S0009518,PED004730,2025-06-05,C00692,P011,V024,R04,3,149.9,0.05
S0009519,PED004730,2025-06-05,C00692,P044,V024,R04,2,499.9,0.0
S0009520,PED004731,2023-07-24,C00612,P032,V004,R05,1,499.9,0.0
S0009521,PED004731,2023-07-24,C00612,P060,V004,R05,2,149.9,0.0
S0009522,PED004732,2023-04-26,C00459,P006,V003,R03,4,499.9,0.05
S0009523,PED004732,2023-04-26,C00459,P005,V003,R03,2,499.9,0.1
S0009524,PED004733,2025-11-10,C00663,P049,V007,R01,2,899.9,0.0
S0009525,PED004733,2025-11-10,C00663,P028,V007,R01,1,499.9,0.05
S0009526,PED004734,2025-11-30,C00512,P003,V009,R05,2,49.9,0.0
S0009527,PED004735,2024-11-19,C00459,P028,V002,R03,3,499.9,0.05
S0009528,PED004735,2024-11-19,C00459,P006,V002,R03,4,499.9,0.0
S0009529,PED004736,2024-02-29,C00591,P017,V004,R04,3,499.9,0.1
S0009530,PED004736,2024-02-29,C00591,P010,V004,R04,4,249.9,0.1
S0009531,PED004736,2024-02-29,C00591,P007,V004,R04,1,899.9,0.0
S0009532,PED004737,2025-07-23,C00652,P058,V021,R04,4,49.9,0.0
S0009533,PED004737,2025-07-23,C00652,P027,V021,R04,4,249.9,0.0
S0009534,PED004737,2025-07-23,C00652,P050,V021,R04,3,899.9,0.05
S0009535,PED004738,2023-09-06,C00463,P002,V008,R05,1,499.9,0.0
S0009536,PED004738,2023-09-06,C00463,P001,V008,R05,2,49.9,0.0
S0009537,PED004738,2023-09-06,C00463,P004,V008,R05,3,499.9,0.05
S0009538,PED004739,2024-05-01,C00553,P008,V022,R05,1,149.9,0.1
S0009539,PED004739,2024-05-01,C00553,P016,V022,R05,4,149.9,0.15
S0009540,PED004739,2024-05-01,C00553,P032,V022,R05,1,499.9,0.0
S0009541,PED004740,2024-01-31,C00517,P024,V020,R04,1,149.9,0.0
S0009542,PED004741,2025-10-20,C00687,P007,V017,R03,2,899.9,0.0
S0009543,PED004742,2025-10-27,C00460,P017,V004,R03,1,499.9,0.0
S0009544,PED004742,2025-10-27,C00460,P005,V004,R03,3,499.9,0.1
S0009545,PED004743,2024-12-18,C00487,P029,V011,R05,2,249.9,0.0
S0009546,PED004743,2024-12-18,C00487,P018,V011,R05,1,499.9,0.05
S0009547,PED004744,2023-05-19,C00475,P036,V002,R01,4,49.9,0.0
S0009548,PED004745,2024-07-02,C00560,P004,V001,R04,1,499.9,0.0
S0009549,PED004745,2024-07-02,C00560,P010,V001,R04,2,249.9,0.05
S0009550,PED004746,2023-10-19,C00547,P026,V004,R05,4,49.9,0.05
S0009551,PED004746,2023-10-19,C00547,P041,V004,R05,4,149.9,0.05
S0009552,PED004747,2025-09-21,C00503,P029,V008,R04,4,249.9,0.0
S0009553,PED004748,2023-06-20,C00512,P035,V002,R05,2,499.9,0.1
S0009554,PED004748,2023-06-20,C00512,P001,V002,R05,3,49.9,0.0
S0009555,PED004748,2023-06-20,C00512,P041,V002,R05,1,149.9,0.05
S0009556,PED004749,2023-03-12,C00263,P045,V007,R05,2,49.9,0.05
S0009557,PED004750,2025-02-18,C00605,P026,V004,R03,4,49.9,0.0
S0009558,PED004750,2025-02-18,C00605,P015,V004,R03,2,499.9,0.05
S0009559,PED004751,2024-05-29,C00544,P010,V019,R05,1,249.9,0.1
S0009560,PED004752,2025-07-29,C00568,P012,V015,R02,2,89.9,0.1
S0009561,PED004753,2023-04-05,C00559,P003,V012,R01,2,49.9,0.0
S0009562,PED004753,2023-04-05,C00559,P031,V012,R01,1,149.9,0.1
S0009563,PED004754,2025-06-15,C00511,P011,V009,R04,2,149.9,0.15
S0009564,PED004754,2025-06-15,C00511,P009,V009,R04,3,499.9,0.2
S0009565,PED004755,2023-02-18,C00483,P046,V018,R04,3,249.9,0.0
S0009566,PED004756,2023-02-06,C00465,P028,V020,R05,2,499.9,0.05
S0009567,PED004756,2023-02-06,C00465,P007,V020,R05,2,899.9,0.0
S0009568,PED004757,2024-06-08,C00495,P048,V013,R05,3,149.9,0.1
S0009569,PED004757,2024-06-08,C00495,P043,V013,R05,2,49.9,0.05
S0009570,PED004758,2023-09-25,C00542,P007,V007,R02,4,899.9,0.1
S0009571,PED004759,2024-11-02,C00548,P035,V004,R05,4,499.9,0.05
S0009572,PED004760,2023-02-03,C00670,P007,V002,R01,1,899.9,0.1
S0009573,PED004761,2023-02-16,C00602,P016,V013,R01,1,149.9,0.1
S0009574,PED004761,2023-02-16,C00602,P013,V013,R01,3,899.9,0.1
S0009575,PED004762,2025-03-19,C00564,P010,V015,R03,3,249.9,0.05
S0009576,PED004763,2023-09-12,C00475,P005,V021,R01,1,499.9,0.05
S0009577,PED004764,2024-12-22,C00488,P012,V007,R04,3,89.9,0.05
S0009578,PED004764,2024-12-22,C00488,P019,V007,R04,1,149.9,0.15
S0009579,PED004765,2025-04-16,C00503,P013,V021,R04,2,899.9,0.0
S0009580,PED004766,2023-03-18,C00506,P006,V005,R04,3,499.9,0.0
S0009581,PED004767,2025-05-10,C00689,P032,V004,R03,1,499.9,0.1
S0009582,PED004767,2025-05-10,C00689,P059,V004,R03,1,499.9,0.0
S0009583,PED004768,2023-11-09,C00689,P046,V013,R03,4,249.9,0.0
S0009584,PED004769,2024-03-14,C00508,P008,V013,R04,3,149.9,0.0
S0009585,PED004769,2024-03-14,C00508,P016,V013,R04,4,149.9,0.1
S0009586,PED004769,2024-03-14,C00508,P056,V013,R04,2,149.9,0.0
S0009587,PED004770,2023-04-20,C00474,P043,V019,R04,2,49.9,0.1
S0009588,PED004771,2025-07-30,C00604,P025,V001,R02,2,149.9,0.1
S0009589,PED004772,2024-10-01,C00479,P016,V012,R01,3,149.9,0.0
S0009590,PED004772,2024-10-01,C00479,P036,V012,R01,1,49.9,0.0
S0009591,PED004772,2024-10-01,C00479,P057,V012,R01,1,149.9,0.0
S0009592,PED004773,2024-07-29,C00698,P013,V013,R05,4,899.9,0.1
S0009593,PED004773,2024-07-29,C00698,P058,V013,R05,2,49.9,0.2
S0009594,PED004774,2025-12-04,C00477,P048,V010,R01,1,149.9,0.0
S0009595,PED004774,2025-12-04,C00477,P018,V010,R01,1,499.9,0.05
S0009596,PED004774,2025-12-04,C00477,P025,V010,R01,2,149.9,0.1
S0009597,PED004775,2024-01-02,C00610,P012,V023,R01,3,89.9,0.0
S0009598,PED004775,2024-01-02,C00610,P026,V023,R01,1,49.9,0.0
S0009599,PED004775,2024-01-02,C00610,P003,V023,R01,2,49.9,0.0
S0009600,PED004776,2025-09-28,C00482,P043,V001,R03,1,49.9,0.15
S0009601,PED004776,2025-09-28,C00482,P015,V001,R03,2,499.9,0.0
S0009602,PED004776,2025-09-28,C00482,P049,V001,R03,4,899.9,0.0
S0009603,PED004777,2025-03-10,C00650,P004,V010,R04,2,499.9,0.0
S0009604,PED004778,2025-11-04,C00679,P016,V013,R03,3,149.9,0.1
S0009605,PED004778,2025-11-04,C00679,P013,V013,R03,2,899.9,0.1
S0009606,PED004778,2025-11-04,C00679,P027,V013,R03,3,249.9,0.05
S0009607,PED004779,2025-10-15,C00564,P002,V008,R03,2,499.9,0.05
S0009608,PED004779,2025-10-15,C00564,P018,V008,R03,4,499.9,0.0
S0009609,PED004779,2025-10-15,C00564,P046,V008,R03,3,249.9,0.05
S0009610,PED004780,2025-12-24,C00621,P027,V004,R05,2,249.9,0.0
S0009611,PED004780,2025-12-24,C00621,P002,V004,R05,1,499.9,0.0
S0009612,PED004781,2023-06-12,C00553,P034,V007,R05,3,499.9,0.0
S0009613,PED004782,2025-06-10,C00463,P009,V008,R05,4,499.9,0.1
S0009614,PED004783,2025-06-19,C00591,P029,V014,R04,4,249.9,0.0
S0009615,PED004783,2025-06-19,C00591,P036,V014,R04,3,49.9,0.05
S0009616,PED004783,2025-06-19,C00591,P016,V014,R04,1,149.9,0.1
S0009617,PED004784,2024-12-12,C00057,P053,V008,R03,2,49.9,0.1
S0009618,PED004784,2024-12-12,C00057,P025,V008,R03,3,149.9,0.2
S0009619,PED004784,2024-12-12,C00057,P022,V008,R03,2,499.9,0.0
S0009620,PED004785,2023-11-17,C00542,P013,V011,R02,3,899.9,0.05
S0009621,PED004785,2023-11-17,C00542,P031,V011,R02,4,149.9,0.0
S0009622,PED004785,2023-11-17,C00542,P060,V011,R02,4,149.9,0.0
S0009623,PED004786,2025-12-01,C00553,P009,V024,R05,2,499.9,0.1
S0009624,PED004786,2025-12-01,C00553,P042,V024,R05,2,499.9,0.15
S0009625,PED004787,2023-09-06,C00605,P002,V012,R03,3,499.9,0.0
S0009626,PED004788,2024-07-23,C00637,P028,V011,R05,2,499.9,0.0
S0009627,PED004789,2024-08-18,C00638,P044,V004,R04,4,499.9,0.0
S0009628,PED004789,2024-08-18,C00638,P056,V004,R04,1,149.9,0.15
S0009629,PED004789,2024-08-18,C00638,P009,V004,R04,2,499.9,0.05
S0009630,PED004790,2023-07-18,C00458,P010,V022,R05,4,249.9,0.0
S0009631,PED004790,2023-07-18,C00458,P019,V022,R05,3,149.9,0.2
S0009632,PED004791,2025-03-13,C00635,P039,V004,R01,4,249.9,0.0
S0009633,PED004791,2025-03-13,C00635,P010,V004,R01,3,249.9,0.05
S0009634,PED004792,2023-04-23,C00652,P056,V014,R04,2,149.9,0.0
S0009635,PED004792,2023-04-23,C00652,P034,V014,R04,1,499.9,0.0
S0009636,PED004792,2023-04-23,C00652,P007,V014,R04,2,899.9,0.0
S0009637,PED004793,2025-02-03,C00510,P059,V004,R02,4,499.9,0.1
S0009638,PED004793,2025-02-03,C00510,P007,V004,R02,3,899.9,0.05
S0009639,PED004794,2025-08-11,C00665,P012,V004,R03,3,89.9,0.1
S0009640,PED004795,2024-01-21,C00497,P042,V010,R04,1,499.9,0.0
S0009641,PED004795,2024-01-21,C00497,P004,V010,R04,3,499.9,0.0
S0009642,PED004796,2025-02-25,C00474,P039,V006,R04,1,249.9,0.05
S0009643,PED004796,2025-02-25,C00474,P023,V006,R04,4,899.9,0.0
S0009644,PED004797,2023-07-12,C00664,P004,V011,R04,3,499.9,0.0
S0009645,PED004798,2025-08-07,C00542,P019,V021,R02,2,149.9,0.05
S0009646,PED004799,2025-11-21,C00525,P008,V021,R01,4,149.9,0.2
S0009647,PED004800,2023-07-07,C00539,P025,V019,R04,3,149.9,0.0
S0009648,PED004801,2025-02-01,C00541,P032,V020,R01,2,499.9,0.0
S0009649,PED004802,2024-07-30,C00658,P036,V003,R04,1,49.9,0.05
S0009650,PED004802,2024-07-30,C00658,P031,V003,R04,2,149.9,0.1
S0009651,PED004803,2024-08-29,C00639,P054,V014,R05,1,249.9,0.05
S0009652,PED004803,2024-08-29,C00639,P001,V014,R05,4,49.9,0.1
S0009653,PED004804,2025-02-21,C00501,P008,V012,R03,3,149.9,0.05
S0009654,PED004805,2024-07-10,C00261,P002,V009,R04,2,499.9,0.0
S0009655,PED004805,2024-07-10,C00261,P009,V009,R04,4,499.9,0.05
S0009656,PED004806,2024-11-07,C00469,P027,V006,R04,4,249.9,0.05
S0009657,PED004806,2024-11-07,C00469,P035,V006,R04,3,499.9,0.2
S0009658,PED004807,2023-10-05,C00477,P033,V015,R01,3,89.9,0.05
S0009659,PED004807,2023-10-05,C00477,P020,V015,R01,3,49.9,0.15
S0009660,PED004808,2024-02-29,C00558,P028,V024,R03,2,499.9,0.1
S0009661,PED004808,2024-02-29,C00558,P012,V024,R03,1,89.9,0.15
S0009662,PED004809,2025-08-30,C00517,P035,V013,R04,1,499.9,0.05
S0009663,PED004809,2025-08-30,C00517,P004,V013,R04,2,499.9,0.0
S0009664,PED004809,2025-08-30,C00517,P028,V013,R04,4,499.9,0.1
S0009665,PED004810,2023-05-18,C00690,P011,V012,R04,3,149.9,0.0
S0009666,PED004811,2024-11-05,C00588,P015,V006,R05,1,499.9,0.1
S0009667,PED004811,2024-11-05,C00588,P008,V006,R05,3,149.9,0.05
S0009668,PED004811,2024-11-05,C00588,P044,V006,R05,3,499.9,0.1
S0009669,PED004812,2023-08-14,C00620,P025,V016,R01,1,149.9,0.0
S0009670,PED004812,2023-08-14,C00620,P021,V016,R01,1,899.9,0.0
S0009671,PED004813,2025-08-08,C00553,P035,V016,R05,2,499.9,0.05
S0009672,PED004813,2025-08-08,C00553,P023,V016,R05,4,899.9,0.0
S0009673,PED004814,2024-10-19,C00657,P014,V024,R05,2,499.9,0.05
S0009674,PED004814,2024-10-19,C00657,P039,V024,R05,1,249.9,0.05
S0009675,PED004815,2024-03-30,C00503,P019,V006,R04,2,149.9,0.1
S0009676,PED004816,2023-10-24,C00476,P009,V010,R01,1,499.9,0.2
S0009677,PED004817,2024-05-10,C00608,P009,V002,R04,3,499.9,0.0
S0009678,PED004817,2024-05-10,C00608,P019,V002,R04,4,149.9,0.05
S0009679,PED004818,2025-11-25,C00494,P028,V005,R05,2,499.9,0.15
S0009680,PED004818,2025-11-25,C00494,P003,V005,R05,2,49.9,0.1
S0009681,PED004818,2025-11-25,C00494,P052,V005,R05,3,89.9,0.2
S0009682,PED004819,2024-08-03,C00545,P041,V024,R01,2,149.9,0.1
S0009683,PED004820,2024-06-17,C00654,P051,V002,R05,1,899.9,0.1
S0009684,PED004820,2024-06-17,C00654,P009,V002,R05,3,499.9,0.2
S0009685,PED004821,2025-04-11,C00490,P034,V019,R03,4,499.9,0.2
S0009686,PED004821,2025-04-11,C00490,P027,V019,R03,3,249.9,0.1
S0009687,PED004821,2025-04-11,C00490,P002,V019,R03,2,499.9,0.0
S0009688,PED004822,2024-03-01,C00564,P059,V009,R03,2,499.9,0.05
S0009689,PED004822,2024-03-01,C00564,P009,V009,R03,2,499.9,0.05
S0009690,PED004823,2024-04-29,C00538,P006,V011,R04,4,499.9,0.1
S0009691,PED004824,2024-01-05,C00594,P036,V018,R04,4,49.9,0.1
S0009692,PED004824,2024-01-05,C00594,P006,V018,R04,3,499.9,0.1
S0009693,PED004824,2024-01-05,C00594,P029,V018,R04,4,249.9,0.1
S0009694,PED004825,2023-07-05,C00571,P026,V019,R02,2,49.9,0.1
S0009695,PED004825,2023-07-05,C00571,P006,V019,R02,4,499.9,0.1
S0009696,PED004826,2025-03-03,C00461,P039,V006,R03,1,249.9,0.0
S0009697,PED004826,2025-03-03,C00461,P002,V006,R03,3,499.9,0.0
S0009698,PED004827,2025-09-08,C00622,P005,V013,R04,1,499.9,0.05
S0009699,PED004827,2025-09-08,C00622,P010,V013,R04,4,249.9,0.2
S0009700,PED004828,2025-10-13,C00580,P002,V010,R01,4,499.9,0.0
S0009701,PED004829,2025-09-17,C00688,P055,V006,R03,1,149.9,0.05
S0009702,PED004829,2025-09-17,C00688,P023,V006,R03,1,899.9,0.15
S0009703,PED004829,2025-09-17,C00688,P028,V006,R03,1,499.9,0.1
S0009704,PED004830,2024-05-28,C00658,P001,V003,R04,2,49.9,0.15
S0009705,PED004830,2024-05-28,C00658,P032,V003,R04,4,499.9,0.0
S0009706,PED004830,2024-05-28,C00658,P024,V003,R04,4,149.9,0.0
S0009707,PED004831,2023-11-21,C00319,P021,V021,R03,3,899.9,0.15
S0009708,PED004831,2023-11-21,C00319,P026,V021,R03,2,49.9,0.0
S0009709,PED004831,2023-11-21,C00319,P030,V021,R03,3,499.9,0.0
S0009710,PED004832,2024-12-06,C00600,P026,V023,R05,3,49.9,0.0
S0009711,PED004833,2025-11-23,C00681,P060,V022,R02,2,149.9,0.0
S0009712,PED004833,2025-11-23,C00681,P007,V022,R02,3,899.9,0.2
S0009713,PED004833,2025-11-23,C00681,P014,V022,R02,2,499.9,0.0
S0009714,PED004834,2025-03-19,C00627,P013,V019,R02,4,899.9,0.05
S0009715,PED004834,2025-03-19,C00627,P027,V019,R02,1,249.9,0.15
S0009716,PED004834,2025-03-19,C00627,P045,V019,R02,2,49.9,0.05
S0009717,PED004835,2024-07-17,C00602,P020,V024,R01,3,49.9,0.05
S0009718,PED004836,2025-01-28,C00620,P018,V020,R01,4,499.9,0.0
S0009719,PED004836,2025-01-28,C00620,P007,V020,R01,3,899.9,0.05
S0009720,PED004836,2025-01-28,C00620,P002,V020,R01,2,499.9,0.0
S0009721,PED004837,2025-05-13,C00494,P010,V010,R05,4,249.9,0.05
S0009722,PED004837,2025-05-13,C00494,P033,V010,R05,1,89.9,0.0
S0009723,PED004837,2025-05-13,C00494,P002,V010,R05,4,499.9,0.1
S0009724,PED004838,2025-10-27,C00574,P001,V002,R02,2,49.9,0.0
S0009725,PED004838,2025-10-27,C00574,P015,V002,R02,1,499.9,0.0
S0009726,PED004839,2025-05-02,C00341,P012,V019,R04,1,89.9,0.15
S0009727,PED004839,2025-05-02,C00341,P010,V019,R04,3,249.9,0.1
S0009728,PED004839,2025-05-02,C00341,P022,V019,R04,2,499.9,0.2
S0009729,PED004840,2024-05-06,C00657,P060,V006,R05,4,149.9,0.0
S0009730,PED004840,2024-05-06,C00657,P017,V006,R05,2,499.9,0.05
S0009731,PED004841,2023-11-13,C00493,P015,V010,R01,1,499.9,0.1
S0009732,PED004841,2023-11-13,C00493,P022,V010,R01,3,499.9,0.2
S0009733,PED004842,2024-07-23,C00620,P026,V011,R01,4,49.9,0.1
S0009734,PED004842,2024-07-23,C00620,P034,V011,R01,3,499.9,0.05
S0009735,PED004842,2024-07-23,C00620,P044,V011,R01,3,499.9,0.1
S0009736,PED004843,2023-12-27,C00500,P028,V003,R01,2,499.9,0.05
S0009737,PED004843,2023-12-27,C00500,P013,V003,R01,3,899.9,0.2
S0009738,PED004843,2023-12-27,C00500,P009,V003,R01,3,499.9,0.0
S0009739,PED004844,2025-11-14,C00559,P006,V004,R01,1,499.9,0.05
S0009740,PED004844,2025-11-14,C00559,P057,V004,R01,2,149.9,0.0
S0009741,PED004844,2025-11-14,C00559,P017,V004,R01,1,499.9,0.15
S0009742,PED004845,2024-08-02,C00537,P018,V016,R02,1,499.9,0.0
S0009743,PED004845,2024-08-02,C00537,P005,V016,R02,1,499.9,0.0
S0009744,PED004846,2024-06-20,C00045,P016,V003,R01,3,149.9,0.0
S0009745,PED004846,2024-06-20,C00045,P022,V003,R01,2,499.9,0.1
S0009746,PED004847,2024-01-20,C00577,P023,V002,R04,4,899.9,0.15
S0009747,PED004847,2024-01-20,C00577,P029,V002,R04,3,249.9,0.1
S0009748,PED004848,2024-12-08,C00040,P051,V016,R02,4,899.9,0.05
S0009749,PED004848,2024-12-08,C00040,P044,V016,R02,2,499.9,0.0
S0009750,PED004849,2024-08-16,C00578,P007,V023,R04,3,899.9,0.1
S0009751,PED004849,2024-08-16,C00578,P010,V023,R04,2,249.9,0.05
S0009752,PED004849,2024-08-16,C00578,P040,V023,R04,1,249.9,0.15
S0009753,PED004850,2023-06-09,C00698,P029,V009,R05,3,249.9,0.0
S0009754,PED004850,2023-06-09,C00698,P046,V009,R05,1,249.9,0.0
S0009755,PED004851,2025-09-04,C00592,P003,V011,R05,4,49.9,0.0
S0009756,PED004851,2025-09-04,C00592,P037,V011,R05,4,149.9,0.0
S0009757,PED004851,2025-09-04,C00592,P034,V011,R05,2,499.9,0.0
S0009758,PED004852,2024-02-03,C00478,P046,V011,R03,3,249.9,0.05
S0009759,PED004853,2024-05-05,C00511,P040,V003,R04,2,249.9,0.05
S0009760,PED004854,2023-09-07,C00546,P003,V017,R04,2,49.9,0.0
S0009761,PED004854,2023-09-07,C00546,P049,V017,R04,4,899.9,0.1
S0009762,PED004854,2023-09-07,C00546,P015,V017,R04,3,499.9,0.05
S0009763,PED004855,2024-09-23,C00541,P042,V013,R01,2,499.9,0.1
S0009764,PED004855,2024-09-23,C00541,P040,V013,R01,3,249.9,0.05
S0009765,PED004856,2025-02-15,C00488,P010,V017,R04,1,249.9,0.15
S0009766,PED004857,2025-09-17,C00690,P059,V019,R04,1,499.9,0.0
S0009767,PED004858,2023-03-09,C00677,P034,V001,R03,3,499.9,0.05
S0009768,PED004858,2023-03-09,C00677,P042,V001,R03,2,499.9,0.1
S0009769,PED004859,2025-12-08,C00628,P056,V004,R05,1,149.9,0.2
S0009770,PED004859,2025-12-08,C00628,P025,V004,R05,3,149.9,0.05
S0009771,PED004859,2025-12-08,C00628,P039,V004,R05,4,249.9,0.05
S0009772,PED004860,2025-02-18,C00519,P006,V013,R03,4,499.9,0.0
S0009773,PED004860,2025-02-18,C00519,P034,V013,R03,1,499.9,0.0
S0009774,PED004860,2025-02-18,C00519,P046,V013,R03,3,249.9,0.0
S0009775,PED004861,2023-11-21,C00616,P002,V001,R01,3,499.9,0.0
S0009776,PED004861,2023-11-21,C00616,P028,V001,R01,2,499.9,0.0
S0009777,PED004862,2023-09-06,C00529,P016,V016,R04,3,149.9,0.1
S0009778,PED004863,2023-11-30,C00563,P032,V018,R01,1,499.9,0.0
S0009779,PED004863,2023-11-30,C00563,P037,V018,R01,2,149.9,0.2
S0009780,PED004863,2023-11-30,C00563,P026,V018,R01,4,49.9,0.1
S0009781,PED004864,2025-09-11,C00532,P027,V014,R04,3,249.9,0.1
S0009782,PED004864,2025-09-11,C00532,P004,V014,R04,2,499.9,0.05
S0009783,PED004864,2025-09-11,C00532,P014,V014,R04,2,499.9,0.0
S0009784,PED004865,2023-11-26,C00590,P040,V019,R01,1,249.9,0.05
S0009785,PED004865,2023-11-26,C00590,P042,V019,R01,2,499.9,0.05
S0009786,PED004866,2024-06-09,C00595,P022,V004,R01,2,499.9,0.0
S0009787,PED004866,2024-06-09,C00595,P032,V004,R01,4,499.9,0.05
S0009788,PED004866,2024-06-09,C00595,P020,V004,R01,2,49.9,0.1
S0009789,PED004867,2025-02-20,C00509,P026,V019,R04,1,49.9,0.15
S0009790,PED004867,2025-02-20,C00509,P018,V019,R04,1,499.9,0.1
S0009791,PED004867,2025-02-20,C00509,P033,V019,R04,2,89.9,0.0
S0009792,PED004868,2025-09-07,C00465,P006,V021,R05,4,499.9,0.2
S0009793,PED004868,2025-09-07,C00465,P032,V021,R05,2,499.9,0.05
S0009794,PED004868,2025-09-07,C00465,P023,V021,R05,2,899.9,0.05
S0009795,PED004869,2024-12-24,C00663,P037,V005,R01,4,149.9,0.05
S0009796,PED004870,2025-04-20,C00667,P042,V022,R04,4,499.9,0.0
S0009797,PED004871,2023-08-01,C00521,P026,V021,R02,2,49.9,0.0
S0009798,PED004871,2023-08-01,C00521,P057,V021,R02,1,149.9,0.0
S0009799,PED004871,2023-08-01,C00521,P010,V021,R02,4,249.9,0.0
S0009800,PED004872,2025-09-13,C00581,P021,V007,R02,3,899.9,0.15
S0009801,PED004872,2025-09-13,C00581,P017,V007,R02,3,499.9,0.05
S0009802,PED004873,2023-11-14,C00541,P046,V007,R01,4,249.9,0.1
S0009803,PED004873,2023-11-14,C00541,P011,V007,R01,2,149.9,0.15
S0009804,PED004873,2023-11-14,C00541,P054,V007,R01,4,249.9,0.0
S0009805,PED004874,2023-06-09,C00597,P015,V002,R04,3,499.9,0.0
S0009806,PED004875,2025-12-11,C00453,P019,V003,R04,1,149.9,0.0
S0009807,PED004875,2025-12-11,C00453,P008,V003,R04,4,149.9,0.0
S0009808,PED004876,2023-09-03,C00538,P006,V003,R04,2,499.9,0.05
S0009809,PED004876,2023-09-03,C00538,P009,V003,R04,2,499.9,0.15
S0009810,PED004876,2023-09-03,C00538,P020,V003,R04,3,49.9,0.1
S0009811,PED004877,2023-06-18,C00596,P036,V004,R04,2,49.9,0.1
S0009812,PED004877,2023-06-18,C00596,P025,V004,R04,1,149.9,0.0
S0009813,PED004877,2023-06-18,C00596,P007,V004,R04,1,899.9,0.1
S0009814,PED004878,2024-11-27,C00518,P057,V023,R02,4,149.9,0.05
S0009815,PED004878,2024-11-27,C00518,P017,V023,R02,2,499.9,0.05
S0009816,PED004879,2023-12-19,C00185,P003,V017,R02,2,49.9,0.15
S0009817,PED004880,2023-06-14,C00450,P013,V004,R01,4,899.9,0.0
S0009818,PED004881,2024-11-08,C00608,P012,V019,R04,4,89.9,0.0
S0009819,PED004881,2024-11-08,C00608,P011,V019,R04,1,149.9,0.1
S0009820,PED004881,2024-11-08,C00608,P008,V019,R04,4,149.9,0.0
S0009821,PED004882,2025-04-27,C00093,P033,V004,R02,3,89.9,0.2
S0009822,PED004882,2025-04-27,C00093,P011,V004,R02,1,149.9,0.15
S0009823,PED004883,2025-06-06,C00582,P027,V004,R05,1,249.9,0.05
S0009824,PED004883,2025-06-06,C00582,P019,V004,R05,3,149.9,0.05
S0009825,PED004883,2025-06-06,C00582,P048,V004,R05,1,149.9,0.0
S0009826,PED004884,2023-07-10,C00558,P054,V009,R03,3,249.9,0.0
S0009827,PED004885,2024-09-27,C00644,P047,V014,R02,1,149.9,0.0
S0009828,PED004886,2025-06-30,C00611,P040,V005,R01,1,249.9,0.0
S0009829,PED004887,2023-07-17,C00491,P035,V013,R02,2,499.9,0.0
S0009830,PED004887,2023-07-17,C00491,P056,V013,R02,4,149.9,0.0
S0009831,PED004888,2023-09-10,C00658,P004,V011,R04,1,499.9,0.0
S0009832,PED004888,2023-09-10,C00658,P009,V011,R04,4,499.9,0.0
S0009833,PED004889,2023-01-04,C00625,P057,V006,R05,3,149.9,0.15
S0009834,PED004890,2024-08-21,C00653,P031,V017,R01,4,149.9,0.05
S0009835,PED004891,2023-08-26,C00689,P001,V011,R03,4,49.9,0.05
S0009836,PED004892,2025-03-15,C00592,P043,V017,R05,1,49.9,0.1
S0009837,PED004893,2025-11-29,C00270,P006,V011,R02,4,499.9,0.0
S0009838,PED004893,2025-11-29,C00270,P054,V011,R02,4,249.9,0.1
S0009839,PED004893,2025-11-29,C00270,P002,V011,R02,3,499.9,0.1
S0009840,PED004894,2023-09-11,C00520,P028,V011,R02,4,499.9,0.2
S0009841,PED004894,2023-09-11,C00520,P045,V011,R02,3,49.9,0.15
S0009842,PED004894,2023-09-11,C00520,P005,V011,R02,4,499.9,0.0
S0009843,PED004895,2024-12-16,C00656,P004,V023,R01,1,499.9,0.2
S0009844,PED004895,2024-12-16,C00656,P017,V023,R01,2,499.9,0.1
S0009845,PED004895,2024-12-16,C00656,P052,V023,R01,2,89.9,0.05
S0009846,PED004896,2023-09-14,C00605,P006,V003,R03,3,499.9,0.1
S0009847,PED004897,2023-01-23,C00505,P032,V005,R05,2,499.9,0.1
S0009848,PED004897,2023-01-23,C00505,P021,V005,R05,2,899.9,0.0
S0009849,PED004898,2025-04-26,C00101,P003,V017,R01,3,49.9,0.05
S0009850,PED004898,2025-04-26,C00101,P036,V017,R01,2,49.9,0.15
S0009851,PED004898,2025-04-26,C00101,P017,V017,R01,4,499.9,0.2
S0009852,PED004899,2024-05-07,C00671,P011,V012,R01,3,149.9,0.1
S0009853,PED004900,2025-11-17,C00583,P006,V011,R01,4,499.9,0.0
S0009854,PED004900,2025-11-17,C00583,P042,V011,R01,4,499.9,0.05
S0009855,PED004900,2025-11-17,C00583,P038,V011,R01,3,499.9,0.0
S0009856,PED004901,2024-09-02,C00468,P005,V013,R02,3,499.9,0.1
S0009857,PED004901,2024-09-02,C00468,P045,V013,R02,1,49.9,0.0
S0009858,PED004902,2023-07-13,C00601,P019,V022,R05,3,149.9,0.0
S0009859,PED004902,2023-07-13,C00601,P002,V022,R05,1,499.9,0.1
S0009860,PED004902,2023-07-13,C00601,P028,V022,R05,4,499.9,0.1
S0009861,PED004903,2024-05-25,C00650,P022,V005,R04,1,499.9,0.05
S0009862,PED004904,2023-09-04,C00599,P022,V014,R04,3,499.9,0.15
S0009863,PED004904,2023-09-04,C00599,P023,V014,R04,1,899.9,0.0
S0009864,PED004905,2025-09-13,C00464,P013,V005,R04,4,899.9,0.1
S0009865,PED004906,2025-01-31,C00527,P060,V015,R03,4,149.9,0.0
S0009866,PED004906,2025-01-31,C00527,P001,V015,R03,1,49.9,0.1
S0009867,PED004907,2024-01-11,C00679,P013,V009,R03,2,899.9,0.15
S0009868,PED004908,2024-08-25,C00667,P022,V002,R04,2,499.9,0.05
S0009869,PED004908,2024-08-25,C00667,P018,V002,R04,1,499.9,0.1
S0009870,PED004908,2024-08-25,C00667,P033,V002,R04,4,89.9,0.0
S0009871,PED004909,2025-01-04,C00657,P046,V020,R05,3,249.9,0.0
S0009872,PED004909,2025-01-04,C00657,P021,V020,R05,4,899.9,0.2
S0009873,PED004910,2025-05-25,C00655,P007,V022,R03,4,899.9,0.0
S0009874,PED004910,2025-05-25,C00655,P022,V022,R03,4,499.9,0.05
S0009875,PED004911,2023-04-12,C00549,P008,V024,R03,2,149.9,0.0
S0009876,PED004912,2023-01-29,C00561,P051,V009,R03,3,899.9,0.0
S0009877,PED004912,2023-01-29,C00561,P040,V009,R03,4,249.9,0.0
S0009878,PED004913,2023-05-24,C00533,P025,V001,R01,4,149.9,0.15
S0009879,PED004913,2023-05-24,C00533,P024,V001,R01,2,149.9,0.1
S0009880,PED004913,2023-05-24,C00533,P014,V001,R01,4,499.9,0.15
S0009881,PED004914,2024-03-20,C00565,P007,V003,R04,4,899.9,0.0
S0009882,PED004914,2024-03-20,C00565,P010,V003,R04,1,249.9,0.0
S0009883,PED004915,2024-06-14,C00464,P005,V011,R04,1,499.9,0.1
S0009884,PED004916,2023-06-18,C00592,P011,V009,R05,3,149.9,0.1
S0009885,PED004917,2024-04-09,C00657,P030,V023,R05,2,499.9,0.0
S0009886,PED004917,2024-04-09,C00657,P038,V023,R05,1,499.9,0.05
S0009887,PED004917,2024-04-09,C00657,P025,V023,R05,1,149.9,0.05
S0009888,PED004918,2024-05-16,C00586,P002,V019,R02,1,499.9,0.0
S0009889,PED004919,2023-05-17,C00638,P005,V010,R04,3,499.9,0.15
S0009890,PED004919,2023-05-17,C00638,P027,V010,R04,1,249.9,0.05
S0009891,PED004919,2023-05-17,C00638,P042,V010,R04,4,499.9,0.15
S0009892,PED004920,2025-10-24,C00463,P057,V011,R05,1,149.9,0.0
S0009893,PED004921,2024-11-06,C00581,P025,V006,R02,1,149.9,0.05
S0009894,PED004921,2024-11-06,C00581,P026,V006,R02,1,49.9,0.0
S0009895,PED004922,2024-03-12,C00563,P002,V005,R01,3,499.9,0.0
S0009896,PED004923,2024-07-31,C00329,P041,V024,R04,1,149.9,0.0
S0009897,PED004924,2023-12-15,C00629,P032,V022,R02,4,499.9,0.0
S0009898,PED004924,2023-12-15,C00629,P044,V022,R02,4,499.9,0.0
S0009899,PED004925,2025-08-17,C00535,P050,V005,R05,3,899.9,0.1
S0009900,PED004925,2025-08-17,C00535,P013,V005,R05,4,899.9,0.1
S0009901,PED004925,2025-08-17,C00535,P045,V005,R05,3,49.9,0.05
S0009902,PED004926,2024-10-15,C00499,P027,V014,R04,4,249.9,0.0
S0009903,PED004927,2024-07-17,C00684,P047,V011,R01,3,149.9,0.0
S0009904,PED004928,2025-10-18,C00621,P041,V001,R05,2,149.9,0.05
S0009905,PED004929,2025-07-29,C00049,P023,V006,R03,3,899.9,0.1
S0009906,PED004929,2025-07-29,C00049,P026,V006,R03,2,49.9,0.0
S0009907,PED004929,2025-07-29,C00049,P019,V006,R03,1,149.9,0.1
S0009908,PED004930,2025-06-29,C00647,P016,V001,R04,2,149.9,0.1
S0009909,PED004930,2025-06-29,C00647,P029,V001,R04,4,249.9,0.0
S0009910,PED004931,2023-09-30,C00559,P058,V003,R01,1,49.9,0.05
S0009911,PED004931,2023-09-30,C00559,P002,V003,R01,1,499.9,0.05
S0009912,PED004931,2023-09-30,C00559,P042,V003,R01,3,499.9,0.05
S0009913,PED004932,2023-07-07,C00553,P007,V001,R05,3,899.9,0.05
S0009914,PED004932,2023-07-07,C00553,P025,V001,R05,4,149.9,0.05
S0009915,PED004933,2025-01-30,C00326,P017,V024,R02,2,499.9,0.1
S0009916,PED004933,2025-01-30,C00326,P003,V024,R02,3,49.9,0.0
S0009917,PED004934,2024-06-16,C00621,P008,V001,R05,4,149.9,0.0
S0009918,PED004935,2025-01-22,C00687,P022,V008,R03,2,499.9,0.0
S0009919,PED004935,2025-01-22,C00687,P005,V008,R03,1,499.9,0.1
S0009920,PED004936,2025-04-29,C00596,P004,V013,R04,1,499.9,0.15
S0009921,PED004936,2025-04-29,C00596,P008,V013,R04,4,149.9,0.05
S0009922,PED004937,2023-11-29,C00459,P006,V021,R03,2,499.9,0.05
S0009923,PED004937,2023-11-29,C00459,P031,V021,R03,3,149.9,0.15
S0009924,PED004937,2023-11-29,C00459,P020,V021,R03,2,49.9,0.0
S0009925,PED004938,2023-11-21,C00636,P006,V008,R04,2,499.9,0.0
S0009926,PED004939,2024-07-12,C00566,P036,V009,R05,4,49.9,0.0
S0009927,PED004940,2023-11-13,C00513,P023,V001,R05,3,899.9,0.05
S0009928,PED004940,2023-11-13,C00513,P014,V001,R05,1,499.9,0.0
S0009929,PED004941,2025-01-01,C00324,P029,V007,R02,4,249.9,0.0
S0009930,PED004941,2025-01-01,C00324,P059,V007,R02,1,499.9,0.15
S0009931,PED004941,2025-01-01,C00324,P030,V007,R02,3,499.9,0.15
S0009932,PED004942,2025-04-12,C00690,P030,V012,R04,1,499.9,0.0
S0009933,PED004942,2025-04-12,C00690,P006,V012,R04,3,499.9,0.0
S0009934,PED004943,2024-06-20,C00462,P054,V009,R04,1,249.9,0.1
S0009935,PED004944,2025-03-15,C00645,P010,V018,R01,4,249.9,0.0
S0009936,PED004944,2025-03-15,C00645,P026,V018,R01,3,49.9,0.0
S0009937,PED004945,2024-08-05,C00451,P016,V015,R03,4,149.9,0.1
S0009938,PED004945,2024-08-05,C00451,P029,V015,R03,2,249.9,0.1
S0009939,PED004946,2025-03-02,C00615,P029,V004,R05,1,249.9,0.05
S0009940,PED004946,2025-03-02,C00615,P055,V004,R05,4,149.9,0.05
S0009941,PED004946,2025-03-02,C00615,P016,V004,R05,2,149.9,0.05
S0009942,PED004947,2023-09-29,C00517,P038,V006,R04,2,499.9,0.0
S0009943,PED004947,2023-09-29,C00517,P024,V006,R04,4,149.9,0.1
S0009944,PED004948,2025-04-02,C00460,P047,V003,R03,4,149.9,0.05
S0009945,PED004948,2025-04-02,C00460,P040,V003,R03,1,249.9,0.2
S0009946,PED004949,2025-03-04,C00577,P002,V007,R04,1,499.9,0.1
S0009947,PED004950,2023-11-07,C00115,P041,V019,R04,4,149.9,0.05
S0009948,PED004951,2024-09-26,C00032,P032,V021,R03,4,499.9,0.2
S0009949,PED004951,2024-09-26,C00032,P015,V021,R03,4,499.9,0.05
S0009950,PED004952,2025-08-19,C00599,P039,V012,R04,4,249.9,0.2
S0009951,PED004952,2025-08-19,C00599,P005,V012,R04,1,499.9,0.1
S0009952,PED004953,2023-10-24,C00486,P001,V008,R04,2,49.9,0.1
S0009953,PED004953,2023-10-24,C00486,P012,V008,R04,2,89.9,0.05
S0009954,PED004953,2023-10-24,C00486,P014,V008,R04,3,499.9,0.0
S0009955,PED004954,2025-03-30,C00670,P040,V017,R01,4,249.9,0.0
S0009956,PED004954,2025-03-30,C00670,P016,V017,R01,1,149.9,0.1
S0009957,PED004955,2025-11-23,C00149,P047,V017,R04,4,149.9,0.1
S0009958,PED004956,2025-08-31,C00492,P016,V010,R03,2,149.9,0.0
S0009959,PED004956,2025-08-31,C00492,P012,V010,R03,2,89.9,0.0
S0009960,PED004956,2025-08-31,C00492,P004,V010,R03,1,499.9,0.1
S0009961,PED004957,2024-03-28,C00563,P010,V011,R01,2,249.9,0.2
S0009962,PED004957,2024-03-28,C00563,P027,V011,R01,1,249.9,0.1
S0009963,PED004958,2024-11-13,C00556,P040,V022,R01,3,249.9,0.0
S0009964,PED004958,2024-11-13,C00556,P027,V022,R01,2,249.9,0.1
S0009965,PED004959,2025-12-24,C00292,P002,V023,R03,3,499.9,0.0
S0009966,PED004960,2024-10-09,C00604,P004,V008,R02,4,499.9,0.0
S0009967,PED004961,2023-05-24,C00475,P005,V011,R01,1,499.9,0.05
S0009968,PED004961,2023-05-24,C00475,P003,V011,R01,2,49.9,0.0
S0009969,PED004962,2023-03-01,C00623,P036,V010,R05,4,49.9,0.1
S0009970,PED004963,2025-06-03,C00486,P040,V011,R04,4,249.9,0.0
S0009971,PED004963,2025-06-03,C00486,P003,V011,R04,3,49.9,0.0
S0009972,PED004963,2025-06-03,C00486,P008,V011,R04,2,149.9,0.15
S0009973,PED004964,2024-04-24,C00629,P003,V019,R02,2,49.9,0.0
S0009974,PED004965,2023-10-21,C00609,P011,V004,R05,3,149.9,0.1
S0009975,PED004966,2024-01-19,C00619,P002,V023,R01,1,499.9,0.1
S0009976,PED004967,2025-04-25,C00498,P008,V006,R01,3,149.9,0.05
S0009977,PED004968,2024-06-12,C00579,P004,V003,R03,1,499.9,0.0
S0009978,PED004969,2025-09-03,C00680,P022,V021,R01,1,499.9,0.0
S0009979,PED004969,2025-09-03,C00680,P006,V021,R01,4,499.9,0.0
S0009980,PED004969,2025-09-03,C00680,P008,V021,R01,4,149.9,0.2
S0009981,PED004970,2025-03-28,C00545,P033,V024,R01,3,89.9,0.0
S0009982,PED004971,2025-12-09,C00633,P003,V002,R05,3,49.9,0.05
S0009983,PED004972,2025-09-25,C00615,P040,V004,R05,4,249.9,0.05
S0009984,PED004972,2025-09-25,C00615,P003,V004,R05,1,49.9,0.0
S0009985,PED004972,2025-09-25,C00615,P024,V004,R05,2,149.9,0.15
S0009986,PED004973,2023-10-29,C00458,P022,V022,R05,1,499.9,0.0
S0009987,PED004974,2024-12-25,C00628,P010,V008,R05,2,249.9,0.1
S0009988,PED004974,2024-12-25,C00628,P004,V008,R05,3,499.9,0.05
S0009989,PED004974,2024-12-25,C00628,P019,V008,R05,2,149.9,0.05
S0009990,PED004975,2023-01-27,C00658,P006,V022,R04,4,499.9,0.05
S0009991,PED004975,2023-01-27,C00658,P018,V022,R04,4,499.9,0.1
S0009992,PED004976,2025-12-24,C00626,P048,V009,R02,4,149.9,0.0
S0009993,PED004976,2025-12-24,C00626,P020,V009,R02,1,49.9,0.0
S0009994,PED004977,2023-11-03,C00606,P019,V005,R01,1,149.9,0.0
S0009995,PED004977,2023-11-03,C00606,P020,V005,R01,4,49.9,0.0
S0009996,PED004978,2024-12-30,C00520,P014,V013,R02,3,499.9,0.0
S0009997,PED004978,2024-12-30,C00520,P008,V013,R02,1,149.9,0.0
S0009998,PED004979,2025-08-11,C00663,P053,V010,R01,2,49.9,0.05
S0009999,PED004979,2025-08-11,C00663,P005,V010,R01,3,499.9,0.15
S0010000,PED004979,2025-08-11,C00663,P047,V010,R01,4,149.9,0.15
S0010001,PED004980,2023-07-16,C00644,P015,V004,R02,1,499.9,0.05
S0010002,PED004981,2025-08-10,C00381,P011,V004,R05,1,149.9,0.0
S0010003,PED004982,2023-01-16,C00691,P033,V003,R02,1,89.9,0.1
S0010004,PED004983,2024-05-16,C00664,P005,V015,R04,4,499.9,0.05
S0010005,PED004983,2024-05-16,C00664,P009,V015,R04,3,499.9,0.05
S0010006,PED004984,2024-06-20,C00626,P019,V001,R02,2,149.9,0.1
S0010007,PED004985,2024-02-23,C00631,P038,V021,R04,3,499.9,0.05
S0010008,PED004986,2024-10-27,C00457,P011,V021,R01,4,149.9,0.15
S0010009,PED004986,2024-10-27,C00457,P009,V021,R01,2,499.9,0.05
S0010010,PED004987,2025-10-22,C00541,P012,V015,R01,4,89.9,0.15
S0010011,PED004987,2025-10-22,C00541,P042,V015,R01,3,499.9,0.05
S0010012,PED004988,2023-12-26,C00493,P018,V005,R01,4,499.9,0.1
S0010013,PED004989,2024-10-20,C00614,P037,V005,R04,2,149.9,0.1
S0010014,PED004989,2024-10-20,C00614,P034,V005,R04,3,499.9,0.15
S0010015,PED004989,2024-10-20,C00614,P053,V005,R04,2,49.9,0.15
S0010016,PED004990,2025-09-13,C00672,P034,V023,R04,4,499.9,0.1
S0010017,PED004991,2025-05-14,C00642,P042,V014,R01,2,499.9,0.05
S0010018,PED004991,2025-05-14,C00642,P010,V014,R01,4,249.9,0.0
S0010019,PED004992,2023-02-23,C00531,P021,V018,R01,3,899.9,0.1
S0010020,PED004992,2023-02-23,C00531,P024,V018,R01,3,149.9,0.0
S0010021,PED004993,2025-11-14,C00486,P057,V010,R04,2,149.9,0.15
S0010022,PED004993,2025-11-14,C00486,P003,V010,R04,4,49.9,0.0
S0010023,PED004994,2023-03-03,C00230,P031,V021,R04,1,149.9,0.05
S0010024,PED004995,2024-10-29,C00634,P003,V003,R05,1,49.9,0.0
S0010025,PED004996,2024-10-16,C00529,P018,V004,R04,3,499.9,0.0
S0010026,PED004997,2025-05-29,C00496,P005,V008,R01,2,499.9,0.15
S0010027,PED004997,2025-05-29,C00496,P059,V008,R01,2,499.9,0.05
S0010028,PED004997,2025-05-29,C00496,P006,V008,R01,4,499.9,0.1
S0010029,PED004998,2023-07-02,C00570,P014,V001,R03,3,499.9,0.2
S0010030,PED004998,2023-07-02,C00570,P027,V001,R03,4,249.9,0.05
S0010031,PED004999,2023-08-08,C00699,P053,V007,R03,3,49.9,0.0
S0010032,PED004999,2023-08-08,C00699,P032,V007,R03,3,499.9,0.15
S0010033,PED005000,2025-04-19,C00465,P031,V004,R05,1,149.9,0.0
S0010034,PED005000,2025-04-19,C00465,P047,V004,R05,4,149.9,0.0
S0010035,PED005000,2025-04-19,C00465,P009,V004,R05,3,499.9,0.15
S0010036,PED005001,2023-07-03,C00608,P046,V001,R04,1,249.9,0.2
S0010037,PED005001,2023-07-03,C00608,P034,V001,R04,2,499.9,0.1
S0010038,PED005001,2023-07-03,C00608,P047,V001,R04,1,149.9,0.05
S0010039,PED005002,2024-06-17,C00633,P009,V008,R05,3,499.9,0.05
S0010040,PED005002,2024-06-17,C00633,P003,V008,R05,3,49.9,0.0
S0010041,PED005002,2024-06-17,C00633,P049,V008,R05,2,899.9,0.0
S0010042,PED005003,2025-03-24,C00507,P004,V018,R02,1,499.9,0.1
S0010043,PED005003,2025-03-24,C00507,P011,V018,R02,1,149.9,0.1
S0010044,PED005003,2025-03-24,C00507,P012,V018,R02,1,89.9,0.1
S0010045,PED005004,2024-12-18,C00504,P036,V023,R03,3,49.9,0.05
S0010046,PED005004,2024-12-18,C00504,P032,V023,R03,2,499.9,0.0
S0010047,PED005005,2023-09-13,C00657,P022,V005,R05,1,499.9,0.05
S0010048,PED005005,2023-09-13,C00657,P010,V005,R05,2,249.9,0.0
S0010049,PED005006,2023-12-06,C00491,P020,V007,R02,2,49.9,0.0
S0010050,PED005006,2023-12-06,C00491,P022,V007,R02,3,499.9,0.05
S0010051,PED005006,2023-12-06,C00491,P012,V007,R02,3,89.9,0.05
S0010052,PED005007,2025-12-05,C00590,P007,V024,R01,1,899.9,0.15
S0010053,PED005007,2025-12-05,C00590,P020,V024,R01,2,49.9,0.0
S0010054,PED005008,2024-05-24,C00676,P051,V011,R05,2,899.9,0.05
S0010055,PED005008,2024-05-24,C00676,P026,V011,R05,3,49.9,0.1
S0010056,PED005009,2023-02-28,C00694,P011,V001,R03,4,149.9,0.05
S0010057,PED005009,2023-02-28,C00694,P010,V001,R03,2,249.9,0.15
S0010058,PED005010,2023-09-23,C00643,P024,V012,R03,1,149.9,0.05
S0010059,PED005011,2024-01-12,C00620,P031,V014,R01,3,149.9,0.1
S0010060,PED005011,2024-01-12,C00620,P060,V014,R01,1,149.9,0.0
S0010061,PED005011,2024-01-12,C00620,P002,V014,R01,4,499.9,0.1
S0010062,PED005012,2025-12-31,C00466,P014,V002,R05,3,499.9,0.0
S0010063,PED005012,2025-12-31,C00466,P010,V002,R05,2,249.9,0.05
S0010064,PED005012,2025-12-31,C00466,P031,V002,R05,1,149.9,0.05
S0010065,PED005013,2023-12-05,C00576,P059,V001,R05,4,499.9,0.05
S0010066,PED005013,2023-12-05,C00576,P015,V001,R05,1,499.9,0.1
S0010067,PED005013,2023-12-05,C00576,P060,V001,R05,4,149.9,0.1
S0010068,PED005014,2023-02-03,C00429,P010,V003,R04,4,249.9,0.1
S0010069,PED005015,2024-08-08,C00488,P049,V005,R04,4,899.9,0.05
S0010070,PED005016,2023-04-17,C00585,P010,V009,R04,1,249.9,0.2
S0010071,PED005017,2023-11-13,C00657,P042,V016,R05,4,499.9,0.05
S0010072,PED005017,2023-11-13,C00657,P027,V016,R05,1,249.9,0.0
S0010073,PED005018,2025-12-25,C00700,P046,V018,R02,4,249.9,0.05
S0010074,PED005018,2025-12-25,C00700,P015,V018,R02,3,499.9,0.1
S0010075,PED005019,2025-02-19,C00686,P033,V014,R05,1,89.9,0.05
S0010076,PED005019,2025-02-19,C00686,P037,V014,R05,1,149.9,0.15
S0010077,PED005019,2025-02-19,C00686,P001,V014,R05,2,49.9,0.15
S0010078,PED005020,2023-03-07,C00471,P053,V012,R01,2,49.9,0.05
S0010079,PED005020,2023-03-07,C00471,P012,V012,R01,4,89.9,0.0
S0010080,PED005021,2024-05-24,C00493,P011,V021,R01,2,149.9,0.1
S0010081,PED005021,2024-05-24,C00493,P041,V021,R01,4,149.9,0.0
S0010082,PED005022,2023-07-30,C00479,P016,V008,R01,4,149.9,0.0
S0010083,PED005023,2023-06-03,C00563,P027,V016,R01,3,249.9,0.0
S0010084,PED005023,2023-06-03,C00563,P016,V016,R01,2,149.9,0.05
S0010085,PED005024,2024-10-27,C00598,P040,V024,R01,2,249.9,0.05
S0010086,PED005025,2024-07-30,C00503,P023,V015,R04,4,899.9,0.0
S0010087,PED005025,2024-07-30,C00503,P045,V015,R04,3,49.9,0.05
S0010088,PED005026,2025-04-07,C00556,P041,V005,R01,3,149.9,0.1
S0010089,PED005026,2025-04-07,C00556,P036,V005,R01,3,49.9,0.05
S0010090,PED005026,2025-04-07,C00556,P012,V005,R01,1,89.9,0.0
S0010091,PED005027,2025-09-29,C00534,P006,V013,R03,4,499.9,0.1
S0010092,PED005028,2023-10-21,C00594,P057,V015,R04,4,149.9,0.0
S0010093,PED005028,2023-10-21,C00594,P022,V015,R04,3,499.9,0.05
S0010094,PED005029,2025-10-30,C00534,P040,V018,R03,4,249.9,0.15
S0010095,PED005029,2025-10-30,C00534,P036,V018,R03,2,49.9,0.05
S0010096,PED005029,2025-10-30,C00534,P017,V018,R03,4,499.9,0.1
S0010097,PED005030,2024-08-14,C00621,P039,V003,R05,1,249.9,0.05
S0010098,PED005030,2024-08-14,C00621,P001,V003,R05,4,49.9,0.0
S0010099,PED005031,2023-11-02,C00575,P009,V017,R03,4,499.9,0.0
S0010100,PED005032,2025-08-07,C00687,P007,V011,R03,3,899.9,0.05
S0010101,PED005033,2023-02-16,C00564,P042,V011,R03,4,499.9,0.1
S0010102,PED005033,2023-02-16,C00564,P006,V011,R03,2,499.9,0.05
S0010103,PED005034,2024-09-30,C00642,P037,V003,R01,1,149.9,0.0
S0010104,PED005034,2024-09-30,C00642,P046,V003,R01,1,249.9,0.05
S0010105,PED005035,2025-03-12,C00684,P011,V024,R01,3,149.9,0.05
S0010106,PED005035,2025-03-12,C00684,P047,V024,R01,4,149.9,0.0
S0010107,PED005035,2025-03-12,C00684,P025,V024,R01,1,149.9,0.05
S0010108,PED005036,2023-11-17,C00578,P053,V018,R04,4,49.9,0.05
S0010109,PED005036,2023-11-17,C00578,P023,V018,R04,2,899.9,0.0
S0010110,PED005037,2025-08-28,C00685,P044,V001,R02,1,499.9,0.1
S0010111,PED005037,2025-08-28,C00685,P003,V001,R02,4,49.9,0.0
S0010112,PED005038,2023-10-14,C00619,P025,V003,R01,3,149.9,0.15
S0010113,PED005038,2023-10-14,C00619,P031,V003,R01,2,149.9,0.05
S0010114,PED005038,2023-10-14,C00619,P012,V003,R01,3,89.9,0.2
S0010115,PED005039,2025-07-31,C00610,P046,V017,R01,3,249.9,0.2
S0010116,PED005040,2023-04-10,C00614,P008,V018,R04,4,149.9,0.05
S0010117,PED005040,2023-04-10,C00614,P047,V018,R04,1,149.9,0.05
S0010118,PED005040,2023-04-10,C00614,P048,V018,R04,3,149.9,0.05
S0010119,PED005041,2023-07-16,C00528,P017,V004,R03,3,499.9,0.05
S0010120,PED005042,2024-03-03,C00560,P055,V021,R04,1,149.9,0.05
S0010121,PED005043,2025-08-17,C00240,P003,V023,R03,1,49.9,0.05
S0010122,PED005043,2025-08-17,C00240,P029,V023,R03,2,249.9,0.05
S0010123,PED005044,2023-06-27,C00539,P049,V011,R04,3,899.9,0.0
S0010124,PED005044,2023-06-27,C00539,P014,V011,R04,4,499.9,0.05
S0010125,PED005044,2023-06-27,C00539,P012,V011,R04,4,89.9,0.0
S0010126,PED005045,2025-09-11,C00628,P002,V007,R05,3,499.9,0.0
S0010127,PED005045,2025-09-11,C00628,P012,V007,R05,2,89.9,0.1
S0010128,PED005046,2023-10-04,C00631,P028,V020,R04,1,499.9,0.0
S0010129,PED005046,2023-10-04,C00631,P020,V020,R04,4,49.9,0.0
S0010130,PED005046,2023-10-04,C00631,P006,V020,R04,3,499.9,0.15
S0010131,PED005047,2024-05-29,C00535,P044,V018,R05,3,499.9,0.0
S0010132,PED005047,2024-05-29,C00535,P005,V018,R05,4,499.9,0.0
S0010133,PED005047,2024-05-29,C00535,P030,V018,R05,3,499.9,0.0
S0010134,PED005048,2024-01-26,C00640,P005,V016,R05,2,499.9,0.0
S0010135,PED005048,2024-01-26,C00640,P047,V016,R05,3,149.9,0.05
S0010136,PED005048,2024-01-26,C00640,P006,V016,R05,1,499.9,0.1
S0010137,PED005049,2023-05-28,C00656,P021,V019,R01,3,899.9,0.15
S0010138,PED005050,2025-11-16,C00650,P010,V017,R04,4,249.9,0.05
S0010139,PED005050,2025-11-16,C00650,P028,V017,R04,4,499.9,0.1
S0010140,PED005050,2025-11-16,C00650,P001,V017,R04,4,49.9,0.1
S0010141,PED005051,2024-05-12,C00626,P059,V006,R02,2,499.9,0.0
S0010142,PED005051,2024-05-12,C00626,P011,V006,R02,4,149.9,0.1
S0010143,PED005052,2025-01-30,C00673,P002,V011,R01,4,499.9,0.05
S0010144,PED005052,2025-01-30,C00673,P032,V011,R01,3,499.9,0.0
S0010145,PED005053,2024-10-16,C00683,P016,V004,R04,2,149.9,0.15
S0010146,PED005053,2024-10-16,C00683,P004,V004,R04,4,499.9,0.0
S0010147,PED005054,2024-07-25,C00681,P019,V012,R02,2,149.9,0.05
S0010148,PED005054,2024-07-25,C00681,P018,V012,R02,2,499.9,0.0
S0010149,PED005054,2024-07-25,C00681,P027,V012,R02,3,249.9,0.05
S0010150,PED005055,2024-11-20,C00613,P016,V001,R02,1,149.9,0.05
S0010151,PED005055,2024-11-20,C00613,P009,V001,R02,1,499.9,0.05
S0010152,PED005055,2024-11-20,C00613,P017,V001,R02,3,499.9,0.0
S0010153,PED005056,2025-10-05,C00087,P044,V016,R02,1,499.9,0.15
S0010154,PED005056,2025-10-05,C00087,P018,V016,R02,2,499.9,0.05
S0010155,PED005057,2025-02-12,C00573,P013,V011,R01,3,899.9,0.0
S0010156,PED005058,2024-08-31,C00465,P019,V015,R05,3,149.9,0.1
S0010157,PED005058,2024-08-31,C00465,P002,V015,R05,2,499.9,0.0
S0010158,PED005058,2024-08-31,C00465,P053,V015,R05,2,49.9,0.05
S0010159,PED005059,2024-12-13,C00561,P059,V001,R03,2,499.9,0.2
S0010160,PED005059,2024-12-13,C00561,P037,V001,R03,4,149.9,0.0
S0010161,PED005060,2024-11-12,C00491,P046,V023,R02,4,249.9,0.1
S0010162,PED005060,2024-11-12,C00491,P026,V023,R02,1,49.9,0.0
S0010163,PED005061,2024-05-06,C00478,P007,V021,R03,3,899.9,0.1
S0010164,PED005061,2024-05-06,C00478,P003,V021,R03,1,49.9,0.05
S0010165,PED005062,2024-11-26,C00593,P025,V007,R01,1,149.9,0.0
S0010166,PED005063,2024-05-18,C00522,P015,V004,R01,2,499.9,0.05
S0010167,PED005063,2024-05-18,C00522,P053,V004,R01,2,49.9,0.0
S0010168,PED005063,2024-05-18,C00522,P020,V004,R01,4,49.9,0.0
S0010169,PED005064,2025-04-25,C00673,P030,V024,R01,4,499.9,0.0
S0010170,PED005064,2025-04-25,C00673,P029,V024,R01,1,249.9,0.15
S0010171,PED005064,2025-04-25,C00673,P012,V024,R01,4,89.9,0.0
S0010172,PED005065,2025-12-04,C00582,P029,V024,R05,4,249.9,0.05
S0010173,PED005065,2025-12-04,C00582,P040,V024,R05,4,249.9,0.05
S0010174,PED005065,2025-12-04,C00582,P059,V024,R05,2,499.9,0.0
S0010175,PED005066,2025-11-27,C00529,P043,V008,R04,3,49.9,0.05
S0010176,PED005066,2025-11-27,C00529,P005,V008,R04,2,499.9,0.0
S0010177,PED005066,2025-11-27,C00529,P020,V008,R04,3,49.9,0.1
S0010178,PED005067,2025-07-08,C00635,P014,V002,R01,1,499.9,0.0
S0010179,PED005067,2025-07-08,C00635,P002,V002,R01,2,499.9,0.05
S0010180,PED005067,2025-07-08,C00635,P005,V002,R01,3,499.9,0.0
S0010181,PED005068,2024-11-08,C00477,P047,V023,R01,4,149.9,0.05
S0010182,PED005069,2025-04-15,C00610,P040,V003,R01,2,249.9,0.1
S0010183,PED005070,2023-08-06,C00539,P045,V014,R04,2,49.9,0.0
S0010184,PED005070,2023-08-06,C00539,P004,V014,R04,1,499.9,0.05
S0010185,PED005070,2023-08-06,C00539,P034,V014,R04,2,499.9,0.0
S0010186,PED005071,2024-06-28,C00462,P058,V002,R04,2,49.9,0.0
S0010187,PED005072,2023-10-31,C00694,P053,V005,R03,2,49.9,0.05
S0010188,PED005073,2023-01-05,C00691,P033,V010,R02,2,89.9,0.0
S0010189,PED005074,2025-12-03,C00527,P016,V001,R03,3,149.9,0.1
S0010190,PED005074,2025-12-03,C00527,P018,V001,R03,2,499.9,0.0
S0010191,PED005074,2025-12-03,C00527,P048,V001,R03,3,149.9,0.1
S0010192,PED005075,2025-08-29,C00464,P004,V017,R04,2,499.9,0.0
S0010193,PED005076,2024-08-08,C00563,P008,V020,R01,4,149.9,0.05
S0010194,PED005076,2024-08-08,C00563,P001,V020,R01,1,49.9,0.1
S0010195,PED005076,2024-08-08,C00563,P045,V020,R01,3,49.9,0.1
S0010196,PED005077,2023-10-28,C00461,P011,V011,R03,4,149.9,0.0
S0010197,PED005078,2025-02-03,C00488,P016,V009,R04,3,149.9,0.0
S0010198,PED005079,2024-05-08,C00531,P042,V008,R01,1,499.9,0.15
S0010199,PED005079,2024-05-08,C00531,P021,V008,R01,3,899.9,0.15
S0010200,PED005079,2024-05-08,C00531,P059,V008,R01,3,499.9,0.05
S0010201,PED005080,2025-06-18,C00553,P024,V003,R05,1,149.9,0.0
S0010202,PED005080,2025-06-18,C00553,P019,V003,R05,2,149.9,0.15
S0010203,PED005081,2025-12-31,C00510,P054,V002,R02,4,249.9,0.05
S0010204,PED005081,2025-12-31,C00510,P005,V002,R02,2,499.9,0.2
S0010205,PED005082,2024-01-21,C00553,P018,V020,R05,3,499.9,0.0
S0010206,PED005082,2024-01-21,C00553,P056,V020,R05,2,149.9,0.05
S0010207,PED005083,2023-10-19,C00552,P037,V017,R05,1,149.9,0.0
S0010208,PED005084,2023-11-08,C00617,P031,V005,R01,4,149.9,0.1
S0010209,PED005084,2023-11-08,C00617,P021,V005,R01,1,899.9,0.0
S0010210,PED005085,2023-04-29,C00688,P055,V010,R03,1,149.9,0.1
S0010211,PED005085,2023-04-29,C00688,P012,V010,R03,1,89.9,0.05
S0010212,PED005086,2024-03-19,C00100,P052,V007,R01,2,89.9,0.0
S0010213,PED005086,2024-03-19,C00100,P011,V007,R01,3,149.9,0.05
S0010214,PED005087,2023-01-23,C00548,P027,V003,R05,3,249.9,0.0
S0010215,PED005087,2023-01-23,C00548,P029,V003,R05,2,249.9,0.0
S0010216,PED005088,2023-05-23,C00663,P017,V019,R01,3,499.9,0.05
S0010217,PED005089,2023-11-11,C00693,P036,V007,R05,4,49.9,0.0
S0010218,PED005089,2023-11-11,C00693,P004,V007,R05,2,499.9,0.0
S0010219,PED005090,2023-07-15,C00605,P008,V010,R03,1,149.9,0.05
S0010220,PED005091,2025-03-25,C00480,P001,V002,R03,4,49.9,0.0
S0010221,PED005091,2025-03-25,C00480,P002,V002,R03,3,499.9,0.0
S0010222,PED005091,2025-03-25,C00480,P024,V002,R03,4,149.9,0.0
S0010223,PED005092,2023-05-13,C00516,P017,V009,R02,3,499.9,0.0
S0010224,PED005092,2023-05-13,C00516,P003,V009,R02,3,49.9,0.0
S0010225,PED005092,2023-05-13,C00516,P035,V009,R02,1,499.9,0.0
S0010226,PED005093,2025-08-31,C00693,P022,V024,R05,2,499.9,0.05
S0010227,PED005093,2025-08-31,C00693,P048,V024,R05,1,149.9,0.0
S0010228,PED005094,2023-09-25,C00468,P031,V022,R02,3,149.9,0.0
S0010229,PED005095,2023-05-17,C00520,P012,V010,R02,3,89.9,0.1
S0010230,PED005096,2023-01-13,C00580,P016,V010,R01,3,149.9,0.0
S0010231,PED005096,2023-01-13,C00580,P033,V010,R01,1,89.9,0.15
S0010232,PED005097,2025-03-05,C00631,P046,V005,R04,2,249.9,0.0
S0010233,PED005097,2025-03-05,C00631,P048,V005,R04,1,149.9,0.1
S0010234,PED005098,2023-10-31,C00484,P050,V023,R03,2,899.9,0.0
S0010235,PED005098,2023-10-31,C00484,P009,V023,R03,3,499.9,0.0
S0010236,PED005099,2024-08-03,C00469,P006,V017,R04,3,499.9,0.1
S0010237,PED005099,2024-08-03,C00469,P016,V017,R04,1,149.9,0.15
S0010238,PED005099,2024-08-03,C00469,P053,V017,R04,3,49.9,0.15
S0010239,PED005100,2023-05-20,C00576,P005,V022,R05,2,499.9,0.1
S0010240,PED005100,2023-05-20,C00576,P028,V022,R05,3,499.9,0.0
S0010241,PED005100,2023-05-20,C00576,P019,V022,R05,4,149.9,0.0
S0010242,PED005101,2025-12-19,C00576,P019,V014,R05,4,149.9,0.15
S0010243,PED005101,2025-12-19,C00576,P015,V014,R05,3,499.9,0.1
S0010244,PED005101,2025-12-19,C00576,P034,V014,R05,4,499.9,0.1
S0010245,PED005102,2023-06-05,C00603,P007,V022,R02,1,899.9,0.15
S0010246,PED005102,2023-06-05,C00603,P030,V022,R02,2,499.9,0.1
S0010247,PED005102,2023-06-05,C00603,P004,V022,R02,2,499.9,0.1
S0010248,PED005103,2024-04-10,C00218,P052,V004,R04,4,89.9,0.0
S0010249,PED005103,2024-04-10,C00218,P009,V004,R04,1,499.9,0.15
S0010250,PED005104,2025-08-14,C00678,P016,V009,R04,3,149.9,0.0
S0010251,PED005104,2025-08-14,C00678,P002,V009,R04,1,499.9,0.0
S0010252,PED005104,2025-08-14,C00678,P003,V009,R04,3,49.9,0.0
S0010253,PED005105,2023-10-19,C00647,P049,V009,R04,3,899.9,0.0
S0010254,PED005105,2023-10-19,C00647,P002,V009,R04,1,499.9,0.15
S0010255,PED005105,2023-10-19,C00647,P022,V009,R04,4,499.9,0.0
S0010256,PED005106,2023-11-08,C00527,P004,V003,R03,1,499.9,0.0
S0010257,PED005107,2025-06-24,C00481,P006,V003,R03,1,499.9,0.0
S0010258,PED005108,2023-11-12,C00520,P049,V005,R02,2,899.9,0.0
S0010259,PED005108,2023-11-12,C00520,P015,V005,R02,3,499.9,0.0
S0010260,PED005109,2023-01-04,C00612,P029,V003,R05,4,249.9,0.05
S0010261,PED005109,2023-01-04,C00612,P012,V003,R05,4,89.9,0.1
S0010262,PED005109,2023-01-04,C00612,P024,V003,R05,2,149.9,0.0
S0010263,PED005110,2024-04-29,C00333,P018,V008,R03,4,499.9,0.0
S0010264,PED005110,2024-04-29,C00333,P035,V008,R03,3,499.9,0.15
S0010265,PED005111,2023-01-17,C00670,P002,V006,R01,4,499.9,0.1
S0010266,PED005112,2025-10-17,C00650,P039,V013,R04,3,249.9,0.15
S0010267,PED005112,2025-10-17,C00650,P027,V013,R04,2,249.9,0.05
S0010268,PED005112,2025-10-17,C00650,P029,V013,R04,1,249.9,0.1
S0010269,PED005113,2024-12-10,C00675,P006,V006,R02,1,499.9,0.0
S0010270,PED005114,2024-10-23,C00637,P007,V014,R05,3,899.9,0.15
S0010271,PED005114,2024-10-23,C00637,P022,V014,R05,3,499.9,0.0
S0010272,PED005114,2024-10-23,C00637,P009,V014,R05,3,499.9,0.0
S0010273,PED005115,2023-09-03,C00654,P015,V019,R05,3,499.9,0.15
S0010274,PED005115,2023-09-03,C00654,P028,V019,R05,3,499.9,0.0
S0010275,PED005115,2023-09-03,C00654,P017,V019,R05,4,499.9,0.1
S0010276,PED005116,2025-02-12,C00623,P047,V019,R05,1,149.9,0.2
S0010277,PED005116,2025-02-12,C00623,P018,V019,R05,2,499.9,0.0
S0010278,PED005116,2025-02-12,C00623,P013,V019,R05,3,899.9,0.05
S0010279,PED005117,2025-01-14,C00560,P009,V014,R04,3,499.9,0.1
S0010280,PED005117,2025-01-14,C00560,P029,V014,R04,2,249.9,0.0
S0010281,PED005118,2023-03-19,C00697,P001,V023,R02,3,49.9,0.15
S0010282,PED005118,2023-03-19,C00697,P039,V023,R02,4,249.9,0.15
S0010283,PED005118,2023-03-19,C00697,P014,V023,R02,1,499.9,0.1
S0010284,PED005119,2025-09-17,C00502,P020,V007,R04,1,49.9,0.1
S0010285,PED005120,2024-10-20,C00561,P006,V014,R03,2,499.9,0.15
S0010286,PED005120,2024-10-20,C00561,P025,V014,R03,1,149.9,0.05
S0010287,PED005120,2024-10-20,C00561,P005,V014,R03,1,499.9,0.05
S0010288,PED005121,2025-06-05,C00541,P007,V006,R01,3,899.9,0.0
S0010289,PED005122,2023-11-05,C00518,P010,V003,R02,4,249.9,0.15
S0010290,PED005122,2023-11-05,C00518,P035,V003,R02,2,499.9,0.05
S0010291,PED005122,2023-11-05,C00518,P008,V003,R02,2,149.9,0.15
S0010292,PED005123,2023-06-01,C00682,P044,V011,R01,3,499.9,0.0
S0010293,PED005124,2025-02-16,C00639,P022,V002,R05,1,499.9,0.0
S0010294,PED005125,2025-06-07,C00683,P019,V007,R04,2,149.9,0.05
S0010295,PED005125,2025-06-07,C00683,P017,V007,R04,1,499.9,0.15
S0010296,PED005126,2024-03-09,C00577,P018,V024,R04,1,499.9,0.0
S0010297,PED005126,2024-03-09,C00577,P010,V024,R04,1,249.9,0.15
S0010298,PED005126,2024-03-09,C00577,P026,V024,R04,4,49.9,0.0
S0010299,PED005127,2023-01-31,C00383,P030,V007,R05,3,499.9,0.0
S0010300,PED005127,2023-01-31,C00383,P037,V007,R05,3,149.9,0.05
S0010301,PED005127,2023-01-31,C00383,P004,V007,R05,3,499.9,0.1
S0010302,PED005128,2025-07-05,C00644,P005,V006,R02,1,499.9,0.0
S0010303,PED005128,2025-07-05,C00644,P040,V006,R02,3,249.9,0.15
S0010304,PED005128,2025-07-05,C00644,P018,V006,R02,1,499.9,0.05
S0010305,PED005129,2023-09-08,C00641,P003,V019,R03,4,49.9,0.15
S0010306,PED005130,2024-01-08,C00653,P018,V008,R01,3,499.9,0.0
S0010307,PED005130,2024-01-08,C00653,P029,V008,R01,4,249.9,0.0
S0010308,PED005130,2024-01-08,C00653,P032,V008,R01,2,499.9,0.0
S0010309,PED005131,2024-11-28,C00608,P011,V012,R04,3,149.9,0.0
S0010310,PED005132,2023-05-06,C00153,P031,V023,R01,2,149.9,0.1
S0010311,PED005132,2023-05-06,C00153,P003,V023,R01,4,49.9,0.05
S0010312,PED005132,2023-05-06,C00153,P029,V023,R01,1,249.9,0.0
S0010313,PED005133,2023-04-02,C00528,P029,V003,R03,3,249.9,0.05
S0010314,PED005133,2023-04-02,C00528,P025,V003,R03,4,149.9,0.05
S0010315,PED005134,2023-02-02,C00636,P011,V007,R04,4,149.9,0.0
S0010316,PED005134,2023-02-02,C00636,P050,V007,R04,2,899.9,0.05
S0010317,PED005135,2025-10-24,C00659,P035,V016,R01,4,499.9,0.0
S0010318,PED005135,2025-10-24,C00659,P013,V016,R01,3,899.9,0.15
S0010319,PED005136,2023-12-13,C00636,P046,V021,R04,4,249.9,0.05
S0010320,PED005136,2023-12-13,C00636,P016,V021,R04,3,149.9,0.0
S0010321,PED005136,2023-12-13,C00636,P007,V021,R04,3,899.9,0.2
S0010322,PED005137,2024-12-26,C00467,P016,V004,R01,4,149.9,0.1
S0010323,PED005137,2024-12-26,C00467,P017,V004,R01,1,499.9,0.1
S0010324,PED005138,2025-12-22,C00477,P019,V004,R01,4,149.9,0.1
S0010325,PED005138,2025-12-22,C00477,P025,V004,R01,2,149.9,0.0
S0010326,PED005139,2025-01-04,C00526,P032,V012,R05,2,499.9,0.0
S0010327,PED005139,2025-01-04,C00526,P048,V012,R05,4,149.9,0.05
S0010328,PED005139,2025-01-04,C00526,P039,V012,R05,1,249.9,0.05
S0010329,PED005140,2024-08-22,C00626,P022,V018,R02,1,499.9,0.1
S0010330,PED005141,2024-08-17,C00553,P004,V001,R05,1,499.9,0.1
S0010331,PED005142,2024-02-27,C00627,P026,V006,R02,1,49.9,0.0
S0010332,PED005142,2024-02-27,C00627,P025,V006,R02,3,149.9,0.1
S0010333,PED005142,2024-02-27,C00627,P003,V006,R02,2,49.9,0.0
S0010334,PED005143,2024-11-07,C00658,P008,V005,R04,1,149.9,0.05
S0010335,PED005143,2024-11-07,C00658,P055,V005,R04,4,149.9,0.1
S0010336,PED005143,2024-11-07,C00658,P045,V005,R04,4,49.9,0.0
S0010337,PED005144,2025-11-26,C00495,P018,V009,R05,2,499.9,0.0
S0010338,PED005144,2025-11-26,C00495,P015,V009,R05,1,499.9,0.05
S0010339,PED005145,2025-05-31,C00585,P033,V004,R04,1,89.9,0.05
S0010340,PED005146,2024-04-25,C00685,P021,V007,R02,4,899.9,0.0
S0010341,PED005146,2024-04-25,C00685,P014,V007,R02,4,499.9,0.15
S0010342,PED005146,2024-04-25,C00685,P009,V007,R02,2,499.9,0.15
S0010343,PED005147,2023-12-31,C00633,P006,V008,R05,2,499.9,0.1
S0010344,PED005148,2025-09-20,C00632,P047,V020,R05,2,149.9,0.0
S0010345,PED005149,2023-06-17,C00513,P026,V013,R05,1,49.9,0.05
S0010346,PED005149,2023-06-17,C00513,P030,V013,R05,2,499.9,0.0
S0010347,PED005150,2025-08-12,C00563,P034,V006,R01,4,499.9,0.05
S0010348,PED005150,2025-08-12,C00563,P027,V006,R01,4,249.9,0.05
S0010349,PED005150,2025-08-12,C00563,P054,V006,R01,3,249.9,0.0
S0010350,PED005151,2023-10-29,C00265,P005,V007,R04,3,499.9,0.05
S0010351,PED005151,2023-10-29,C00265,P010,V007,R04,4,249.9,0.15
S0010352,PED005152,2025-03-05,C00484,P038,V021,R03,4,499.9,0.1
S0010353,PED005152,2025-03-05,C00484,P007,V021,R03,2,899.9,0.0
S0010354,PED005152,2025-03-05,C00484,P011,V021,R03,2,149.9,0.15
S0010355,PED005153,2025-06-21,C00636,P035,V015,R04,1,499.9,0.15
S0010356,PED005153,2025-06-21,C00636,P040,V015,R04,1,249.9,0.0
S0010357,PED005154,2024-06-26,C00676,P031,V017,R05,4,149.9,0.15
S0010358,PED005154,2024-06-26,C00676,P020,V017,R05,3,49.9,0.15
S0010359,PED005154,2024-06-26,C00676,P038,V017,R05,4,499.9,0.05
S0010360,PED005155,2023-08-23,C00519,P014,V004,R03,2,499.9,0.05
S0010361,PED005156,2025-08-06,C00683,P040,V001,R04,4,249.9,0.0
S0010362,PED005157,2024-02-14,C00611,P015,V004,R01,4,499.9,0.15
S0010363,PED005158,2023-12-21,C00612,P052,V008,R05,3,89.9,0.0
S0010364,PED005159,2024-08-04,C00537,P021,V019,R02,3,899.9,0.0
S0010365,PED005160,2024-05-08,C00524,P011,V021,R01,1,149.9,0.15
S0010366,PED005161,2025-01-21,C00469,P039,V014,R04,1,249.9,0.05
S0010367,PED005161,2025-01-21,C00469,P021,V014,R04,3,899.9,0.0
S0010368,PED005162,2023-06-19,C00538,P015,V012,R04,4,499.9,0.05
S0010369,PED005163,2024-05-09,C00571,P030,V008,R02,3,499.9,0.0
S0010370,PED005163,2024-05-09,C00571,P021,V008,R02,3,899.9,0.0
S0010371,PED005164,2025-09-29,C00592,P017,V016,R05,4,499.9,0.05
S0010372,PED005165,2023-02-17,C00597,P035,V009,R04,2,499.9,0.0
S0010373,PED005165,2023-02-17,C00597,P032,V009,R04,4,499.9,0.1
S0010374,PED005166,2024-06-03,C00297,P030,V006,R02,1,499.9,0.0
S0010375,PED005166,2024-06-03,C00297,P001,V006,R02,4,49.9,0.0
S0010376,PED005166,2024-06-03,C00297,P004,V006,R02,3,499.9,0.1
S0010377,PED005167,2024-12-26,C00525,P023,V007,R01,2,899.9,0.1
S0010378,PED005168,2025-09-24,C00604,P038,V015,R02,1,499.9,0.05
S0010379,PED005169,2024-11-02,C00578,P012,V024,R04,3,89.9,0.1
S0010380,PED005169,2024-11-02,C00578,P038,V024,R04,2,499.9,0.0
S0010381,PED005169,2024-11-02,C00578,P002,V024,R04,3,499.9,0.0
S0010382,PED005170,2025-07-13,C00558,P022,V001,R03,1,499.9,0.0
S0010383,PED005170,2025-07-13,C00558,P034,V001,R03,1,499.9,0.0
S0010384,PED005170,2025-07-13,C00558,P006,V001,R03,4,499.9,0.1
S0010385,PED005171,2023-09-26,C00691,P036,V002,R02,4,49.9,0.0
S0010386,PED005171,2023-09-26,C00691,P006,V002,R02,1,499.9,0.0
S0010387,PED005172,2024-01-26,C00609,P033,V008,R05,3,89.9,0.0
S0010388,PED005173,2025-11-14,C00459,P011,V016,R03,4,149.9,0.0
S0010389,PED005173,2025-11-14,C00459,P002,V016,R03,2,499.9,0.0
S0010390,PED005173,2025-11-14,C00459,P008,V016,R03,1,149.9,0.15
S0010391,PED005174,2025-09-22,C00545,P053,V013,R01,4,49.9,0.0
S0010392,PED005174,2025-09-22,C00545,P002,V013,R01,4,499.9,0.0
S0010393,PED005175,2024-09-28,C00551,P009,V002,R02,2,499.9,0.0
S0010394,PED005175,2024-09-28,C00551,P037,V002,R02,3,149.9,0.0
S0010395,PED005175,2024-09-28,C00551,P038,V002,R02,4,499.9,0.0
S0010396,PED005176,2024-06-24,C00482,P002,V003,R03,1,499.9,0.0
S0010397,PED005177,2024-05-27,C00564,P045,V006,R03,4,49.9,0.0
S0010398,PED005177,2024-05-27,C00564,P060,V006,R03,1,149.9,0.05
S0010399,PED005178,2023-03-17,C00616,P010,V013,R01,2,249.9,0.2
S0010400,PED005179,2025-09-29,C00558,P054,V007,R03,3,249.9,0.05
S0010401,PED005179,2025-09-29,C00558,P005,V007,R03,1,499.9,0.0
S0010402,PED005179,2025-09-29,C00558,P021,V007,R03,1,899.9,0.0
S0010403,PED005180,2025-07-05,C00495,P033,V008,R05,1,89.9,0.2
S0010404,PED005180,2025-07-05,C00495,P014,V008,R05,3,499.9,0.15
S0010405,PED005181,2024-06-02,C00623,P022,V024,R05,1,499.9,0.0
S0010406,PED005181,2024-06-02,C00623,P040,V024,R05,1,249.9,0.05
S0010407,PED005181,2024-06-02,C00623,P052,V024,R05,4,89.9,0.1
S0010408,PED005182,2023-11-17,C00545,P005,V011,R01,2,499.9,0.0
S0010409,PED005183,2024-01-13,C00581,P019,V014,R02,3,149.9,0.05
S0010410,PED005183,2024-01-13,C00581,P029,V014,R02,3,249.9,0.0
S0010411,PED005184,2023-06-03,C00586,P017,V009,R02,2,499.9,0.15
S0010412,PED005185,2025-03-13,C00304,P011,V011,R01,2,149.9,0.2
S0010413,PED005185,2025-03-13,C00304,P041,V011,R01,2,149.9,0.15
S0010414,PED005185,2025-03-13,C00304,P008,V011,R01,4,149.9,0.0
S0010415,PED005186,2024-09-26,C00482,P039,V009,R03,3,249.9,0.0
S0010416,PED005186,2024-09-26,C00482,P007,V009,R03,4,899.9,0.0
S0010417,PED005186,2024-09-26,C00482,P015,V009,R03,1,499.9,0.1
S0010418,PED005187,2023-10-08,C00499,P056,V009,R04,1,149.9,0.1
S0010419,PED005187,2023-10-08,C00499,P028,V009,R04,2,499.9,0.05
S0010420,PED005187,2023-10-08,C00499,P027,V009,R04,4,249.9,0.15
S0010421,PED005188,2024-11-24,C00492,P040,V005,R03,4,249.9,0.1
S0010422,PED005188,2024-11-24,C00492,P042,V005,R03,1,499.9,0.1
S0010423,PED005189,2025-12-13,C00563,P004,V011,R01,1,499.9,0.0
S0010424,PED005190,2023-06-02,C00491,P026,V007,R02,3,49.9,0.0
S0010425,PED005190,2023-06-02,C00491,P023,V007,R02,3,899.9,0.15
S0010426,PED005191,2024-06-04,C00678,P035,V019,R04,3,499.9,0.15
S0010427,PED005191,2024-06-04,C00678,P013,V019,R04,4,899.9,0.05
S0010428,PED005191,2024-06-04,C00678,P053,V019,R04,4,49.9,0.05
S0010429,PED005192,2024-07-16,C00599,P015,V007,R04,1,499.9,0.15
S0010430,PED005193,2023-07-24,C00538,P018,V010,R04,3,499.9,0.0
S0010431,PED005193,2023-07-24,C00538,P030,V010,R04,2,499.9,0.1
S0010432,PED005194,2024-08-30,C00569,P024,V007,R05,1,149.9,0.0
S0010433,PED005194,2024-08-30,C00569,P007,V007,R05,2,899.9,0.2
S0010434,PED005195,2024-11-12,C00655,P021,V005,R03,1,899.9,0.05
S0010435,PED005195,2024-11-12,C00655,P024,V005,R03,3,149.9,0.1
S0010436,PED005196,2023-07-12,C00470,P044,V020,R03,2,499.9,0.0
S0010437,PED005197,2023-07-09,C00539,P026,V018,R04,3,49.9,0.05
S0010438,PED005197,2023-07-09,C00539,P021,V018,R04,3,899.9,0.05
S0010439,PED005198,2025-08-20,C00471,P017,V013,R01,2,499.9,0.0
S0010440,PED005199,2023-12-13,C00335,P017,V018,R03,2,499.9,0.0
S0010441,PED005199,2023-12-13,C00335,P027,V018,R03,4,249.9,0.0
S0010442,PED005200,2024-11-30,C00128,P016,V022,R05,3,149.9,0.0
S0010443,PED005201,2024-11-27,C00594,P019,V011,R04,4,149.9,0.0
S0010444,PED005201,2024-11-27,C00594,P044,V011,R04,3,499.9,0.0
S0010445,PED005202,2025-07-30,C00532,P046,V011,R04,3,249.9,0.0
S0010446,PED005202,2025-07-30,C00532,P007,V011,R04,3,899.9,0.0
S0010447,PED005203,2025-04-03,C00479,P059,V001,R01,3,499.9,0.0
S0010448,PED005203,2025-04-03,C00479,P006,V001,R01,3,499.9,0.05
S0010449,PED005204,2025-08-01,C00652,P054,V004,R04,4,249.9,0.05
S0010450,PED005205,2024-11-26,C00507,P021,V001,R02,4,899.9,0.1
S0010451,PED005205,2024-11-26,C00507,P042,V001,R02,3,499.9,0.15
S0010452,PED005205,2024-11-26,C00507,P023,V001,R02,4,899.9,0.1
S0010453,PED005206,2024-05-25,C00552,P026,V005,R05,4,49.9,0.0
S0010454,PED005206,2024-05-25,C00552,P029,V005,R05,2,249.9,0.05
S0010455,PED005207,2024-03-18,C00547,P001,V004,R05,2,49.9,0.0
S0010456,PED005207,2024-03-18,C00547,P022,V004,R05,3,499.9,0.05
S0010457,PED005208,2024-03-01,C00689,P027,V006,R03,2,249.9,0.15
S0010458,PED005209,2024-04-18,C00628,P021,V010,R05,3,899.9,0.0
S0010459,PED005209,2024-04-18,C00628,P024,V010,R05,2,149.9,0.15
S0010460,PED005209,2024-04-18,C00628,P017,V010,R05,2,499.9,0.0
S0010461,PED005210,2023-06-10,C00571,P003,V003,R02,2,49.9,0.05
S0010462,PED005211,2024-04-25,C00678,P049,V012,R04,4,899.9,0.1
S0010463,PED005212,2024-03-13,C00403,P009,V012,R04,2,499.9,0.0
S0010464,PED005212,2024-03-13,C00403,P045,V012,R04,4,49.9,0.05
S0010465,PED005212,2024-03-13,C00403,P021,V012,R04,1,899.9,0.0
S0010466,PED005213,2023-02-14,C00464,P043,V014,R04,3,49.9,0.1
S0010467,PED005213,2023-02-14,C00464,P046,V014,R04,4,249.9,0.1
S0010468,PED005214,2023-11-14,C00520,P009,V015,R02,4,499.9,0.0
S0010469,PED005214,2023-11-14,C00520,P055,V015,R02,2,149.9,0.1
S0010470,PED005214,2023-11-14,C00520,P023,V015,R02,2,899.9,0.1
S0010471,PED005215,2025-04-18,C00489,P038,V003,R03,2,499.9,0.1
S0010472,PED005216,2024-10-18,C00498,P032,V004,R01,3,499.9,0.0
S0010473,PED005216,2024-10-18,C00498,P010,V004,R01,1,249.9,0.1
S0010474,PED005217,2025-06-21,C00595,P060,V023,R01,3,149.9,0.0
S0010475,PED005217,2025-06-21,C00595,P033,V023,R01,2,89.9,0.05
S0010476,PED005218,2024-09-11,C00543,P056,V010,R04,3,149.9,0.05
S0010477,PED005218,2024-09-11,C00543,P007,V010,R04,4,899.9,0.0
S0010478,PED005218,2024-09-11,C00543,P016,V010,R04,2,149.9,0.05
S0010479,PED005219,2025-08-17,C00295,P057,V001,R01,2,149.9,0.05
S0010480,PED005220,2025-06-10,C00571,P008,V002,R02,4,149.9,0.0
S0010481,PED005221,2023-05-04,C00483,P014,V023,R04,4,499.9,0.05
S0010482,PED005222,2025-12-12,C00688,P026,V010,R03,4,49.9,0.0
S0010483,PED005222,2025-12-12,C00688,P032,V010,R03,3,499.9,0.05
S0010484,PED005222,2025-12-12,C00688,P006,V010,R03,1,499.9,0.05
S0010485,PED005223,2023-01-19,C00551,P020,V006,R02,1,49.9,0.15
S0010486,PED005223,2023-01-19,C00551,P005,V006,R02,2,499.9,0.05
S0010487,PED005224,2024-11-05,C00555,P029,V021,R01,3,249.9,0.0
S0010488,PED005224,2024-11-05,C00555,P022,V021,R01,1,499.9,0.05
S0010489,PED005224,2024-11-05,C00555,P028,V021,R01,3,499.9,0.1
S0010490,PED005225,2025-06-06,C00489,P018,V004,R03,2,499.9,0.0
S0010491,PED005226,2023-12-30,C00643,P022,V005,R03,2,499.9,0.0
S0010492,PED005226,2023-12-30,C00643,P005,V005,R03,1,499.9,0.05
S0010493,PED005227,2024-11-06,C00586,P015,V019,R02,4,499.9,0.2
S0010494,PED005227,2024-11-06,C00586,P033,V019,R02,1,89.9,0.15
S0010495,PED005228,2024-02-07,C00523,P008,V017,R05,4,149.9,0.0
S0010496,PED005228,2024-02-07,C00523,P020,V017,R05,4,49.9,0.0
S0010497,PED005229,2023-03-19,C00474,P005,V005,R04,1,499.9,0.1
S0010498,PED005229,2023-03-19,C00474,P019,V005,R04,2,149.9,0.1
S0010499,PED005230,2023-01-11,C00646,P021,V024,R01,2,899.9,0.05
S0010500,PED005231,2023-04-30,C00643,P005,V002,R03,1,499.9,0.05
S0010501,PED005231,2023-04-30,C00643,P023,V002,R03,1,899.9,0.1
S0010502,PED005231,2023-04-30,C00643,P051,V002,R03,3,899.9,0.15
S0010503,PED005232,2023-05-05,C00547,P003,V002,R05,1,49.9,0.05
S0010504,PED005232,2023-05-05,C00547,P009,V002,R05,4,499.9,0.15
S0010505,PED005232,2023-05-05,C00547,P012,V002,R05,3,89.9,0.0
S0010506,PED005233,2024-11-15,C00586,P019,V006,R02,3,149.9,0.1
S0010507,PED005233,2024-11-15,C00586,P040,V006,R02,3,249.9,0.1
S0010508,PED005234,2024-08-23,C00632,P031,V001,R05,1,149.9,0.0
S0010509,PED005234,2024-08-23,C00632,P020,V001,R05,4,49.9,0.1
S0010510,PED005234,2024-08-23,C00632,P005,V001,R05,4,499.9,0.0
S0010511,PED005235,2024-06-01,C00500,P006,V014,R01,1,499.9,0.0
S0010512,PED005236,2025-02-02,C00558,P001,V006,R03,4,49.9,0.05
S0010513,PED005237,2023-01-22,C00476,P025,V019,R01,1,149.9,0.0
S0010514,PED005237,2023-01-22,C00476,P017,V019,R01,2,499.9,0.05
S0010515,PED005237,2023-01-22,C00476,P009,V019,R01,4,499.9,0.0
S0010516,PED005238,2023-11-11,C00483,P033,V008,R04,4,89.9,0.2
S0010517,PED005239,2025-05-19,C00456,P003,V017,R05,1,49.9,0.05
S0010518,PED005240,2025-10-17,C00662,P032,V009,R02,3,499.9,0.2
S0010519,PED005240,2025-10-17,C00662,P011,V009,R02,1,149.9,0.1
S0010520,PED005241,2024-05-12,C00508,P033,V008,R04,2,89.9,0.05
S0010521,PED005241,2024-05-12,C00508,P058,V008,R04,1,49.9,0.1
S0010522,PED005242,2023-04-14,C00630,P010,V020,R01,3,249.9,0.0
S0010523,PED005242,2023-04-14,C00630,P031,V020,R01,1,149.9,0.05
S0010524,PED005242,2023-04-14,C00630,P029,V020,R01,3,249.9,0.0
S0010525,PED005243,2025-06-13,C00699,P003,V005,R03,4,49.9,0.0
S0010526,PED005243,2025-06-13,C00699,P012,V005,R03,3,89.9,0.2
S0010527,PED005243,2025-06-13,C00699,P034,V005,R03,1,499.9,0.05
S0010528,PED005244,2025-09-21,C00582,P001,V005,R05,1,49.9,0.1
S0010529,PED005245,2024-04-12,C00256,P050,V007,R04,1,899.9,0.1
S0010530,PED005246,2023-10-17,C00649,P051,V018,R03,3,899.9,0.0
S0010531,PED005247,2023-02-27,C00458,P002,V003,R05,1,499.9,0.15
S0010532,PED005248,2024-10-31,C00558,P005,V013,R03,1,499.9,0.0
S0010533,PED005248,2024-10-31,C00558,P034,V013,R03,2,499.9,0.15
S0010534,PED005249,2025-10-17,C00260,P008,V017,R03,4,149.9,0.0
S0010535,PED005249,2025-10-17,C00260,P031,V017,R03,4,149.9,0.1
S0010536,PED005249,2025-10-17,C00260,P028,V017,R03,2,499.9,0.05
S0010537,PED005250,2025-01-15,C00564,P001,V006,R03,3,49.9,0.0
S0010538,PED005250,2025-01-15,C00564,P041,V006,R03,1,149.9,0.05
S0010539,PED005251,2023-12-18,C00598,P014,V007,R01,3,499.9,0.05
S0010540,PED005251,2023-12-18,C00598,P023,V007,R01,1,899.9,0.15
S0010541,PED005251,2023-12-18,C00598,P004,V007,R01,3,499.9,0.0
S0010542,PED005252,2024-12-11,C00528,P007,V007,R03,2,899.9,0.15
S0010543,PED005252,2024-12-11,C00528,P017,V007,R03,4,499.9,0.0
S0010544,PED005253,2025-07-22,C00589,P035,V023,R01,3,499.9,0.05
S0010545,PED005253,2025-07-22,C00589,P016,V023,R01,3,149.9,0.15
S0010546,PED005254,2024-06-24,C00555,P034,V002,R01,3,499.9,0.2
S0010547,PED005255,2025-07-07,C00691,P057,V013,R02,1,149.9,0.0
S0010548,PED005255,2025-07-07,C00691,P020,V013,R02,4,49.9,0.05
S0010549,PED005255,2025-07-07,C00691,P022,V013,R02,4,499.9,0.2
S0010550,PED005256,2024-03-16,C00533,P039,V011,R01,1,249.9,0.0
S0010551,PED005256,2024-03-16,C00533,P006,V011,R01,4,499.9,0.2
S0010552,PED005257,2024-01-20,C00465,P009,V017,R05,3,499.9,0.05
S0010553,PED005257,2024-01-20,C00465,P037,V017,R05,2,149.9,0.05
S0010554,PED005257,2024-01-20,C00465,P028,V017,R05,2,499.9,0.05
S0010555,PED005258,2024-10-23,C00512,P045,V001,R05,2,49.9,0.0
S0010556,PED005259,2024-06-12,C00657,P039,V023,R05,4,249.9,0.1
S0010557,PED005259,2024-06-12,C00657,P045,V023,R05,2,49.9,0.0
S0010558,PED005259,2024-06-12,C00657,P048,V023,R05,1,149.9,0.05
S0010559,PED005260,2025-12-12,C00597,P013,V015,R04,2,899.9,0.05
S0010560,PED005260,2025-12-12,C00597,P002,V015,R04,1,499.9,0.0
S0010561,PED005260,2025-12-12,C00597,P007,V015,R04,2,899.9,0.1
S0010562,PED005261,2024-08-12,C00489,P045,V011,R03,2,49.9,0.1
S0010563,PED005261,2024-08-12,C00489,P027,V011,R03,3,249.9,0.0
S0010564,PED005261,2024-08-12,C00489,P051,V011,R03,4,899.9,0.1
S0010565,PED005262,2024-03-08,C00580,P003,V002,R01,3,49.9,0.0
S0010566,PED005262,2024-03-08,C00580,P048,V002,R01,3,149.9,0.05
S0010567,PED005262,2024-03-08,C00580,P058,V002,R01,4,49.9,0.1
S0010568,PED005263,2024-03-20,C00633,P014,V002,R05,1,499.9,0.1
S0010569,PED005264,2024-09-17,C00647,P019,V021,R04,2,149.9,0.1
S0010570,PED005264,2024-09-17,C00647,P008,V021,R04,1,149.9,0.0
S0010571,PED005265,2024-01-28,C00648,P018,V014,R03,2,499.9,0.1
S0010572,PED005265,2024-01-28,C00648,P011,V014,R03,2,149.9,0.05
S0010573,PED005265,2024-01-28,C00648,P049,V014,R03,3,899.9,0.0
S0010574,PED005266,2025-03-14,C00655,P019,V008,R03,4,149.9,0.15
S0010575,PED005266,2025-03-14,C00655,P001,V008,R03,3,49.9,0.0
S0010576,PED005267,2024-03-03,C00561,P016,V003,R03,4,149.9,0.0
S0010577,PED005267,2024-03-03,C00561,P029,V003,R03,4,249.9,0.0
S0010578,PED005268,2024-03-07,C00670,P040,V005,R01,2,249.9,0.0
S0010579,PED005268,2024-03-07,C00670,P007,V005,R01,1,899.9,0.05
S0010580,PED005268,2024-03-07,C00670,P053,V005,R01,4,49.9,0.05
S0010581,PED005269,2024-11-20,C00463,P040,V019,R05,3,249.9,0.0
S0010582,PED005269,2024-11-20,C00463,P027,V019,R05,4,249.9,0.15
S0010583,PED005269,2024-11-20,C00463,P035,V019,R05,3,499.9,0.1
S0010584,PED005270,2023-03-20,C00665,P007,V018,R03,4,899.9,0.15
S0010585,PED005270,2023-03-20,C00665,P033,V018,R03,4,89.9,0.0
S0010586,PED005271,2024-12-21,C00585,P047,V005,R04,3,149.9,0.15
S0010587,PED005272,2024-07-29,C00544,P032,V010,R05,1,499.9,0.05
S0010588,PED005272,2024-07-29,C00544,P005,V010,R05,4,499.9,0.0
S0010589,PED005272,2024-07-29,C00544,P058,V010,R05,1,49.9,0.15
S0010590,PED005273,2024-05-29,C00668,P023,V024,R04,1,899.9,0.15
S0010591,PED005273,2024-05-29,C00668,P015,V024,R04,2,499.9,0.0
S0010592,PED005273,2024-05-29,C00668,P016,V024,R04,1,149.9,0.15
S0010593,PED005274,2025-03-09,C00691,P024,V006,R02,3,149.9,0.05
S0010594,PED005274,2025-03-09,C00691,P041,V006,R02,3,149.9,0.1
S0010595,PED005275,2025-04-26,C00495,P051,V003,R05,3,899.9,0.0
S0010596,PED005275,2025-04-26,C00495,P004,V003,R05,4,499.9,0.1
S0010597,PED005276,2025-08-08,C00483,P021,V008,R04,3,899.9,0.05
S0010598,PED005277,2024-02-24,C00544,P045,V013,R05,4,49.9,0.0
S0010599,PED005277,2024-02-24,C00544,P020,V013,R05,3,49.9,0.0
S0010600,PED005277,2024-02-24,C00544,P047,V013,R05,2,149.9,0.05
S0010601,PED005278,2023-12-26,C00648,P025,V018,R03,3,149.9,0.0
S0010602,PED005278,2023-12-26,C00648,P046,V018,R03,3,249.9,0.0
S0010603,PED005278,2023-12-26,C00648,P012,V018,R03,3,89.9,0.0
S0010604,PED005279,2025-03-04,C00531,P016,V002,R01,3,149.9,0.2
S0010605,PED005279,2025-03-04,C00531,P058,V002,R01,4,49.9,0.0
S0010606,PED005280,2024-10-22,C00616,P036,V003,R01,1,49.9,0.05
S0010607,PED005280,2024-10-22,C00616,P058,V003,R01,4,49.9,0.05
S0010608,PED005280,2024-10-22,C00616,P018,V003,R01,1,499.9,0.15
S0010609,PED005281,2024-12-01,C00481,P022,V014,R03,3,499.9,0.0
S0010610,PED005281,2024-12-01,C00481,P020,V014,R03,1,49.9,0.05
S0010611,PED005282,2024-09-25,C00662,P023,V006,R02,2,899.9,0.15
S0010612,PED005282,2024-09-25,C00662,P005,V006,R02,1,499.9,0.0
S0010613,PED005282,2024-09-25,C00662,P002,V006,R02,2,499.9,0.0
S0010614,PED005283,2025-05-13,C00553,P042,V008,R05,1,499.9,0.0
S0010615,PED005283,2025-05-13,C00553,P010,V008,R05,3,249.9,0.2
S0010616,PED005283,2025-05-13,C00553,P050,V008,R05,4,899.9,0.0
S0010617,PED005284,2023-08-20,C00666,P014,V021,R05,3,499.9,0.0
S0010618,PED005285,2024-09-25,C00509,P018,V022,R04,2,499.9,0.1
S0010619,PED005285,2024-09-25,C00509,P008,V022,R04,3,149.9,0.05
S0010620,PED005285,2024-09-25,C00509,P058,V022,R04,2,49.9,0.0
S0010621,PED005286,2023-07-13,C00604,P017,V011,R02,4,499.9,0.0
S0010622,PED005286,2023-07-13,C00604,P019,V011,R02,4,149.9,0.05
S0010623,PED005286,2023-07-13,C00604,P001,V011,R02,2,49.9,0.0
S0010624,PED005287,2024-04-04,C00465,P011,V007,R05,4,149.9,0.05
S0010625,PED005287,2024-04-04,C00465,P006,V007,R05,4,499.9,0.05
S0010626,PED005288,2024-12-29,C00635,P011,V003,R01,3,149.9,0.05
S0010627,PED005288,2024-12-29,C00635,P005,V003,R01,3,499.9,0.0
S0010628,PED005289,2024-07-15,C00648,P037,V001,R03,2,149.9,0.0
S0010629,PED005289,2024-07-15,C00648,P009,V001,R03,4,499.9,0.1
S0010630,PED005289,2024-07-15,C00648,P007,V001,R03,2,899.9,0.0
S0010631,PED005290,2024-03-02,C00665,P025,V009,R03,4,149.9,0.0
S0010632,PED005290,2024-03-02,C00665,P009,V009,R03,4,499.9,0.1
S0010633,PED005290,2024-03-02,C00665,P013,V009,R03,2,899.9,0.05
S0010634,PED005291,2025-09-21,C00494,P027,V009,R05,2,249.9,0.1
S0010635,PED005291,2025-09-21,C00494,P025,V009,R05,2,149.9,0.15
S0010636,PED005292,2025-05-13,C00489,P042,V005,R03,1,499.9,0.0
S0010637,PED005292,2025-05-13,C00489,P009,V005,R03,2,499.9,0.0
S0010638,PED005292,2025-05-13,C00489,P046,V005,R03,1,249.9,0.0
S0010639,PED005293,2024-08-23,C00563,P054,V016,R01,2,249.9,0.1
S0010640,PED005293,2024-08-23,C00563,P016,V016,R01,1,149.9,0.15
S0010641,PED005293,2024-08-23,C00563,P034,V016,R01,2,499.9,0.0
S0010642,PED005294,2025-11-20,C00675,P019,V011,R02,2,149.9,0.0
S0010643,PED005295,2024-04-25,C00605,P043,V006,R03,4,49.9,0.15
S0010644,PED005296,2025-05-31,C00310,P049,V015,R01,3,899.9,0.0
S0010645,PED005296,2025-05-31,C00310,P024,V015,R01,4,149.9,0.05
S0010646,PED005296,2025-05-31,C00310,P051,V015,R01,3,899.9,0.0
S0010647,PED005297,2023-07-25,C00597,P028,V004,R04,4,499.9,0.15
S0010648,PED005297,2023-07-25,C00597,P002,V004,R04,2,499.9,0.0
S0010649,PED005297,2023-07-25,C00597,P056,V004,R04,3,149.9,0.0
S0010650,PED005298,2023-11-22,C00516,P010,V020,R02,1,249.9,0.1
S0010651,PED005298,2023-11-22,C00516,P007,V020,R02,1,899.9,0.15
S0010652,PED005299,2024-01-07,C00696,P058,V018,R01,4,49.9,0.1
S0010653,PED005299,2024-01-07,C00696,P013,V018,R01,2,899.9,0.2
S0010654,PED005300,2023-05-13,C00618,P029,V007,R01,2,249.9,0.05
S0010655,PED005300,2023-05-13,C00618,P032,V007,R01,4,499.9,0.05
S0010656,PED005300,2023-05-13,C00618,P008,V007,R01,2,149.9,0.0
S0010657,PED005301,2024-07-25,C00592,P001,V014,R05,1,49.9,0.05
S0010658,PED005302,2023-08-23,C00644,P028,V001,R02,3,499.9,0.0
S0010659,PED005302,2023-08-23,C00644,P026,V001,R02,1,49.9,0.1
S0010660,PED005303,2024-12-03,C00600,P005,V001,R05,3,499.9,0.0
S0010661,PED005304,2023-08-21,C00623,P004,V010,R05,1,499.9,0.0
S0010662,PED005304,2023-08-21,C00623,P010,V010,R05,4,249.9,0.0
S0010663,PED005304,2023-08-21,C00623,P047,V010,R05,1,149.9,0.05
S0010664,PED005305,2023-06-03,C00583,P012,V012,R01,1,89.9,0.1
S0010665,PED005305,2023-06-03,C00583,P054,V012,R01,4,249.9,0.15
S0010666,PED005306,2025-12-05,C00461,P013,V006,R03,2,899.9,0.15
S0010667,PED005306,2025-12-05,C00461,P007,V006,R03,4,899.9,0.05
S0010668,PED005306,2025-12-05,C00461,P006,V006,R03,4,499.9,0.1
S0010669,PED005307,2024-12-24,C00529,P020,V005,R04,1,49.9,0.05
S0010670,PED005307,2024-12-24,C00529,P032,V005,R04,4,499.9,0.0
S0010671,PED005307,2024-12-24,C00529,P033,V005,R04,4,89.9,0.0
S0010672,PED005308,2025-11-10,C00575,P020,V002,R03,4,49.9,0.2
S0010673,PED005308,2025-11-10,C00575,P018,V002,R03,3,499.9,0.0
S0010674,PED005309,2024-07-11,C00610,P019,V004,R01,3,149.9,0.0
S0010675,PED005309,2024-07-11,C00610,P033,V004,R01,4,89.9,0.1
S0010676,PED005310,2023-02-13,C00580,P012,V001,R01,4,89.9,0.0
S0010677,PED005311,2024-10-15,C00475,P010,V008,R01,4,249.9,0.0
S0010678,PED005311,2024-10-15,C00475,P012,V008,R01,4,89.9,0.05
S0010679,PED005312,2024-09-28,C00506,P004,V023,R04,1,499.9,0.05
S0010680,PED005312,2024-09-28,C00506,P020,V023,R04,2,49.9,0.0
S0010681,PED005312,2024-09-28,C00506,P021,V023,R04,4,899.9,0.0
S0010682,PED005313,2023-01-20,C00175,P021,V013,R02,3,899.9,0.15
S0010683,PED005314,2025-08-26,C00533,P030,V014,R01,4,499.9,0.0
S0010684,PED005314,2025-08-26,C00533,P009,V014,R01,4,499.9,0.0
S0010685,PED005315,2024-11-22,C00506,P002,V008,R04,4,499.9,0.0
S0010686,PED005315,2024-11-22,C00506,P020,V008,R04,1,49.9,0.0
S0010687,PED005315,2024-11-22,C00506,P005,V008,R04,2,499.9,0.1
S0010688,PED005316,2025-04-09,C00258,P007,V002,R02,3,899.9,0.0
S0010689,PED005317,2024-07-16,C00520,P002,V009,R02,2,499.9,0.0
S0010690,PED005317,2024-07-16,C00520,P003,V009,R02,1,49.9,0.15
S0010691,PED005318,2024-11-21,C00621,P007,V002,R05,2,899.9,0.0
S0010692,PED005318,2024-11-21,C00621,P015,V002,R05,2,499.9,0.05
S0010693,PED005318,2024-11-21,C00621,P031,V002,R05,1,149.9,0.05
S0010694,PED005319,2023-11-01,C00643,P001,V014,R03,4,49.9,0.0
S0010695,PED005319,2023-11-01,C00643,P014,V014,R03,3,499.9,0.0
S0010696,PED005319,2023-11-01,C00643,P028,V014,R03,3,499.9,0.15
S0010697,PED005320,2025-12-09,C00698,P048,V006,R05,2,149.9,0.05
S0010698,PED005321,2024-03-27,C00631,P003,V020,R04,1,49.9,0.2
S0010699,PED005321,2024-03-27,C00631,P005,V020,R04,3,499.9,0.05
S0010700,PED005321,2024-03-27,C00631,P018,V020,R04,1,499.9,0.0
S0010701,PED005322,2023-07-18,C00660,P033,V009,R01,4,89.9,0.15
S0010702,PED005323,2023-03-14,C00479,P025,V005,R01,4,149.9,0.1
S0010703,PED005323,2023-03-14,C00479,P006,V005,R01,3,499.9,0.05
S0010704,PED005324,2024-12-05,C00560,P053,V009,R04,1,49.9,0.1
S0010705,PED005324,2024-12-05,C00560,P028,V009,R04,2,499.9,0.0
S0010706,PED005325,2025-12-17,C00669,P024,V010,R03,2,149.9,0.0
S0010707,PED005326,2025-10-03,C00574,P016,V009,R02,1,149.9,0.1
S0010708,PED005326,2025-10-03,C00574,P002,V009,R02,3,499.9,0.0
S0010709,PED005327,2025-02-15,C00622,P026,V023,R04,4,49.9,0.1
S0010710,PED005328,2025-12-23,C00541,P003,V011,R01,2,49.9,0.0
S0010711,PED005329,2025-03-14,C00583,P057,V004,R01,4,149.9,0.05
S0010712,PED005330,2024-01-08,C00517,P037,V012,R04,4,149.9,0.2
S0010713,PED005330,2024-01-08,C00517,P007,V012,R04,2,899.9,0.0
S0010714,PED005331,2024-11-08,C00683,P041,V004,R04,4,149.9,0.1
S0010715,PED005331,2024-11-08,C00683,P006,V004,R04,4,499.9,0.0
S0010716,PED005332,2023-04-12,C00660,P003,V007,R01,3,49.9,0.2
S0010717,PED005332,2023-04-12,C00660,P027,V007,R01,3,249.9,0.05
S0010718,PED005333,2023-09-25,C00648,P056,V020,R03,3,149.9,0.0
S0010719,PED005333,2023-09-25,C00648,P049,V020,R03,1,899.9,0.05
S0010720,PED005334,2024-04-17,C00652,P044,V005,R04,3,499.9,0.15
S0010721,PED005335,2023-09-03,C00677,P023,V007,R03,4,899.9,0.0
S0010722,PED005335,2023-09-03,C00677,P031,V007,R03,1,149.9,0.05
S0010723,PED005335,2023-09-03,C00677,P005,V007,R03,4,499.9,0.1
S0010724,PED005336,2025-11-22,C00618,P003,V003,R01,1,49.9,0.1
S0010725,PED005337,2025-12-28,C00582,P006,V013,R05,2,499.9,0.0
S0010726,PED005338,2024-02-19,C00530,P054,V005,R02,1,249.9,0.0
S0010727,PED005339,2025-02-25,C00643,P060,V005,R03,4,149.9,0.05
S0010728,PED005340,2024-04-05,C00686,P003,V005,R05,2,49.9,0.1
S0010729,PED005340,2024-04-05,C00686,P005,V005,R05,1,499.9,0.0
S0010730,PED005341,2023-06-21,C00583,P030,V016,R01,3,499.9,0.0
S0010731,PED005341,2023-06-21,C00583,P023,V016,R01,4,899.9,0.0
S0010732,PED005341,2023-06-21,C00583,P012,V016,R01,4,89.9,0.1
S0010733,PED005342,2024-01-05,C00695,P006,V021,R03,2,499.9,0.15
S0010734,PED005343,2023-10-07,C00646,P056,V014,R01,3,149.9,0.1
S0010735,PED005344,2023-12-27,C00525,P010,V009,R01,3,249.9,0.05
S0010736,PED005344,2023-12-27,C00525,P026,V009,R01,2,49.9,0.0
S0010737,PED005344,2023-12-27,C00525,P016,V009,R01,3,149.9,0.0
S0010738,PED005345,2023-09-18,C00531,P003,V018,R01,2,49.9,0.0
S0010739,PED005345,2023-09-18,C00531,P025,V018,R01,2,149.9,0.0
S0010740,PED005346,2023-05-21,C00615,P007,V008,R05,4,899.9,0.05
S0010741,PED005346,2023-05-21,C00615,P043,V008,R05,3,49.9,0.0
S0010742,PED005346,2023-05-21,C00615,P002,V008,R05,3,499.9,0.0
S0010743,PED005347,2023-09-20,C00593,P015,V006,R01,2,499.9,0.0
S0010744,PED005347,2023-09-20,C00593,P057,V006,R01,4,149.9,0.15
S0010745,PED005348,2025-10-13,C00639,P038,V004,R05,2,499.9,0.1
S0010746,PED005348,2025-10-13,C00639,P060,V004,R05,3,149.9,0.1
S0010747,PED005348,2025-10-13,C00639,P011,V004,R05,1,149.9,0.0
S0010748,PED005349,2023-04-19,C00484,P033,V003,R03,4,89.9,0.05
S0010749,PED005349,2023-04-19,C00484,P015,V003,R03,2,499.9,0.15
S0010750,PED005349,2023-04-19,C00484,P031,V003,R03,2,149.9,0.05
S0010751,PED005350,2023-12-24,C00649,P012,V023,R03,1,89.9,0.05
S0010752,PED005350,2023-12-24,C00649,P033,V023,R03,2,89.9,0.1
S0010753,PED005351,2024-08-26,C00554,P043,V022,R04,2,49.9,0.0
S0010754,PED005352,2024-01-28,C00545,P033,V014,R01,4,89.9,0.1
S0010755,PED005353,2024-08-13,C00483,P037,V019,R04,2,149.9,0.05
S0010756,PED005354,2023-02-26,C00688,P018,V011,R03,4,499.9,0.0
S0010757,PED005355,2024-12-16,C00700,P037,V019,R02,1,149.9,0.05
S0010758,PED005355,2024-12-16,C00700,P052,V019,R02,3,89.9,0.05
S0010759,PED005355,2024-12-16,C00700,P043,V019,R02,4,49.9,0.0
S0010760,PED005356,2024-10-04,C00656,P046,V016,R01,3,249.9,0.0
S0010761,PED005356,2024-10-04,C00656,P018,V016,R01,1,499.9,0.0
S0010762,PED005357,2025-01-18,C00550,P024,V018,R01,3,149.9,0.0
S0010763,PED005358,2024-10-07,C00549,P021,V007,R03,1,899.9,0.2
S0010764,PED005359,2024-05-11,C00524,P017,V013,R01,2,499.9,0.0
S0010765,PED005359,2024-05-11,C00524,P008,V013,R01,3,149.9,0.0
S0010766,PED005359,2024-05-11,C00524,P023,V013,R01,1,899.9,0.1
S0010767,PED005360,2024-01-22,C00695,P026,V009,R03,4,49.9,0.0
S0010768,PED005360,2024-01-22,C00695,P023,V009,R03,4,899.9,0.0
S0010769,PED005360,2024-01-22,C00695,P007,V009,R03,1,899.9,0.05
S0010770,PED005361,2023-09-30,C00626,P051,V013,R02,1,899.9,0.0
S0010771,PED005361,2023-09-30,C00626,P012,V013,R02,1,89.9,0.0
S0010772,PED005362,2024-07-23,C00692,P011,V018,R04,2,149.9,0.1
S0010773,PED005363,2023-02-03,C00600,P017,V017,R05,4,499.9,0.15
S0010774,PED005363,2023-02-03,C00600,P033,V017,R05,3,89.9,0.05
S0010775,PED005363,2023-02-03,C00600,P012,V017,R05,4,89.9,0.1
S0010776,PED005364,2023-12-27,C00528,P019,V014,R03,3,149.9,0.2
S0010777,PED005364,2023-12-27,C00528,P037,V014,R03,3,149.9,0.0
S0010778,PED005365,2025-01-14,C00581,P028,V010,R02,2,499.9,0.05
S0010779,PED005365,2025-01-14,C00581,P004,V010,R02,1,499.9,0.0
S0010780,PED005365,2025-01-14,C00581,P022,V010,R02,3,499.9,0.2
S0010781,PED005366,2023-05-17,C00693,P012,V001,R05,4,89.9,0.2
S0010782,PED005366,2023-05-17,C00693,P016,V001,R05,3,149.9,0.05
S0010783,PED005367,2023-03-22,C00560,P012,V021,R04,1,89.9,0.05
S0010784,PED005367,2023-03-22,C00560,P048,V021,R04,1,149.9,0.15
S0010785,PED005367,2023-03-22,C00560,P001,V021,R04,2,49.9,0.05
S0010786,PED005368,2024-12-19,C00585,P013,V021,R04,3,899.9,0.0
S0010787,PED005369,2024-03-23,C00610,P014,V010,R01,1,499.9,0.05
S0010788,PED005369,2024-03-23,C00610,P024,V010,R01,4,149.9,0.0
S0010789,PED005369,2024-03-23,C00610,P026,V010,R01,4,49.9,0.2
S0010790,PED005370,2025-06-16,C00523,P030,V015,R05,4,499.9,0.1
S0010791,PED005370,2025-06-16,C00523,P009,V015,R05,3,499.9,0.15
S0010792,PED005370,2025-06-16,C00523,P037,V015,R05,4,149.9,0.0
S0010793,PED005371,2025-11-10,C00646,P049,V023,R01,4,899.9,0.05
S0010794,PED005371,2025-11-10,C00646,P030,V023,R01,2,499.9,0.15
S0010795,PED005371,2025-11-10,C00646,P045,V023,R01,2,49.9,0.0
S0010796,PED005372,2025-11-25,C00646,P012,V019,R01,2,89.9,0.05
S0010797,PED005372,2025-11-25,C00646,P023,V019,R01,4,899.9,0.1
S0010798,PED005373,2024-04-27,C00651,P034,V008,R03,2,499.9,0.0
S0010799,PED005374,2023-11-06,C00542,P008,V003,R02,3,149.9,0.05
S0010800,PED005375,2024-11-14,C00554,P037,V017,R04,2,149.9,0.0
S0010801,PED005375,2024-11-14,C00554,P010,V017,R04,4,249.9,0.05
S0010802,PED005375,2024-11-14,C00554,P050,V017,R04,1,899.9,0.05
S0010803,PED005376,2024-11-28,C00635,P022,V007,R01,4,499.9,0.05
S0010804,PED005376,2024-11-28,C00635,P015,V007,R01,2,499.9,0.1
S0010805,PED005377,2024-11-24,C00492,P022,V003,R03,1,499.9,0.05
S0010806,PED005378,2023-12-22,C00559,P012,V012,R01,3,89.9,0.05
S0010807,PED005379,2023-03-23,C00465,P028,V010,R05,2,499.9,0.05
S0010808,PED005379,2023-03-23,C00465,P029,V010,R05,4,249.9,0.15
S0010809,PED005379,2023-03-23,C00465,P044,V010,R05,4,499.9,0.0
S0010810,PED005380,2023-09-12,C00317,P057,V020,R05,2,149.9,0.0
S0010811,PED005380,2023-09-12,C00317,P052,V020,R05,1,89.9,0.0
S0010812,PED005380,2023-09-12,C00317,P019,V020,R05,3,149.9,0.1
S0010813,PED005381,2023-07-09,C00512,P016,V009,R05,3,149.9,0.1
S0010814,PED005382,2023-06-04,C00667,P043,V013,R04,3,49.9,0.05
S0010815,PED005382,2023-06-04,C00667,P041,V013,R04,3,149.9,0.0
S0010816,PED005383,2025-11-02,C00552,P010,V011,R05,2,249.9,0.0
S0010817,PED005384,2023-01-18,C00634,P030,V007,R05,2,499.9,0.15
S0010818,PED005384,2023-01-18,C00634,P034,V007,R05,4,499.9,0.0
S0010819,PED005384,2023-01-18,C00634,P017,V007,R05,1,499.9,0.05
S0010820,PED005385,2024-11-09,C00543,P041,V009,R04,4,149.9,0.0
S0010821,PED005385,2024-11-09,C00543,P040,V009,R04,2,249.9,0.0
S0010822,PED005385,2024-11-09,C00543,P033,V009,R04,4,89.9,0.05
S0010823,PED005386,2025-11-18,C00637,P020,V022,R05,4,49.9,0.1
S0010824,PED005386,2025-11-18,C00637,P032,V022,R05,3,499.9,0.2
S0010825,PED005387,2024-02-04,C00564,P042,V018,R03,1,499.9,0.05
S0010826,PED005387,2024-02-04,C00564,P060,V018,R03,4,149.9,0.05
S0010827,PED005387,2024-02-04,C00564,P002,V018,R03,3,499.9,0.15
S0010828,PED005388,2024-08-24,C00550,P005,V018,R01,1,499.9,0.0
S0010829,PED005388,2024-08-24,C00550,P007,V018,R01,1,899.9,0.1
S0010830,PED005388,2024-08-24,C00550,P048,V018,R01,3,149.9,0.0
S0010831,PED005389,2025-02-07,C00456,P018,V005,R05,4,499.9,0.05
S0010832,PED005390,2023-12-18,C00654,P019,V008,R05,1,149.9,0.0
S0010833,PED005390,2023-12-18,C00654,P011,V008,R05,2,149.9,0.0
S0010834,PED005390,2023-12-18,C00654,P013,V008,R05,3,899.9,0.0
S0010835,PED005391,2024-06-26,C00536,P046,V018,R05,3,249.9,0.1
S0010836,PED005392,2025-07-04,C00540,P059,V008,R03,3,499.9,0.0
S0010837,PED005392,2025-07-04,C00540,P016,V008,R03,2,149.9,0.0
S0010838,PED005392,2025-07-04,C00540,P010,V008,R03,4,249.9,0.15
S0010839,PED005393,2025-04-10,C00549,P018,V012,R03,3,499.9,0.1
S0010840,PED005393,2025-04-10,C00549,P017,V012,R03,2,499.9,0.05
S0010841,PED005393,2025-04-10,C00549,P014,V012,R03,3,499.9,0.05
S0010842,PED005394,2025-06-24,C00555,P043,V013,R01,2,49.9,0.05
S0010843,PED005394,2025-06-24,C00555,P003,V013,R01,2,49.9,0.0
S0010844,PED005394,2025-06-24,C00555,P049,V013,R01,3,899.9,0.05
S0010845,PED005395,2025-12-21,C00266,P017,V005,R04,2,499.9,0.15
S0010846,PED005395,2025-12-21,C00266,P013,V005,R04,1,899.9,0.05
S0010847,PED005395,2025-12-21,C00266,P009,V005,R04,4,499.9,0.0
S0010848,PED005396,2024-02-18,C00514,P039,V009,R04,4,249.9,0.1
S0010849,PED005397,2025-04-12,C00600,P006,V015,R05,3,499.9,0.0
S0010850,PED005397,2025-04-12,C00600,P015,V015,R05,2,499.9,0.1
S0010851,PED005397,2025-04-12,C00600,P043,V015,R05,1,49.9,0.1
S0010852,PED005398,2024-11-09,C00535,P002,V003,R05,3,499.9,0.0
S0010853,PED005398,2024-11-09,C00535,P006,V003,R05,3,499.9,0.0
S0010854,PED005399,2024-12-31,C00486,P001,V018,R04,3,49.9,0.0
S0010855,PED005399,2024-12-31,C00486,P013,V018,R04,4,899.9,0.05
S0010856,PED005399,2024-12-31,C00486,P037,V018,R04,1,149.9,0.0
S0010857,PED005400,2025-04-03,C00635,P004,V001,R01,2,499.9,0.05
S0010858,PED005401,2025-04-16,C00505,P044,V021,R05,3,499.9,0.0
S0010859,PED005401,2025-04-16,C00505,P038,V021,R05,1,499.9,0.0
S0010860,PED005401,2025-04-16,C00505,P015,V021,R05,1,499.9,0.0
S0010861,PED005402,2025-09-22,C00653,P017,V015,R01,1,499.9,0.05
S0010862,PED005403,2024-01-21,C00684,P005,V006,R01,1,499.9,0.1
S0010863,PED005403,2024-01-21,C00684,P025,V006,R01,4,149.9,0.15
S0010864,PED005404,2024-12-20,C00503,P035,V007,R04,4,499.9,0.15
S0010865,PED005405,2023-11-18,C00527,P023,V006,R03,4,899.9,0.05
S0010866,PED005406,2024-11-03,C00417,P047,V010,R04,2,149.9,0.15
S0010867,PED005407,2025-04-17,C00489,P018,V014,R03,1,499.9,0.0
S0010868,PED005407,2025-04-17,C00489,P015,V014,R03,4,499.9,0.05
S0010869,PED005407,2025-04-17,C00489,P032,V014,R03,3,499.9,0.0
S0010870,PED005408,2025-06-04,C00548,P049,V002,R05,1,899.9,0.05
S0010871,PED005409,2024-04-20,C00691,P039,V011,R02,1,249.9,0.0
S0010872,PED005409,2024-04-20,C00691,P009,V011,R02,2,499.9,0.0
S0010873,PED005410,2024-08-03,C00008,P044,V018,R04,1,499.9,0.0
S0010874,PED005410,2024-08-03,C00008,P024,V018,R04,2,149.9,0.1
S0010875,PED005411,2024-01-01,C00610,P036,V007,R01,4,49.9,0.0
S0010876,PED005411,2024-01-01,C00610,P015,V007,R01,2,499.9,0.0
S0010877,PED005412,2023-07-27,C00639,P030,V023,R05,2,499.9,0.0
S0010878,PED005412,2023-07-27,C00639,P031,V023,R05,2,149.9,0.05
S0010879,PED005413,2023-11-03,C00612,P007,V024,R05,3,899.9,0.05
S0010880,PED005413,2023-11-03,C00612,P059,V024,R05,1,499.9,0.05
S0010881,PED005413,2023-11-03,C00612,P011,V024,R05,4,149.9,0.15
S0010882,PED005414,2025-10-19,C00460,P033,V019,R03,1,89.9,0.15
S0010883,PED005414,2025-10-19,C00460,P035,V019,R03,1,499.9,0.0
S0010884,PED005414,2025-10-19,C00460,P016,V019,R03,4,149.9,0.0
S0010885,PED005415,2023-12-11,C00632,P027,V004,R05,1,249.9,0.05
S0010886,PED005415,2023-12-11,C00632,P030,V004,R05,4,499.9,0.15
S0010887,PED005415,2023-12-11,C00632,P006,V004,R05,2,499.9,0.15
S0010888,PED005416,2025-12-10,C00577,P054,V003,R04,2,249.9,0.1
S0010889,PED005416,2025-12-10,C00577,P013,V003,R04,2,899.9,0.0
S0010890,PED005417,2023-10-16,C00480,P017,V013,R03,2,499.9,0.2
S0010891,PED005418,2025-03-14,C00630,P021,V011,R01,3,899.9,0.05
S0010892,PED005418,2025-03-14,C00630,P034,V011,R01,1,499.9,0.05
S0010893,PED005418,2025-03-14,C00630,P038,V011,R01,1,499.9,0.1
S0010894,PED005419,2024-10-14,C00392,P044,V021,R01,2,499.9,0.1
S0010895,PED005420,2025-02-08,C00249,P001,V005,R05,3,49.9,0.15
S0010896,PED005420,2025-02-08,C00249,P023,V005,R05,2,899.9,0.1
S0010897,PED005421,2024-12-12,C00568,P012,V008,R02,1,89.9,0.0
S0010898,PED005422,2025-02-22,C00629,P009,V015,R02,4,499.9,0.0
S0010899,PED005422,2025-02-22,C00629,P040,V015,R02,2,249.9,0.0
S0010900,PED005422,2025-02-22,C00629,P036,V015,R02,1,49.9,0.05
S0010901,PED005423,2025-10-13,C00484,P039,V019,R03,3,249.9,0.0
S0010902,PED005423,2025-10-13,C00484,P023,V019,R03,2,899.9,0.05
S0010903,PED005423,2025-10-13,C00484,P011,V019,R03,4,149.9,0.15
S0010904,PED005424,2024-10-04,C00498,P032,V008,R01,2,499.9,0.1
S0010905,PED005424,2024-10-04,C00498,P028,V008,R01,2,499.9,0.0
S0010906,PED005425,2023-03-28,C00481,P025,V012,R03,1,149.9,0.05
S0010907,PED005426,2023-11-11,C00557,P025,V013,R03,1,149.9,0.15
S0010908,PED005427,2025-02-24,C00598,P012,V001,R01,3,89.9,0.0
S0010909,PED005428,2024-07-16,C00618,P001,V015,R01,3,49.9,0.0
S0010910,PED005429,2024-09-17,C00532,P017,V001,R04,4,499.9,0.0
S0010911,PED005430,2024-11-05,C00639,P019,V019,R05,3,149.9,0.05
S0010912,PED005431,2024-03-05,C00594,P003,V002,R04,4,49.9,0.0
S0010913,PED005432,2025-05-15,C00669,P013,V002,R03,1,899.9,0.0
S0010914,PED005433,2025-03-15,C00669,P049,V001,R03,1,899.9,0.0
S0010915,PED005433,2025-03-15,C00669,P031,V001,R03,3,149.9,0.05
S0010916,PED005434,2025-03-03,C00564,P043,V015,R03,2,49.9,0.1
S0010917,PED005435,2025-03-05,C00505,P008,V006,R05,2,149.9,0.05
S0010918,PED005436,2025-09-27,C00497,P015,V018,R04,3,499.9,0.0
S0010919,PED005437,2024-11-04,C00534,P025,V015,R03,3,149.9,0.1
S0010920,PED005437,2024-11-04,C00534,P028,V015,R03,3,499.9,0.1
S0010921,PED005438,2025-12-03,C00473,P052,V014,R03,3,89.9,0.15
S0010922,PED005438,2025-12-03,C00473,P036,V014,R03,3,49.9,0.15
S0010923,PED005439,2023-05-29,C00558,P058,V007,R03,4,49.9,0.0
S0010924,PED005440,2024-12-01,C00473,P029,V008,R03,2,249.9,0.1
S0010925,PED005440,2024-12-01,C00473,P056,V008,R03,1,149.9,0.1
S0010926,PED005440,2024-12-01,C00473,P013,V008,R03,4,899.9,0.05
S0010927,PED005441,2025-03-07,C00217,P006,V012,R03,2,499.9,0.1
S0010928,PED005441,2025-03-07,C00217,P014,V012,R03,2,499.9,0.0
S0010929,PED005441,2025-03-07,C00217,P010,V012,R03,4,249.9,0.1
S0010930,PED005442,2024-06-26,C00678,P007,V003,R04,2,899.9,0.15
S0010931,PED005442,2024-06-26,C00678,P013,V003,R04,2,899.9,0.0
S0010932,PED005443,2023-11-24,C00582,P044,V004,R05,1,499.9,0.05
S0010933,PED005443,2023-11-24,C00582,P018,V004,R05,4,499.9,0.05
S0010934,PED005444,2024-09-19,C00615,P044,V009,R05,4,499.9,0.0
S0010935,PED005444,2024-09-19,C00615,P005,V009,R05,3,499.9,0.15
S0010936,PED005445,2024-02-11,C00659,P013,V016,R01,2,899.9,0.0
S0010937,PED005446,2025-10-16,C00494,P021,V022,R05,1,899.9,0.0
S0010938,PED005446,2025-10-16,C00494,P001,V022,R05,3,49.9,0.05
S0010939,PED005447,2024-01-31,C00688,P025,V011,R03,4,149.9,0.15
S0010940,PED005447,2024-01-31,C00688,P007,V011,R03,3,899.9,0.05
S0010941,PED005447,2024-01-31,C00688,P049,V011,R03,2,899.9,0.05
S0010942,PED005448,2023-08-04,C00474,P022,V011,R04,1,499.9,0.1
S0010943,PED005448,2023-08-04,C00474,P010,V011,R04,2,249.9,0.0
S0010944,PED005449,2024-10-17,C00474,P005,V016,R04,3,499.9,0.0
S0010945,PED005449,2024-10-17,C00474,P001,V016,R04,4,49.9,0.15
S0010946,PED005449,2024-10-17,C00474,P022,V016,R04,1,499.9,0.0
S0010947,PED005450,2024-03-21,C00597,P030,V009,R04,1,499.9,0.0
S0010948,PED005450,2024-03-21,C00597,P023,V009,R04,2,899.9,0.1
S0010949,PED005451,2023-05-02,C00520,P018,V007,R02,4,499.9,0.15
S0010950,PED005451,2023-05-02,C00520,P009,V007,R02,4,499.9,0.0
S0010951,PED005452,2024-10-05,C00512,P013,V016,R05,3,899.9,0.05
S0010952,PED005453,2024-09-06,C00593,P026,V017,R01,2,49.9,0.1
S0010953,PED005453,2024-09-06,C00593,P037,V017,R01,4,149.9,0.0
S0010954,PED005454,2023-08-01,C00586,P019,V017,R02,4,149.9,0.05
S0010955,PED005454,2023-08-01,C00586,P031,V017,R02,1,149.9,0.1
S0010956,PED005455,2024-11-05,C00671,P015,V009,R01,1,499.9,0.05
S0010957,PED005456,2024-10-08,C00509,P050,V017,R04,4,899.9,0.0
S0010958,PED005456,2024-10-08,C00509,P033,V017,R04,4,89.9,0.0
S0010959,PED005457,2025-05-14,C00567,P046,V018,R03,3,249.9,0.0
S0010960,PED005457,2025-05-14,C00567,P033,V018,R03,4,89.9,0.0
S0010961,PED005458,2024-02-06,C00470,P033,V009,R03,2,89.9,0.15
S0010962,PED005458,2024-02-06,C00470,P031,V009,R03,3,149.9,0.0
S0010963,PED005458,2024-02-06,C00470,P017,V009,R03,2,499.9,0.0
S0010964,PED005459,2023-10-23,C00531,P013,V009,R01,1,899.9,0.0
S0010965,PED005460,2025-11-21,C00489,P015,V005,R03,3,499.9,0.0
S0010966,PED005460,2025-11-21,C00489,P053,V005,R03,2,49.9,0.0
S0010967,PED005461,2024-10-01,C00668,P042,V022,R04,2,499.9,0.05
S0010968,PED005461,2024-10-01,C00668,P011,V022,R04,3,149.9,0.1
S0010969,PED005461,2024-10-01,C00668,P006,V022,R04,3,499.9,0.0
S0010970,PED005462,2023-02-04,C00571,P023,V024,R02,2,899.9,0.1
S0010971,PED005462,2023-02-04,C00571,P046,V024,R02,1,249.9,0.0
S0010972,PED005462,2023-02-04,C00571,P018,V024,R02,3,499.9,0.0
S0010973,PED005463,2025-07-08,C00664,P058,V022,R04,4,49.9,0.05
S0010974,PED005463,2025-07-08,C00664,P032,V022,R04,2,499.9,0.05
S0010975,PED005464,2023-08-28,C00245,P016,V010,R03,4,149.9,0.0
S0010976,PED005465,2025-05-29,C00488,P038,V010,R04,1,499.9,0.05
S0010977,PED005465,2025-05-29,C00488,P043,V010,R04,2,49.9,0.0
S0010978,PED005465,2025-05-29,C00488,P022,V010,R04,3,499.9,0.1
S0010979,PED005466,2025-02-19,C00695,P018,V003,R03,1,499.9,0.2
S0010980,PED005467,2025-12-04,C00456,P038,V015,R05,4,499.9,0.0
S0010981,PED005467,2025-12-04,C00456,P032,V015,R05,2,499.9,0.0
S0010982,PED005468,2025-12-02,C00548,P050,V011,R05,1,899.9,0.05
S0010983,PED005468,2025-12-02,C00548,P008,V011,R05,1,149.9,0.0
S0010984,PED005468,2025-12-02,C00548,P009,V011,R05,2,499.9,0.2
S0010985,PED005469,2023-11-13,C00622,P036,V006,R04,3,49.9,0.05
S0010986,PED005469,2023-11-13,C00622,P010,V006,R04,3,249.9,0.1
S0010987,PED005469,2023-11-13,C00622,P012,V006,R04,4,89.9,0.0
S0010988,PED005470,2025-05-06,C00500,P021,V001,R01,3,899.9,0.0
S0010989,PED005471,2023-12-17,C00617,P050,V014,R01,4,899.9,0.0
S0010990,PED005471,2023-12-17,C00617,P032,V014,R01,4,499.9,0.05
S0010991,PED005471,2023-12-17,C00617,P055,V014,R01,1,149.9,0.1
S0010992,PED005472,2024-11-29,C00582,P023,V018,R05,4,899.9,0.0
S0010993,PED005473,2024-11-05,C00644,P034,V006,R02,3,499.9,0.05
S0010994,PED005473,2024-11-05,C00644,P030,V006,R02,1,499.9,0.05
S0010995,PED005473,2024-11-05,C00644,P008,V006,R02,1,149.9,0.0
S0010996,PED005474,2023-03-12,C00591,P036,V021,R04,4,49.9,0.0
S0010997,PED005474,2023-03-12,C00591,P005,V021,R04,4,499.9,0.0
S0010998,PED005474,2023-03-12,C00591,P020,V021,R04,1,49.9,0.0
S0010999,PED005475,2023-01-07,C00685,P053,V022,R02,4,49.9,0.0
S0011000,PED005476,2023-03-16,C00554,P028,V011,R04,1,499.9,0.0
S0011001,PED005476,2023-03-16,C00554,P023,V011,R04,4,899.9,0.0
S0011002,PED005476,2023-03-16,C00554,P019,V011,R04,1,149.9,0.0
S0011003,PED005477,2023-06-08,C00552,P002,V004,R05,4,499.9,0.15
S0011004,PED005477,2023-06-08,C00552,P009,V004,R05,4,499.9,0.0
S0011005,PED005478,2023-11-01,C00668,P007,V018,R04,2,899.9,0.0
S0011006,PED005478,2023-11-01,C00668,P030,V018,R04,2,499.9,0.05
S0011007,PED005478,2023-11-01,C00668,P048,V018,R04,2,149.9,0.15
S0011008,PED005479,2025-10-14,C00463,P012,V008,R05,1,89.9,0.0
S0011009,PED005479,2025-10-14,C00463,P033,V008,R05,1,89.9,0.0
S0011010,PED005479,2025-10-14,C00463,P011,V008,R05,2,149.9,0.1
S0011011,PED005480,2024-08-14,C00523,P019,V002,R05,1,149.9,0.1
S0011012,PED005480,2024-08-14,C00523,P031,V002,R05,3,149.9,0.15
S0011013,PED005481,2025-06-11,C00525,P048,V004,R01,4,149.9,0.0
S0011014,PED005482,2025-07-29,C00536,P042,V018,R05,3,499.9,0.0
S0011015,PED005482,2025-07-29,C00536,P037,V018,R05,2,149.9,0.0
S0011016,PED005482,2025-07-29,C00536,P056,V018,R05,3,149.9,0.15
S0011017,PED005483,2025-03-28,C00666,P044,V004,R05,2,499.9,0.05
S0011018,PED005484,2024-03-16,C00676,P025,V014,R05,2,149.9,0.05
S0011019,PED005484,2024-03-16,C00676,P044,V014,R05,2,499.9,0.05
S0011020,PED005484,2024-03-16,C00676,P049,V014,R05,3,899.9,0.15
S0011021,PED005485,2025-08-29,C00520,P022,V016,R02,2,499.9,0.0
S0011022,PED005485,2025-08-29,C00520,P008,V016,R02,3,149.9,0.05
S0011023,PED005485,2025-08-29,C00520,P053,V016,R02,1,49.9,0.1
S0011024,PED005486,2025-04-06,C00517,P011,V015,R04,2,149.9,0.05
S0011025,PED005486,2025-04-06,C00517,P010,V015,R04,1,249.9,0.15
S0011026,PED005487,2025-04-07,C00470,P016,V010,R03,3,149.9,0.0
S0011027,PED005487,2025-04-07,C00470,P017,V010,R03,3,499.9,0.0
S0011028,PED005487,2025-04-07,C00470,P041,V010,R03,2,149.9,0.05
S0011029,PED005488,2025-10-09,C00490,P006,V023,R03,4,499.9,0.0
S0011030,PED005488,2025-10-09,C00490,P041,V023,R03,4,149.9,0.0
S0011031,PED005489,2024-11-06,C00560,P003,V005,R04,3,49.9,0.15
S0011032,PED005490,2024-08-26,C00522,P037,V017,R01,4,149.9,0.05
S0011033,PED005490,2024-08-26,C00522,P006,V017,R01,3,499.9,0.0
S0011034,PED005490,2024-08-26,C00522,P036,V017,R01,1,49.9,0.05
S0011035,PED005491,2025-09-27,C00625,P024,V011,R05,1,149.9,0.0
S0011036,PED005491,2025-09-27,C00625,P055,V011,R05,2,149.9,0.05
S0011037,PED005491,2025-09-27,C00625,P015,V011,R05,2,499.9,0.15
S0011038,PED005492,2024-05-31,C00652,P010,V009,R04,1,249.9,0.0
S0011039,PED005492,2024-05-31,C00652,P002,V009,R04,1,499.9,0.05
S0011040,PED005492,2024-05-31,C00652,P037,V009,R04,4,149.9,0.1
S0011041,PED005493,2025-06-27,C00530,P018,V004,R02,1,499.9,0.05
S0011042,PED005493,2025-06-27,C00530,P015,V004,R02,2,499.9,0.15
S0011043,PED005494,2023-03-11,C00598,P010,V012,R01,4,249.9,0.0
S0011044,PED005494,2023-03-11,C00598,P013,V012,R01,1,899.9,0.15
S0011045,PED005494,2023-03-11,C00598,P050,V012,R01,1,899.9,0.1
S0011046,PED005495,2023-01-02,C00686,P032,V003,R05,3,499.9,0.15
S0011047,PED005496,2024-08-26,C00581,P013,V001,R02,3,899.9,0.05
S0011048,PED005497,2023-04-04,C00669,P019,V009,R03,1,149.9,0.05
S0011049,PED005497,2023-04-04,C00669,P023,V009,R03,3,899.9,0.0
S0011050,PED005497,2023-04-04,C00669,P060,V009,R03,3,149.9,0.15
S0011051,PED005498,2025-12-11,C00496,P015,V004,R01,3,499.9,0.1
S0011052,PED005498,2025-12-11,C00496,P003,V004,R01,3,49.9,0.05
S0011053,PED005499,2023-01-08,C00681,P057,V018,R02,4,149.9,0.05
S0011054,PED005499,2023-01-08,C00681,P020,V018,R02,4,49.9,0.0
S0011055,PED005499,2023-01-08,C00681,P004,V018,R02,4,499.9,0.05
S0011056,PED005500,2025-03-08,C00459,P031,V016,R03,1,149.9,0.1
S0011057,PED005500,2025-03-08,C00459,P034,V016,R03,2,499.9,0.05
S0011058,PED005500,2025-03-08,C00459,P057,V016,R03,1,149.9,0.0
S0011059,PED005501,2023-10-17,C00557,P027,V008,R03,4,249.9,0.1
S0011060,PED005502,2025-12-03,C00014,P038,V016,R03,3,499.9,0.0
S0011061,PED005502,2025-12-03,C00014,P009,V016,R03,1,499.9,0.2
S0011062,PED005502,2025-12-03,C00014,P004,V016,R03,4,499.9,0.15
S0011063,PED005503,2024-03-04,C00587,P048,V001,R04,4,149.9,0.2
S0011064,PED005503,2024-03-04,C00587,P008,V001,R04,2,149.9,0.2
S0011065,PED005503,2024-03-04,C00587,P026,V001,R04,2,49.9,0.05
S0011066,PED005504,2023-02-05,C00688,P005,V007,R03,1,499.9,0.0
S0011067,PED005504,2023-02-05,C00688,P034,V007,R03,2,499.9,0.0
S0011068,PED005504,2023-02-05,C00688,P014,V007,R03,4,499.9,0.0
S0011069,PED005505,2023-02-04,C00577,P041,V021,R04,4,149.9,0.0
S0011070,PED005505,2023-02-04,C00577,P017,V021,R04,4,499.9,0.1
S0011071,PED005506,2024-09-23,C00300,P015,V016,R01,2,499.9,0.0
S0011072,PED005506,2024-09-23,C00300,P031,V016,R01,4,149.9,0.0
S0011073,PED005506,2024-09-23,C00300,P034,V016,R01,2,499.9,0.1
S0011074,PED005507,2025-12-20,C00579,P012,V021,R03,4,89.9,0.0
S0011075,PED005507,2025-12-20,C00579,P023,V021,R03,3,899.9,0.1
S0011076,PED005508,2025-12-14,C00492,P025,V010,R03,4,149.9,0.0
S0011077,PED005508,2025-12-14,C00492,P043,V010,R03,4,49.9,0.0
S0011078,PED005509,2024-01-06,C00655,P026,V004,R03,2,49.9,0.1
S0011079,PED005509,2024-01-06,C00655,P037,V004,R03,2,149.9,0.0
S0011080,PED005510,2024-07-02,C00494,P040,V006,R05,1,249.9,0.0
S0011081,PED005510,2024-07-02,C00494,P006,V006,R05,4,499.9,0.05
S0011082,PED005510,2024-07-02,C00494,P001,V006,R05,2,49.9,0.1
S0011083,PED005511,2023-05-07,C00608,P028,V008,R04,1,499.9,0.1
S0011084,PED005511,2023-05-07,C00608,P007,V008,R04,4,899.9,0.1
S0011085,PED005511,2023-05-07,C00608,P001,V008,R04,1,49.9,0.05
S0011086,PED005512,2024-08-18,C00660,P031,V020,R01,2,149.9,0.0
S0011087,PED005512,2024-08-18,C00660,P026,V020,R01,4,49.9,0.05
S0011088,PED005512,2024-08-18,C00660,P040,V020,R01,3,249.9,0.0
S0011089,PED005513,2024-11-07,C00694,P030,V001,R03,4,499.9,0.0
S0011090,PED005513,2024-11-07,C00694,P029,V001,R03,4,249.9,0.1
S0011091,PED005513,2024-11-07,C00694,P037,V001,R03,1,149.9,0.1
S0011092,PED005514,2023-10-25,C00505,P027,V013,R05,2,249.9,0.0
S0011093,PED005514,2023-10-25,C00505,P034,V013,R05,3,499.9,0.0
S0011094,PED005515,2024-11-16,C00591,P039,V004,R04,3,249.9,0.1
S0011095,PED005515,2024-11-16,C00591,P017,V004,R04,4,499.9,0.0
S0011096,PED005516,2025-10-07,C00432,P007,V017,R02,1,899.9,0.0
S0011097,PED005517,2023-01-02,C00695,P014,V014,R03,2,499.9,0.15
S0011098,PED005518,2023-10-03,C00539,P001,V021,R04,4,49.9,0.1
S0011099,PED005518,2023-10-03,C00539,P041,V021,R04,2,149.9,0.0
S0011100,PED005519,2023-09-12,C00529,P043,V001,R04,2,49.9,0.0
S0011101,PED005520,2023-06-04,C00655,P043,V005,R03,1,49.9,0.0
S0011102,PED005520,2023-06-04,C00655,P028,V005,R03,4,499.9,0.2
S0011103,PED005521,2023-07-23,C00554,P052,V004,R04,2,89.9,0.05
S0011104,PED005521,2023-07-23,C00554,P013,V004,R04,4,899.9,0.1
S0011105,PED005522,2024-11-27,C00540,P020,V006,R03,3,49.9,0.15
S0011106,PED005522,2024-11-27,C00540,P004,V006,R03,4,499.9,0.1
S0011107,PED005523,2023-05-10,C00540,P004,V020,R03,3,499.9,0.1
S0011108,PED005523,2023-05-10,C00540,P003,V020,R03,2,49.9,0.0
S0011109,PED005524,2025-04-02,C00699,P058,V001,R03,2,49.9,0.1
S0011110,PED005524,2025-04-02,C00699,P004,V001,R03,2,499.9,0.05
S0011111,PED005525,2025-09-23,C00653,P015,V003,R01,3,499.9,0.0
S0011112,PED005526,2025-11-02,C00562,P037,V013,R01,4,149.9,0.0
S0011113,PED005527,2024-12-26,C00511,P001,V004,R04,2,49.9,0.05
S0011114,PED005527,2024-12-26,C00511,P011,V004,R04,2,149.9,0.0
S0011115,PED005527,2024-12-26,C00511,P006,V004,R04,1,499.9,0.0
S0011116,PED005528,2023-08-29,C00544,P004,V011,R05,2,499.9,0.0
S0011117,PED005529,2023-04-19,C00557,P016,V001,R03,4,149.9,0.1
S0011118,PED005530,2023-10-06,C00577,P027,V015,R04,3,249.9,0.0
S0011119,PED005530,2023-10-06,C00577,P019,V015,R04,1,149.9,0.0
S0011120,PED005530,2023-10-06,C00577,P018,V015,R04,1,499.9,0.05
S0011121,PED005531,2025-11-29,C00604,P001,V003,R02,4,49.9,0.1
S0011122,PED005531,2025-11-29,C00604,P010,V003,R02,4,249.9,0.05
S0011123,PED005531,2025-11-29,C00604,P033,V003,R02,2,89.9,0.0
S0011124,PED005532,2025-11-29,C00538,P006,V023,R04,3,499.9,0.05
S0011125,PED005532,2025-11-29,C00538,P036,V023,R04,4,49.9,0.2
S0011126,PED005532,2025-11-29,C00538,P018,V023,R04,3,499.9,0.0
S0011127,PED005533,2024-03-04,C00631,P008,V015,R04,3,149.9,0.05
S0011128,PED005534,2023-12-25,C00569,P021,V020,R05,3,899.9,0.0
S0011129,PED005534,2023-12-25,C00569,P031,V020,R05,1,149.9,0.1
S0011130,PED005534,2023-12-25,C00569,P041,V020,R05,1,149.9,0.0
S0011131,PED005535,2024-08-04,C00603,P005,V019,R02,2,499.9,0.0
S0011132,PED005535,2024-08-04,C00603,P038,V019,R02,2,499.9,0.0
S0011133,PED005536,2023-11-26,C00697,P011,V018,R02,3,149.9,0.05
S0011134,PED005536,2023-11-26,C00697,P030,V018,R02,4,499.9,0.0
S0011135,PED005537,2025-12-14,C00549,P014,V006,R03,3,499.9,0.1
S0011136,PED005537,2025-12-14,C00549,P023,V006,R03,2,899.9,0.1
S0011137,PED005537,2025-12-14,C00549,P025,V006,R03,3,149.9,0.0
S0011138,PED005538,2023-09-25,C00482,P037,V009,R03,4,149.9,0.0
S0011139,PED005538,2023-09-25,C00482,P008,V009,R03,1,149.9,0.05
S0011140,PED005539,2024-02-16,C00496,P001,V008,R01,4,49.9,0.0
S0011141,PED005539,2024-02-16,C00496,P017,V008,R01,1,499.9,0.0
S0011142,PED005540,2024-05-01,C00655,P010,V019,R03,4,249.9,0.15
S0011143,PED005540,2024-05-01,C00655,P012,V019,R03,1,89.9,0.15
S0011144,PED005540,2024-05-01,C00655,P004,V019,R03,1,499.9,0.05
S0011145,PED005541,2023-06-05,C00026,P028,V017,R02,1,499.9,0.1
S0011146,PED005541,2023-06-05,C00026,P005,V017,R02,4,499.9,0.1
S0011147,PED005542,2024-03-05,C00522,P057,V014,R01,4,149.9,0.0
S0011148,PED005542,2024-03-05,C00522,P022,V014,R01,3,499.9,0.0
S0011149,PED005543,2025-08-20,C00545,P006,V004,R01,1,499.9,0.1
S0011150,PED005543,2025-08-20,C00545,P011,V004,R01,1,149.9,0.15
S0011151,PED005543,2025-08-20,C00545,P012,V004,R01,2,89.9,0.0
S0011152,PED005544,2023-06-22,C00693,P044,V002,R05,4,499.9,0.0
S0011153,PED005545,2024-10-24,C00645,P053,V002,R01,4,49.9,0.0
S0011154,PED005545,2024-10-24,C00645,P060,V002,R01,3,149.9,0.0
S0011155,PED005546,2024-04-03,C00543,P002,V012,R04,4,499.9,0.15
S0011156,PED005547,2023-07-28,C00649,P006,V001,R03,2,499.9,0.2
S0011157,PED005548,2023-01-16,C00553,P011,V022,R05,4,149.9,0.05
S0011158,PED005548,2023-01-16,C00553,P029,V022,R05,4,249.9,0.0
S0011159,PED005549,2023-11-12,C00496,P022,V015,R01,3,499.9,0.1
S0011160,PED005549,2023-11-12,C00496,P005,V015,R01,4,499.9,0.0
S0011161,PED005550,2023-03-21,C00596,P030,V009,R04,1,499.9,0.1
S0011162,PED005550,2023-03-21,C00596,P025,V009,R04,4,149.9,0.05
S0011163,PED005551,2024-02-27,C00493,P017,V011,R01,3,499.9,0.1
S0011164,PED005551,2024-02-27,C00493,P021,V011,R01,2,899.9,0.0
S0011165,PED005551,2024-02-27,C00493,P024,V011,R01,3,149.9,0.2
S0011166,PED005552,2025-06-26,C00659,P060,V023,R01,2,149.9,0.1
S0011167,PED005552,2025-06-26,C00659,P024,V023,R01,4,149.9,0.1
S0011168,PED005552,2025-06-26,C00659,P010,V023,R01,1,249.9,0.1
S0011169,PED005553,2025-03-10,C00538,P012,V007,R04,2,89.9,0.1
S0011170,PED005553,2025-03-10,C00538,P018,V007,R04,1,499.9,0.05
S0011171,PED005553,2025-03-10,C00538,P026,V007,R04,4,49.9,0.05
S0011172,PED005554,2025-11-18,C00577,P006,V008,R04,3,499.9,0.05
S0011173,PED005555,2024-04-28,C00637,P003,V010,R05,3,49.9,0.1
S0011174,PED005555,2024-04-28,C00637,P019,V010,R05,4,149.9,0.15
S0011175,PED005555,2024-04-28,C00637,P038,V010,R05,3,499.9,0.1
S0011176,PED005556,2025-02-23,C00614,P036,V018,R04,4,49.9,0.05
S0011177,PED005556,2025-02-23,C00614,P045,V018,R04,1,49.9,0.0
S0011178,PED005556,2025-02-23,C00614,P004,V018,R04,4,499.9,0.0
S0011179,PED005557,2024-12-30,C00651,P036,V008,R03,3,49.9,0.1
S0011180,PED005557,2024-12-30,C00651,P026,V008,R03,4,49.9,0.15
S0011181,PED005557,2024-12-30,C00651,P009,V008,R03,2,499.9,0.05
S0011182,PED005558,2023-09-20,C00536,P031,V001,R05,2,149.9,0.2
S0011183,PED005558,2023-09-20,C00536,P047,V001,R05,3,149.9,0.0
S0011184,PED005558,2023-09-20,C00536,P027,V001,R05,2,249.9,0.05
S0011185,PED005559,2023-12-06,C00508,P004,V014,R04,1,499.9,0.1
S0011186,PED005559,2023-12-06,C00508,P029,V014,R04,2,249.9,0.05
S0011187,PED005559,2023-12-06,C00508,P017,V014,R04,2,499.9,0.05
S0011188,PED005560,2024-08-27,C00554,P009,V022,R04,1,499.9,0.0
S0011189,PED005560,2024-08-27,C00554,P004,V022,R04,1,499.9,0.05
S0011190,PED005560,2024-08-27,C00554,P059,V022,R04,4,499.9,0.1
S0011191,PED005561,2025-06-10,C00687,P058,V006,R03,2,49.9,0.2
S0011192,PED005561,2025-06-10,C00687,P004,V006,R03,2,499.9,0.1
S0011193,PED005561,2025-06-10,C00687,P029,V006,R03,1,249.9,0.0
S0011194,PED005562,2024-06-08,C00150,P036,V004,R04,1,49.9,0.05
S0011195,PED005562,2024-06-08,C00150,P002,V004,R04,2,499.9,0.0
S0011196,PED005563,2023-10-02,C00564,P007,V005,R03,1,899.9,0.15
S0011197,PED005563,2023-10-02,C00564,P002,V005,R03,2,499.9,0.1
S0011198,PED005563,2023-10-02,C00564,P020,V005,R03,2,49.9,0.1
S0011199,PED005564,2025-12-26,C00534,P011,V024,R03,4,149.9,0.1
S0011200,PED005564,2025-12-26,C00534,P007,V024,R03,2,899.9,0.05
S0011201,PED005564,2025-12-26,C00534,P017,V024,R03,3,499.9,0.0
S0011202,PED005565,2023-05-25,C00502,P031,V012,R04,4,149.9,0.0
S0011203,PED005565,2023-05-25,C00502,P007,V012,R04,3,899.9,0.0
S0011204,PED005565,2023-05-25,C00502,P040,V012,R04,3,249.9,0.1
S0011205,PED005566,2025-11-24,C00170,P035,V008,R01,2,499.9,0.0
S0011206,PED005566,2025-11-24,C00170,P011,V008,R01,2,149.9,0.05
S0011207,PED005567,2025-06-24,C00500,P056,V004,R01,3,149.9,0.0
S0011208,PED005567,2025-06-24,C00500,P060,V004,R01,1,149.9,0.2
S0011209,PED005568,2025-07-30,C00499,P014,V011,R04,4,499.9,0.0
S0011210,PED005568,2025-07-30,C00499,P007,V011,R04,4,899.9,0.0
S0011211,PED005568,2025-07-30,C00499,P008,V011,R04,2,149.9,0.1
S0011212,PED005569,2025-06-08,C00565,P033,V004,R04,4,89.9,0.1
S0011213,PED005569,2025-06-08,C00565,P020,V004,R04,3,49.9,0.0
S0011214,PED005569,2025-06-08,C00565,P012,V004,R04,3,89.9,0.15
S0011215,PED005570,2023-09-10,C00461,P024,V023,R03,3,149.9,0.0
S0011216,PED005571,2024-12-02,C00603,P012,V003,R02,2,89.9,0.0
S0011217,PED005572,2025-04-24,C00609,P035,V003,R05,2,499.9,0.0
S0011218,PED005572,2025-04-24,C00609,P011,V003,R05,3,149.9,0.05
S0011219,PED005572,2025-04-24,C00609,P009,V003,R05,2,499.9,0.0
S0011220,PED005573,2025-04-11,C00491,P030,V009,R02,3,499.9,0.15
S0011221,PED005574,2023-11-11,C00485,P021,V022,R04,3,899.9,0.0
S0011222,PED005575,2023-08-10,C00474,P006,V022,R04,3,499.9,0.0
S0011223,PED005576,2023-12-27,C00460,P001,V005,R03,4,49.9,0.1
S0011224,PED005577,2024-06-29,C00582,P038,V004,R05,1,499.9,0.0
S0011225,PED005578,2024-10-14,C00551,P030,V019,R02,1,499.9,0.05
S0011226,PED005578,2024-10-14,C00551,P029,V019,R02,1,249.9,0.1
S0011227,PED005579,2025-07-28,C00661,P019,V024,R01,3,149.9,0.0
S0011228,PED005579,2025-07-28,C00661,P042,V024,R01,1,499.9,0.1
S0011229,PED005580,2025-05-09,C00678,P003,V007,R04,4,49.9,0.1
S0011230,PED005580,2025-05-09,C00678,P005,V007,R04,1,499.9,0.1
S0011231,PED005581,2025-01-12,C00669,P013,V017,R03,4,899.9,0.1
S0011232,PED005582,2023-11-05,C00485,P034,V007,R04,4,499.9,0.0
S0011233,PED005582,2023-11-05,C00485,P059,V007,R04,3,499.9,0.0
S0011234,PED005582,2023-11-05,C00485,P038,V007,R04,3,499.9,0.05
S0011235,PED005583,2024-06-28,C00581,P040,V003,R02,2,249.9,0.0
S0011236,PED005583,2024-06-28,C00581,P012,V003,R02,2,89.9,0.0
S0011237,PED005583,2024-06-28,C00581,P007,V003,R02,1,899.9,0.1
S0011238,PED005584,2024-01-03,C00605,P011,V015,R03,3,149.9,0.05
S0011239,PED005585,2023-10-09,C00688,P019,V023,R03,2,149.9,0.0
S0011240,PED005585,2023-10-09,C00688,P022,V023,R03,3,499.9,0.0
S0011241,PED005585,2023-10-09,C00688,P008,V023,R03,3,149.9,0.05
S0011242,PED005586,2023-01-14,C00695,P025,V008,R03,2,149.9,0.0
S0011243,PED005587,2024-01-09,C00580,P031,V006,R01,3,149.9,0.05
S0011244,PED005587,2024-01-09,C00580,P044,V006,R01,1,499.9,0.0
S0011245,PED005587,2024-01-09,C00580,P043,V006,R01,1,49.9,0.0
S0011246,PED005588,2023-10-30,C00522,P035,V004,R01,1,499.9,0.05
S0011247,PED005589,2024-10-12,C00422,P042,V001,R05,3,499.9,0.0
S0011248,PED005590,2023-03-21,C00514,P002,V003,R04,2,499.9,0.05
S0011249,PED005590,2023-03-21,C00514,P001,V003,R04,4,49.9,0.0
S0011250,PED005590,2023-03-21,C00514,P027,V003,R04,4,249.9,0.15
S0011251,PED005591,2023-11-10,C00594,P002,V001,R04,2,499.9,0.0
S0011252,PED005592,2023-02-28,C00551,P009,V018,R02,1,499.9,0.0
S0011253,PED005592,2023-02-28,C00551,P029,V018,R02,4,249.9,0.15
S0011254,PED005593,2024-12-09,C00534,P001,V002,R03,4,49.9,0.15
S0011255,PED005593,2024-12-09,C00534,P018,V002,R03,4,499.9,0.1
S0011256,PED005594,2024-10-08,C00505,P040,V014,R05,2,249.9,0.1
S0011257,PED005594,2024-10-08,C00505,P038,V014,R05,4,499.9,0.15
S0011258,PED005594,2024-10-08,C00505,P008,V014,R05,4,149.9,0.1
S0011259,PED005595,2024-01-06,C00135,P008,V016,R02,4,149.9,0.15
S0011260,PED005595,2024-01-06,C00135,P025,V016,R02,2,149.9,0.15
S0011261,PED005596,2023-06-30,C00561,P009,V001,R03,4,499.9,0.0
S0011262,PED005596,2023-06-30,C00561,P003,V001,R03,3,49.9,0.0
S0011263,PED005597,2025-11-26,C00070,P002,V016,R03,3,499.9,0.1
S0011264,PED005597,2025-11-26,C00070,P019,V016,R03,2,149.9,0.1
S0011265,PED005598,2024-10-25,C00493,P035,V013,R01,4,499.9,0.1
S0011266,PED005599,2025-01-16,C00468,P046,V004,R02,2,249.9,0.0
S0011267,PED005600,2024-08-29,C00597,P014,V014,R04,2,499.9,0.0
S0011268,PED005601,2025-06-22,C00603,P020,V018,R02,3,49.9,0.0
S0011269,PED005602,2025-10-03,C00687,P026,V012,R03,3,49.9,0.05
S0011270,PED005602,2025-10-03,C00687,P001,V012,R03,1,49.9,0.0
S0011271,PED005603,2024-03-05,C00462,P007,V024,R04,1,899.9,0.0
S0011272,PED005604,2025-01-30,C00611,P012,V015,R01,2,89.9,0.0
S0011273,PED005605,2023-10-04,C00577,P017,V001,R04,1,499.9,0.1
S0011274,PED005606,2024-12-18,C00510,P059,V002,R02,2,499.9,0.1
S0011275,PED005607,2024-03-25,C00503,P018,V024,R04,1,499.9,0.15
S0011276,PED005607,2024-03-25,C00503,P010,V024,R04,3,249.9,0.05
S0011277,PED005608,2023-01-09,C00673,P025,V006,R01,1,149.9,0.1
S0011278,PED005608,2023-01-09,C00673,P047,V006,R01,4,149.9,0.0
S0011279,PED005608,2023-01-09,C00673,P026,V006,R01,1,49.9,0.0
S0011280,PED005609,2025-11-24,C00577,P013,V020,R04,1,899.9,0.1
S0011281,PED005609,2025-11-24,C00577,P026,V020,R04,1,49.9,0.1
S0011282,PED005609,2025-11-24,C00577,P012,V020,R04,4,89.9,0.05
S0011283,PED005610,2025-09-03,C00583,P007,V004,R01,2,899.9,0.0
S0011284,PED005610,2025-09-03,C00583,P017,V004,R01,2,499.9,0.2
S0011285,PED005610,2025-09-03,C00583,P014,V004,R01,3,499.9,0.1
S0011286,PED005611,2023-11-26,C00601,P025,V012,R05,3,149.9,0.15
S0011287,PED005612,2025-12-30,C00664,P012,V014,R04,1,89.9,0.05
S0011288,PED005612,2025-12-30,C00664,P011,V014,R04,4,149.9,0.1
S0011289,PED005613,2023-12-18,C00632,P019,V008,R05,3,149.9,0.05
S0011290,PED005613,2023-12-18,C00632,P022,V008,R05,4,499.9,0.05
S0011291,PED005613,2023-12-18,C00632,P052,V008,R05,1,89.9,0.0
S0011292,PED005614,2024-06-05,C00528,P003,V006,R03,3,49.9,0.05
S0011293,PED005615,2025-08-14,C00680,P009,V013,R01,1,499.9,0.0
S0011294,PED005615,2025-08-14,C00680,P032,V013,R01,4,499.9,0.2
S0011295,PED005615,2025-08-14,C00680,P057,V013,R01,1,149.9,0.1
S0011296,PED005616,2023-12-07,C00647,P053,V022,R04,1,49.9,0.05
S0011297,PED005616,2023-12-07,C00647,P044,V022,R04,3,499.9,0.0
S0011298,PED005616,2023-12-07,C00647,P013,V022,R04,1,899.9,0.05
S0011299,PED005617,2024-05-26,C00478,P052,V002,R03,4,89.9,0.15
S0011300,PED005618,2024-12-30,C00570,P048,V003,R03,3,149.9,0.05
S0011301,PED005618,2024-12-30,C00570,P006,V003,R03,4,499.9,0.1
S0011302,PED005619,2023-06-11,C00499,P047,V014,R04,2,149.9,0.1
S0011303,PED005620,2024-04-23,C00481,P030,V004,R03,2,499.9,0.15
S0011304,PED005620,2024-04-23,C00481,P047,V004,R03,3,149.9,0.05
S0011305,PED005621,2023-12-11,C00499,P014,V011,R04,4,499.9,0.1
S0011306,PED005621,2023-12-11,C00499,P037,V011,R04,3,149.9,0.05
S0011307,PED005621,2023-12-11,C00499,P034,V011,R04,2,499.9,0.0
S0011308,PED005622,2025-01-13,C00337,P025,V022,R05,2,149.9,0.05
S0011309,PED005622,2025-01-13,C00337,P008,V022,R05,4,149.9,0.05
S0011310,PED005623,2023-06-17,C00689,P029,V016,R03,3,249.9,0.05
S0011311,PED005623,2023-06-17,C00689,P002,V016,R03,4,499.9,0.0
S0011312,PED005624,2023-10-07,C00675,P053,V007,R02,4,49.9,0.1
S0011313,PED005625,2025-02-28,C00687,P018,V021,R03,2,499.9,0.1
S0011314,PED005626,2023-07-11,C00620,P029,V008,R01,3,249.9,0.0
S0011315,PED005626,2023-07-11,C00620,P007,V008,R01,2,899.9,0.0
S0011316,PED005627,2024-04-22,C00632,P008,V009,R05,3,149.9,0.0
S0011317,PED005628,2025-03-02,C00495,P042,V013,R05,1,499.9,0.05
S0011318,PED005629,2025-05-05,C00596,P031,V014,R04,2,149.9,0.05
S0011319,PED005629,2025-05-05,C00596,P059,V014,R04,3,499.9,0.15
S0011320,PED005630,2023-04-30,C00643,P037,V013,R03,2,149.9,0.1
S0011321,PED005630,2023-04-30,C00643,P010,V013,R03,1,249.9,0.05
S0011322,PED005631,2025-08-15,C00513,P023,V004,R05,3,899.9,0.0
S0011323,PED005631,2025-08-15,C00513,P042,V004,R05,4,499.9,0.1
S0011324,PED005631,2025-08-15,C00513,P018,V004,R05,4,499.9,0.05
S0011325,PED005632,2025-03-15,C00560,P027,V023,R04,2,249.9,0.15
S0011326,PED005633,2024-01-08,C00666,P026,V009,R05,1,49.9,0.1
S0011327,PED005633,2024-01-08,C00666,P013,V009,R05,3,899.9,0.05
S0011328,PED005634,2025-05-03,C00484,P009,V004,R03,1,499.9,0.05
S0011329,PED005634,2025-05-03,C00484,P045,V004,R03,1,49.9,0.0
S0011330,PED005634,2025-05-03,C00484,P055,V004,R03,4,149.9,0.15
S0011331,PED005635,2025-03-20,C00604,P012,V006,R02,1,89.9,0.05
S0011332,PED005636,2024-11-08,C00577,P015,V012,R04,1,499.9,0.1
S0011333,PED005637,2024-09-28,C00510,P010,V016,R02,1,249.9,0.05
S0011334,PED005637,2024-09-28,C00510,P033,V016,R02,2,89.9,0.05
S0011335,PED005638,2025-03-28,C00550,P018,V010,R01,3,499.9,0.05
S0011336,PED005638,2025-03-28,C00550,P040,V010,R01,4,249.9,0.0
S0011337,PED005639,2025-12-31,C00466,P055,V024,R05,1,149.9,0.05
S0011338,PED005639,2025-12-31,C00466,P025,V024,R05,1,149.9,0.0
S0011339,PED005639,2025-12-31,C00466,P035,V024,R05,2,499.9,0.0
S0011340,PED005640,2024-10-19,C00456,P024,V006,R05,2,149.9,0.15
S0011341,PED005641,2025-06-24,C00543,P011,V002,R04,3,149.9,0.05
S0011342,PED005642,2025-04-09,C00467,P001,V013,R01,3,49.9,0.0
S0011343,PED005643,2025-08-19,C00585,P015,V004,R04,4,499.9,0.05
S0011344,PED005643,2025-08-19,C00585,P029,V004,R04,2,249.9,0.0
S0011345,PED005643,2025-08-19,C00585,P013,V004,R04,2,899.9,0.0
S0011346,PED005644,2025-11-23,C00597,P018,V004,R04,2,499.9,0.0
S0011347,PED005644,2025-11-23,C00597,P041,V004,R04,3,149.9,0.1
S0011348,PED005644,2025-11-23,C00597,P008,V004,R04,1,149.9,0.0
S0011349,PED005645,2023-08-24,C00632,P013,V018,R05,2,899.9,0.05
S0011350,PED005645,2023-08-24,C00632,P016,V018,R05,4,149.9,0.0
S0011351,PED005646,2023-07-22,C00695,P034,V024,R03,4,499.9,0.05
S0011352,PED005646,2023-07-22,C00695,P048,V024,R03,4,149.9,0.1
S0011353,PED005647,2024-10-27,C00643,P036,V010,R03,3,49.9,0.05
S0011354,PED005647,2024-10-27,C00643,P027,V010,R03,2,249.9,0.2
S0011355,PED005648,2024-05-25,C00626,P005,V001,R02,3,499.9,0.05
S0011356,PED005649,2024-10-11,C00699,P049,V006,R03,2,899.9,0.1
S0011357,PED005650,2025-06-12,C00674,P018,V003,R01,2,499.9,0.0
S0011358,PED005650,2025-06-12,C00674,P029,V003,R01,1,249.9,0.1
S0011359,PED005651,2025-11-06,C00544,P026,V015,R05,4,49.9,0.15
S0011360,PED005651,2025-11-06,C00544,P009,V015,R05,4,499.9,0.05
S0011361,PED005652,2024-04-17,C00048,P011,V002,R03,3,149.9,0.0
S0011362,PED005652,2024-04-17,C00048,P037,V002,R03,2,149.9,0.1
S0011363,PED005652,2024-04-17,C00048,P001,V002,R03,2,49.9,0.05
S0011364,PED005653,2025-03-08,C00430,P040,V014,R04,2,249.9,0.0
S0011365,PED005653,2025-03-08,C00430,P015,V014,R04,1,499.9,0.0
S0011366,PED005654,2023-08-28,C00531,P008,V003,R01,2,149.9,0.2
S0011367,PED005654,2023-08-28,C00531,P040,V003,R01,3,249.9,0.0
S0011368,PED005654,2023-08-28,C00531,P001,V003,R01,1,49.9,0.1
S0011369,PED005655,2024-09-02,C00498,P041,V020,R01,1,149.9,0.05
S0011370,PED005655,2024-09-02,C00498,P037,V020,R01,4,149.9,0.0
S0011371,PED005655,2024-09-02,C00498,P020,V020,R01,2,49.9,0.0
S0011372,PED005656,2023-01-28,C00683,P001,V001,R04,3,49.9,0.0
S0011373,PED005657,2024-07-28,C00628,P032,V002,R05,3,499.9,0.2
S0011374,PED005657,2024-07-28,C00628,P038,V002,R05,3,499.9,0.0
S0011375,PED005658,2024-09-14,C00541,P026,V007,R01,4,49.9,0.0
S0011376,PED005658,2024-09-14,C00541,P002,V007,R01,4,499.9,0.05
S0011377,PED005658,2024-09-14,C00541,P008,V007,R01,1,149.9,0.1
S0011378,PED005659,2025-03-29,C00621,P049,V020,R05,4,899.9,0.2
S0011379,PED005659,2025-03-29,C00621,P013,V020,R05,1,899.9,0.0
S0011380,PED005659,2025-03-29,C00621,P031,V020,R05,4,149.9,0.15
S0011381,PED005660,2024-12-16,C00520,P012,V013,R02,1,89.9,0.05
S0011382,PED005660,2024-12-16,C00520,P004,V013,R02,2,499.9,0.1
S0011383,PED005661,2024-02-02,C00605,P016,V003,R03,3,149.9,0.15
S0011384,PED005662,2023-01-08,C00089,P002,V014,R04,4,499.9,0.05
S0011385,PED005662,2023-01-08,C00089,P050,V014,R04,4,899.9,0.1
S0011386,PED005662,2023-01-08,C00089,P047,V014,R04,4,149.9,0.2
S0011387,PED005663,2023-05-25,C00631,P008,V017,R04,4,149.9,0.0
S0011388,PED005663,2023-05-25,C00631,P023,V017,R04,2,899.9,0.0
S0011389,PED005663,2023-05-25,C00631,P037,V017,R04,2,149.9,0.15
S0011390,PED005664,2025-12-08,C00500,P001,V016,R01,1,49.9,0.2
S0011391,PED005665,2025-10-30,C00699,P054,V008,R03,3,249.9,0.0
S0011392,PED005665,2025-10-30,C00699,P055,V008,R03,3,149.9,0.2
S0011393,PED005666,2023-12-25,C00583,P032,V004,R01,1,499.9,0.0
S0011394,PED005666,2023-12-25,C00583,P039,V004,R01,1,249.9,0.0
S0011395,PED005667,2023-11-02,C00463,P015,V001,R05,1,499.9,0.15
S0011396,PED005667,2023-11-02,C00463,P027,V001,R05,2,249.9,0.1
S0011397,PED005667,2023-11-02,C00463,P055,V001,R05,4,149.9,0.0
S0011398,PED005668,2024-05-10,C00530,P056,V008,R02,4,149.9,0.05
S0011399,PED005669,2025-01-30,C00621,P029,V015,R05,4,249.9,0.1
S0011400,PED005669,2025-01-30,C00621,P039,V015,R05,4,249.9,0.2
S0011401,PED005669,2025-01-30,C00621,P056,V015,R05,1,149.9,0.1
S0011402,PED005670,2024-01-31,C00689,P004,V005,R03,4,499.9,0.0
S0011403,PED005670,2024-01-31,C00689,P053,V005,R03,3,49.9,0.0
S0011404,PED005670,2024-01-31,C00689,P044,V005,R03,4,499.9,0.2
S0011405,PED005671,2023-03-28,C00602,P059,V013,R01,3,499.9,0.05
S0011406,PED005671,2023-03-28,C00602,P002,V013,R01,2,499.9,0.0
S0011407,PED005672,2024-03-30,C00496,P029,V001,R01,4,249.9,0.0
S0011408,PED005672,2024-03-30,C00496,P015,V001,R01,3,499.9,0.0
S0011409,PED005672,2024-03-30,C00496,P022,V001,R01,1,499.9,0.0
S0011410,PED005673,2023-11-03,C00468,P006,V016,R02,2,499.9,0.0
S0011411,PED005674,2023-12-24,C00559,P041,V006,R01,1,149.9,0.2
S0011412,PED005674,2023-12-24,C00559,P004,V006,R01,2,499.9,0.0
S0011413,PED005674,2023-12-24,C00559,P027,V006,R01,2,249.9,0.05
S0011414,PED005675,2023-07-19,C00626,P050,V008,R02,2,899.9,0.1
S0011415,PED005676,2024-12-24,C00557,P031,V003,R03,2,149.9,0.05
S0011416,PED005676,2024-12-24,C00557,P004,V003,R03,1,499.9,0.05
S0011417,PED005676,2024-12-24,C00557,P001,V003,R03,4,49.9,0.05
S0011418,PED005677,2024-08-24,C00564,P006,V005,R03,4,499.9,0.05
S0011419,PED005677,2024-08-24,C00564,P026,V005,R03,1,49.9,0.15
S0011420,PED005677,2024-08-24,C00564,P032,V005,R03,1,499.9,0.1
S0011421,PED005678,2023-11-11,C00484,P053,V023,R03,3,49.9,0.0
S0011422,PED005679,2024-09-23,C00547,P017,V016,R05,2,499.9,0.05
S0011423,PED005680,2024-07-14,C00466,P007,V011,R05,2,899.9,0.1
S0011424,PED005681,2025-06-09,C00576,P010,V009,R05,1,249.9,0.1
S0011425,PED005682,2025-11-24,C00698,P012,V008,R05,2,89.9,0.05
S0011426,PED005682,2025-11-24,C00698,P036,V008,R05,1,49.9,0.0
S0011427,PED005682,2025-11-24,C00698,P048,V008,R05,4,149.9,0.0
S0011428,PED005683,2023-06-11,C00661,P035,V010,R01,4,499.9,0.15
S0011429,PED005683,2023-06-11,C00661,P037,V010,R01,2,149.9,0.05
S0011430,PED005683,2023-06-11,C00661,P030,V010,R01,1,499.9,0.15
S0011431,PED005684,2025-09-20,C00586,P028,V009,R02,1,499.9,0.05
S0011432,PED005684,2025-09-20,C00586,P014,V009,R02,1,499.9,0.0
S0011433,PED005685,2025-02-19,C00552,P031,V001,R05,2,149.9,0.0
S0011434,PED005686,2025-02-02,C00540,P002,V012,R03,2,499.9,0.0
S0011435,PED005687,2024-02-23,C00693,P055,V016,R05,3,149.9,0.1
S0011436,PED005688,2024-01-14,C00609,P027,V023,R05,2,249.9,0.15
S0011437,PED005688,2024-01-14,C00609,P026,V023,R05,1,49.9,0.0
S0011438,PED005688,2024-01-14,C00609,P024,V023,R05,3,149.9,0.1
S0011439,PED005689,2023-01-08,C00595,P027,V005,R01,1,249.9,0.05
S0011440,PED005689,2023-01-08,C00595,P006,V005,R01,2,499.9,0.0
S0011441,PED005689,2023-01-08,C00595,P035,V005,R01,4,499.9,0.0
S0011442,PED005690,2025-12-16,C00622,P007,V009,R04,3,899.9,0.0
S0011443,PED005690,2025-12-16,C00622,P015,V009,R04,1,499.9,0.15
S0011444,PED005691,2024-11-12,C00562,P023,V013,R01,4,899.9,0.1
S0011445,PED005691,2024-11-12,C00562,P006,V013,R01,3,499.9,0.0
S0011446,PED005692,2024-03-29,C00641,P007,V021,R03,2,899.9,0.05
S0011447,PED005692,2024-03-29,C00641,P043,V021,R03,3,49.9,0.15
S0011448,PED005693,2024-09-12,C00540,P059,V019,R03,2,499.9,0.05
S0011449,PED005693,2024-09-12,C00540,P033,V019,R03,3,89.9,0.0
S0011450,PED005694,2023-02-23,C00625,P001,V004,R05,4,49.9,0.0
S0011451,PED005694,2023-02-23,C00625,P048,V004,R05,1,149.9,0.0
S0011452,PED005695,2023-08-01,C00602,P004,V007,R01,2,499.9,0.1
S0011453,PED005696,2024-11-25,C00636,P001,V008,R04,2,49.9,0.0
S0011454,PED005697,2024-08-09,C00543,P046,V021,R04,1,249.9,0.0
S0011455,PED005698,2025-05-30,C00663,P034,V002,R01,3,499.9,0.0
S0011456,PED005698,2025-05-30,C00663,P005,V002,R01,3,499.9,0.1
S0011457,PED005699,2024-12-24,C00519,P012,V008,R03,1,89.9,0.1
S0011458,PED005699,2024-12-24,C00519,P033,V008,R03,2,89.9,0.0
S0011459,PED005700,2024-11-08,C00554,P002,V013,R04,3,499.9,0.0
S0011460,PED005700,2024-11-08,C00554,P028,V013,R04,4,499.9,0.1
S0011461,PED005701,2025-07-02,C00553,P002,V021,R05,4,499.9,0.0
S0011462,PED005701,2025-07-02,C00553,P049,V021,R05,3,899.9,0.0
S0011463,PED005701,2025-07-02,C00553,P003,V021,R05,3,49.9,0.0
S0011464,PED005702,2023-03-29,C00605,P025,V021,R03,1,149.9,0.15
S0011465,PED005702,2023-03-29,C00605,P043,V021,R03,3,49.9,0.0
S0011466,PED005702,2023-03-29,C00605,P010,V021,R03,4,249.9,0.05
S0011467,PED005703,2025-01-31,C00621,P006,V001,R05,4,499.9,0.1
S0011468,PED005703,2025-01-31,C00621,P019,V001,R05,1,149.9,0.1
S0011469,PED005704,2025-03-05,C00639,P036,V001,R05,2,49.9,0.1
S0011470,PED005704,2025-03-05,C00639,P037,V001,R05,3,149.9,0.0
S0011471,PED005705,2023-11-14,C00574,P013,V003,R02,1,899.9,0.0
S0011472,PED005705,2023-11-14,C00574,P009,V003,R02,2,499.9,0.05
S0011473,PED005705,2023-11-14,C00574,P008,V003,R02,3,149.9,0.1
S0011474,PED005706,2023-08-27,C00565,P001,V008,R04,2,49.9,0.1
S0011475,PED005707,2023-09-17,C00583,P008,V013,R01,1,149.9,0.0
S0011476,PED005708,2023-08-30,C00690,P039,V008,R04,1,249.9,0.0
S0011477,PED005709,2024-08-20,C00654,P016,V022,R05,2,149.9,0.0
S0011478,PED005709,2024-08-20,C00654,P051,V022,R05,3,899.9,0.0
S0011479,PED005710,2023-06-17,C00597,P047,V010,R04,2,149.9,0.0
S0011480,PED005710,2023-06-17,C00597,P007,V010,R04,1,899.9,0.0
S0011481,PED005710,2023-06-17,C00597,P002,V010,R04,1,499.9,0.0
S0011482,PED005711,2024-12-25,C00644,P036,V012,R02,3,49.9,0.0
S0011483,PED005711,2024-12-25,C00644,P041,V012,R02,4,149.9,0.0
S0011484,PED005711,2024-12-25,C00644,P056,V012,R02,3,149.9,0.0
S0011485,PED005712,2023-05-12,C00468,P045,V005,R02,1,49.9,0.0
S0011486,PED005712,2023-05-12,C00468,P021,V005,R02,2,899.9,0.0
S0011487,PED005712,2023-05-12,C00468,P017,V005,R02,1,499.9,0.0
S0011488,PED005713,2023-02-04,C00593,P003,V011,R01,2,49.9,0.1
S0011489,PED005713,2023-02-04,C00593,P006,V011,R01,1,499.9,0.0
S0011490,PED005713,2023-02-04,C00593,P004,V011,R01,1,499.9,0.1
S0011491,PED005714,2023-12-20,C00670,P006,V007,R01,1,499.9,0.0
S0011492,PED005714,2023-12-20,C00670,P010,V007,R01,1,249.9,0.0
S0011493,PED005715,2023-08-23,C00591,P010,V008,R04,1,249.9,0.05
S0011494,PED005715,2023-08-23,C00591,P030,V008,R04,2,499.9,0.1
S0011495,PED005715,2023-08-23,C00591,P001,V008,R04,4,49.9,0.0
S0011496,PED005716,2025-12-22,C00543,P035,V011,R04,4,499.9,0.15
S0011497,PED005716,2025-12-22,C00543,P027,V011,R04,2,249.9,0.05
S0011498,PED005716,2025-12-22,C00543,P026,V011,R04,1,49.9,0.0
S0011499,PED005717,2023-12-05,C00465,P040,V010,R05,1,249.9,0.05
S0011500,PED005717,2023-12-05,C00465,P008,V010,R05,2,149.9,0.0
S0011501,PED005718,2023-09-26,C00599,P018,V007,R04,2,499.9,0.05
S0011502,PED005718,2023-09-26,C00599,P025,V007,R04,3,149.9,0.0
S0011503,PED005718,2023-09-26,C00599,P010,V007,R04,3,249.9,0.0
S0011504,PED005719,2023-08-28,C00632,P058,V007,R05,2,49.9,0.0
S0011505,PED005719,2023-08-28,C00632,P018,V007,R05,1,499.9,0.05
S0011506,PED005720,2024-02-23,C00484,P007,V011,R03,1,899.9,0.1
S0011507,PED005721,2024-11-12,C00474,P058,V001,R04,1,49.9,0.1
S0011508,PED005722,2025-05-24,C00552,P018,V005,R05,1,499.9,0.05
S0011509,PED005723,2024-02-10,C00582,P002,V004,R05,3,499.9,0.0
S0011510,PED005724,2024-11-27,C00532,P032,V012,R04,3,499.9,0.0
S0011511,PED005724,2024-11-27,C00532,P011,V012,R04,4,149.9,0.0
S0011512,PED005725,2024-07-01,C00623,P025,V008,R05,4,149.9,0.2
S0011513,PED005726,2025-08-08,C00656,P042,V013,R01,3,499.9,0.0
S0011514,PED005726,2025-08-08,C00656,P006,V013,R01,2,499.9,0.05
S0011515,PED005726,2025-08-08,C00656,P011,V013,R01,1,149.9,0.0
S0011516,PED005727,2024-10-09,C00458,P052,V018,R05,3,89.9,0.1
S0011517,PED005727,2024-10-09,C00458,P026,V018,R05,1,49.9,0.0
S0011518,PED005728,2023-11-25,C00563,P019,V003,R01,2,149.9,0.0
S0011519,PED005728,2023-11-25,C00563,P010,V003,R01,4,249.9,0.1
S0011520,PED005729,2025-02-17,C00679,P043,V020,R03,1,49.9,0.05
S0011521,PED005729,2025-02-17,C00679,P008,V020,R03,4,149.9,0.0
S0011522,PED005730,2025-07-07,C00674,P019,V008,R01,2,149.9,0.0
S0011523,PED005730,2025-07-07,C00674,P044,V008,R01,1,499.9,0.1
S0011524,PED005730,2025-07-07,C00674,P018,V008,R01,3,499.9,0.05
S0011525,PED005731,2024-06-12,C00625,P001,V010,R05,4,49.9,0.2
S0011526,PED005731,2024-06-12,C00625,P027,V010,R05,2,249.9,0.0
S0011527,PED005732,2025-12-20,C00570,P009,V022,R03,3,499.9,0.0
S0011528,PED005732,2025-12-20,C00570,P025,V022,R03,1,149.9,0.05
S0011529,PED005732,2025-12-20,C00570,P029,V022,R03,1,249.9,0.0
S0011530,PED005733,2025-09-15,C00634,P029,V015,R05,3,249.9,0.15
S0011531,PED005734,2023-08-29,C00646,P017,V022,R01,1,499.9,0.1
S0011532,PED005734,2023-08-29,C00646,P005,V022,R01,4,499.9,0.1
S0011533,PED005734,2023-08-29,C00646,P032,V022,R01,4,499.9,0.0
S0011534,PED005735,2025-05-30,C00529,P009,V010,R04,3,499.9,0.0
S0011535,PED005735,2025-05-30,C00529,P032,V010,R04,2,499.9,0.05
S0011536,PED005735,2025-05-30,C00529,P015,V010,R04,2,499.9,0.1
S0011537,PED005736,2024-11-08,C00537,P013,V021,R02,1,899.9,0.0
S0011538,PED005736,2024-11-08,C00537,P014,V021,R02,2,499.9,0.1
S0011539,PED005737,2024-09-02,C00648,P026,V013,R03,1,49.9,0.15
S0011540,PED005737,2024-09-02,C00648,P045,V013,R03,2,49.9,0.0
S0011541,PED005737,2024-09-02,C00648,P003,V013,R03,2,49.9,0.0
S0011542,PED005738,2024-08-09,C00533,P010,V003,R01,1,249.9,0.0
S0011543,PED005738,2024-08-09,C00533,P001,V003,R01,3,49.9,0.05
S0011544,PED005738,2024-08-09,C00533,P027,V003,R01,1,249.9,0.05
S0011545,PED005739,2025-08-16,C00519,P048,V014,R03,3,149.9,0.0
S0011546,PED005739,2025-08-16,C00519,P005,V014,R03,1,499.9,0.0
S0011547,PED005739,2025-08-16,C00519,P040,V014,R03,4,249.9,0.15
S0011548,PED005740,2024-11-15,C00698,P019,V020,R05,1,149.9,0.0
S0011549,PED005740,2024-11-15,C00698,P010,V020,R05,4,249.9,0.05
S0011550,PED005741,2024-09-05,C00628,P014,V008,R05,1,499.9,0.05
S0011551,PED005741,2024-09-05,C00628,P007,V008,R05,1,899.9,0.0
S0011552,PED005742,2023-03-05,C00695,P059,V019,R03,3,499.9,0.0
S0011553,PED005742,2023-03-05,C00695,P014,V019,R03,4,499.9,0.15
S0011554,PED005742,2023-03-05,C00695,P008,V019,R03,2,149.9,0.05
S0011555,PED005743,2024-05-24,C00596,P017,V023,R04,4,499.9,0.0
S0011556,PED005743,2024-05-24,C00596,P019,V023,R04,2,149.9,0.05
S0011557,PED005744,2025-10-15,C00672,P051,V002,R04,3,899.9,0.1
S0011558,PED005744,2025-10-15,C00672,P040,V002,R04,1,249.9,0.05
S0011559,PED005744,2025-10-15,C00672,P052,V002,R04,4,89.9,0.0
S0011560,PED005745,2025-02-28,C00699,P007,V004,R03,2,899.9,0.15
S0011561,PED005746,2023-03-08,C00675,P009,V024,R02,2,499.9,0.0
S0011562,PED005746,2023-03-08,C00675,P032,V024,R02,1,499.9,0.1
S0011563,PED005747,2025-09-20,C00694,P021,V022,R03,4,899.9,0.0
S0011564,PED005747,2025-09-20,C00694,P036,V022,R03,4,49.9,0.0
S0011565,PED005748,2025-07-15,C00498,P058,V003,R01,2,49.9,0.1
S0011566,PED005748,2025-07-15,C00498,P013,V003,R01,1,899.9,0.15
S0011567,PED005748,2025-07-15,C00498,P049,V003,R01,2,899.9,0.0
S0011568,PED005749,2024-09-15,C00559,P001,V018,R01,4,49.9,0.0
S0011569,PED005750,2023-01-29,C00613,P004,V003,R02,1,499.9,0.0
S0011570,PED005751,2024-10-03,C00519,P001,V024,R03,2,49.9,0.1
S0011571,PED005752,2023-03-12,C00691,P021,V017,R02,2,899.9,0.0
S0011572,PED005753,2023-12-20,C00547,P046,V023,R05,4,249.9,0.1
S0011573,PED005753,2023-12-20,C00547,P011,V023,R05,2,149.9,0.1
S0011574,PED005754,2024-11-29,C00467,P042,V003,R01,4,499.9,0.05
S0011575,PED005755,2025-10-20,C00512,P042,V010,R05,3,499.9,0.1
S0011576,PED005755,2025-10-20,C00512,P025,V010,R05,4,149.9,0.05
S0011577,PED005755,2025-10-20,C00512,P046,V010,R05,1,249.9,0.0
S0011578,PED005756,2024-02-01,C00482,P023,V001,R03,3,899.9,0.05
S0011579,PED005756,2024-02-01,C00482,P003,V001,R03,2,49.9,0.15
S0011580,PED005757,2025-08-24,C00576,P001,V015,R05,4,49.9,0.0
S0011581,PED005758,2025-10-26,C00580,P017,V001,R01,3,499.9,0.1
S0011582,PED005758,2025-10-26,C00580,P007,V001,R01,4,899.9,0.0
S0011583,PED005758,2025-10-26,C00580,P042,V001,R01,3,499.9,0.0
S0011584,PED005759,2023-01-27,C00567,P050,V002,R03,2,899.9,0.0
S0011585,PED005760,2023-10-14,C00583,P029,V016,R01,1,249.9,0.2
S0011586,PED005761,2025-02-26,C00614,P051,V008,R04,4,899.9,0.05
S0011587,PED005761,2025-02-26,C00614,P055,V008,R04,4,149.9,0.0
S0011588,PED005761,2025-02-26,C00614,P045,V008,R04,3,49.9,0.0
S0011589,PED005762,2025-04-24,C00654,P024,V022,R05,2,149.9,0.0
S0011590,PED005762,2025-04-24,C00654,P022,V022,R05,2,499.9,0.1
S0011591,PED005762,2025-04-24,C00654,P043,V022,R05,4,49.9,0.1
S0011592,PED005763,2024-03-17,C00657,P017,V021,R05,2,499.9,0.0
S0011593,PED005764,2024-12-23,C00485,P020,V018,R04,1,49.9,0.1
S0011594,PED005764,2024-12-23,C00485,P011,V018,R04,2,149.9,0.05
S0011595,PED005764,2024-12-23,C00485,P047,V018,R04,4,149.9,0.1
S0011596,PED005765,2024-11-16,C00116,P005,V014,R03,1,499.9,0.15
S0011597,PED005765,2024-11-16,C00116,P037,V014,R03,3,149.9,0.1
S0011598,PED005765,2024-11-16,C00116,P024,V014,R03,2,149.9,0.15
S0011599,PED005766,2025-04-03,C00608,P038,V016,R04,2,499.9,0.05
S0011600,PED005766,2025-04-03,C00608,P050,V016,R04,1,899.9,0.0
S0011601,PED005767,2025-03-09,C00606,P035,V016,R01,2,499.9,0.0
S0011602,PED005767,2025-03-09,C00606,P005,V016,R01,4,499.9,0.05
S0011603,PED005767,2025-03-09,C00606,P029,V016,R01,2,249.9,0.1
S0011604,PED005768,2023-04-19,C00462,P007,V010,R04,3,899.9,0.0
S0011605,PED005768,2023-04-19,C00462,P030,V010,R04,3,499.9,0.15
S0011606,PED005769,2023-07-14,C00581,P010,V024,R02,2,249.9,0.1
S0011607,PED005770,2023-06-14,C00554,P018,V024,R04,3,499.9,0.0
S0011608,PED005771,2025-11-07,C00580,P006,V005,R01,3,499.9,0.0
S0011609,PED005771,2025-11-07,C00580,P032,V005,R01,3,499.9,0.0
S0011610,PED005771,2025-11-07,C00580,P027,V005,R01,1,249.9,0.05
S0011611,PED005772,2025-10-21,C00694,P033,V009,R03,1,89.9,0.1
S0011612,PED005772,2025-10-21,C00694,P018,V009,R03,4,499.9,0.0
S0011613,PED005773,2025-06-11,C00561,P021,V021,R03,2,899.9,0.1
S0011614,PED005774,2023-05-26,C00512,P007,V023,R05,1,899.9,0.15
S0011615,PED005774,2023-05-26,C00512,P041,V023,R05,4,149.9,0.2
S0011616,PED005774,2023-05-26,C00512,P020,V023,R05,2,49.9,0.0
S0011617,PED005775,2024-10-15,C00610,P057,V023,R01,4,149.9,0.0
S0011618,PED005776,2023-08-17,C00555,P043,V007,R01,1,49.9,0.0
S0011619,PED005777,2024-02-15,C00475,P034,V011,R01,1,499.9,0.1
S0011620,PED005777,2024-02-15,C00475,P037,V011,R01,1,149.9,0.2
S0011621,PED005777,2024-02-15,C00475,P005,V011,R01,1,499.9,0.15
S0011622,PED005778,2023-11-08,C00547,P028,V004,R05,2,499.9,0.1
S0011623,PED005779,2025-07-18,C00160,P022,V022,R05,2,499.9,0.2
S0011624,PED005779,2025-07-18,C00160,P007,V022,R05,1,899.9,0.0
S0011625,PED005779,2025-07-18,C00160,P015,V022,R05,4,499.9,0.0
S0011626,PED005780,2023-06-27,C00695,P038,V012,R03,2,499.9,0.0
S0011627,PED005780,2023-06-27,C00695,P030,V012,R03,3,499.9,0.1
S0011628,PED005780,2023-06-27,C00695,P032,V012,R03,3,499.9,0.05
S0011629,PED005781,2024-12-13,C00694,P011,V015,R03,4,149.9,0.0
S0011630,PED005782,2025-12-18,C00648,P014,V001,R03,3,499.9,0.05
S0011631,PED005783,2025-01-26,C00571,P027,V002,R02,4,249.9,0.0
S0011632,PED005783,2025-01-26,C00571,P005,V002,R02,1,499.9,0.15
S0011633,PED005784,2023-04-11,C00490,P040,V020,R03,2,249.9,0.15
S0011634,PED005785,2025-10-15,C00458,P032,V006,R05,4,499.9,0.0
S0011635,PED005785,2025-10-15,C00458,P024,V006,R05,2,149.9,0.0
S0011636,PED005786,2024-12-11,C00495,P052,V019,R05,3,89.9,0.0
S0011637,PED005786,2024-12-11,C00495,P033,V019,R05,3,89.9,0.0
S0011638,PED005786,2024-12-11,C00495,P003,V019,R05,3,49.9,0.0
S0011639,PED005787,2024-06-02,C00688,P030,V008,R03,3,499.9,0.2
S0011640,PED005787,2024-06-02,C00688,P008,V008,R03,3,149.9,0.0
S0011641,PED005787,2024-06-02,C00688,P049,V008,R03,4,899.9,0.1
S0011642,PED005788,2024-12-25,C00534,P032,V011,R03,1,499.9,0.2
S0011643,PED005789,2025-09-15,C00695,P010,V009,R03,1,249.9,0.0
S0011644,PED005789,2025-09-15,C00695,P026,V009,R03,1,49.9,0.15
S0011645,PED005789,2025-09-15,C00695,P040,V009,R03,1,249.9,0.15
S0011646,PED005790,2024-06-26,C00569,P052,V021,R05,1,89.9,0.0
S0011647,PED005791,2024-08-29,C00507,P058,V011,R02,2,49.9,0.2
S0011648,PED005791,2024-08-29,C00507,P011,V011,R02,1,149.9,0.15
S0011649,PED005792,2024-05-28,C00499,P016,V007,R04,2,149.9,0.05
S0011650,PED005792,2024-05-28,C00499,P009,V007,R04,1,499.9,0.15
S0011651,PED005792,2024-05-28,C00499,P021,V007,R04,1,899.9,0.05
S0011652,PED005793,2023-04-03,C00539,P023,V009,R04,2,899.9,0.0
S0011653,PED005793,2023-04-03,C00539,P050,V009,R04,2,899.9,0.1
S0011654,PED005793,2023-04-03,C00539,P004,V009,R04,2,499.9,0.2
S0011655,PED005794,2025-05-30,C00697,P047,V024,R02,2,149.9,0.0
S0011656,PED005794,2025-05-30,C00697,P023,V024,R02,4,899.9,0.0
S0011657,PED005795,2023-06-06,C00571,P003,V010,R02,3,49.9,0.0
S0011658,PED005795,2023-06-06,C00571,P024,V010,R02,1,149.9,0.15
S0011659,PED005795,2023-06-06,C00571,P056,V010,R02,1,149.9,0.1
S0011660,PED005796,2024-03-20,C00678,P013,V001,R04,2,899.9,0.0
S0011661,PED005796,2024-03-20,C00678,P007,V001,R04,2,899.9,0.1
S0011662,PED005797,2024-03-10,C00475,P013,V006,R01,1,899.9,0.0
S0011663,PED005798,2023-11-18,C00461,P036,V012,R03,1,49.9,0.0
S0011664,PED005799,2024-03-29,C00664,P034,V003,R04,3,499.9,0.0
S0011665,PED005799,2024-03-29,C00664,P014,V003,R04,3,499.9,0.0
S0011666,PED005799,2024-03-29,C00664,P023,V003,R04,2,899.9,0.05
S0011667,PED005800,2024-11-21,C00578,P008,V001,R04,2,149.9,0.0
S0011668,PED005800,2024-11-21,C00578,P028,V001,R04,1,499.9,0.05
S0011669,PED005801,2023-12-13,C00690,P047,V009,R04,1,149.9,0.0
S0011670,PED005802,2023-07-31,C00488,P008,V020,R04,4,149.9,0.0
S0011671,PED005802,2023-07-31,C00488,P003,V020,R04,4,49.9,0.2
S0011672,PED005803,2025-09-04,C00621,P054,V012,R05,4,249.9,0.05
S0011673,PED005803,2025-09-04,C00621,P039,V012,R05,4,249.9,0.0
S0011674,PED005803,2025-09-04,C00621,P026,V012,R05,2,49.9,0.1
S0011675,PED005804,2025-12-06,C00493,P021,V007,R01,1,899.9,0.05
S0011676,PED005804,2025-12-06,C00493,P009,V007,R01,2,499.9,0.0
S0011677,PED005804,2025-12-06,C00493,P005,V007,R01,1,499.9,0.0
S0011678,PED005805,2024-06-05,C00670,P034,V020,R01,1,499.9,0.1
S0011679,PED005806,2023-12-26,C00557,P026,V010,R03,2,49.9,0.05
S0011680,PED005807,2023-03-04,C00691,P039,V006,R02,4,249.9,0.0
S0011681,PED005807,2023-03-04,C00691,P007,V006,R02,4,899.9,0.1
S0011682,PED005807,2023-03-04,C00691,P052,V006,R02,4,89.9,0.15
S0011683,PED005808,2023-02-18,C00482,P007,V003,R03,1,899.9,0.0
S0011684,PED005808,2023-02-18,C00482,P022,V003,R03,2,499.9,0.05
S0011685,PED005808,2023-02-18,C00482,P025,V003,R03,3,149.9,0.05
S0011686,PED005809,2024-03-18,C00591,P019,V006,R04,2,149.9,0.0
S0011687,PED005810,2025-11-05,C00598,P017,V004,R01,3,499.9,0.05
S0011688,PED005810,2025-11-05,C00598,P011,V004,R01,1,149.9,0.05
S0011689,PED005811,2025-03-23,C00644,P040,V006,R02,4,249.9,0.05
S0011690,PED005811,2025-03-23,C00644,P049,V006,R02,3,899.9,0.05
S0011691,PED005811,2025-03-23,C00644,P021,V006,R02,3,899.9,0.1
S0011692,PED005812,2024-01-21,C00503,P042,V009,R04,1,499.9,0.05
S0011693,PED005812,2024-01-21,C00503,P017,V009,R04,3,499.9,0.05
S0011694,PED005813,2025-12-04,C00516,P027,V014,R02,2,249.9,0.0
S0011695,PED005813,2025-12-04,C00516,P006,V014,R02,1,499.9,0.05
S0011696,PED005814,2024-05-01,C00464,P002,V008,R04,1,499.9,0.1
S0011697,PED005815,2023-11-15,C00686,P020,V001,R05,2,49.9,0.1
S0011698,PED005815,2023-11-15,C00686,P006,V001,R05,3,499.9,0.05
S0011699,PED005816,2024-04-28,C00482,P024,V008,R03,4,149.9,0.2
S0011700,PED005817,2023-09-14,C00617,P007,V007,R01,4,899.9,0.0
S0011701,PED005817,2023-09-14,C00617,P016,V007,R01,2,149.9,0.15
S0011702,PED005818,2025-09-22,C00486,P018,V004,R04,4,499.9,0.0
S0011703,PED005818,2025-09-22,C00486,P025,V004,R04,3,149.9,0.0
S0011704,PED005818,2025-09-22,C00486,P033,V004,R04,2,89.9,0.0
S0011705,PED005819,2024-02-06,C00654,P027,V014,R05,1,249.9,0.15
S0011706,PED005819,2024-02-06,C00654,P017,V014,R05,2,499.9,0.1
S0011707,PED005819,2024-02-06,C00654,P057,V014,R05,1,149.9,0.0
S0011708,PED005820,2024-12-24,C00490,P012,V010,R03,4,89.9,0.1
S0011709,PED005821,2024-03-13,C00694,P019,V005,R03,4,149.9,0.05
S0011710,PED005821,2024-03-13,C00694,P008,V005,R03,4,149.9,0.1
S0011711,PED005821,2024-03-13,C00694,P003,V005,R03,3,49.9,0.05
S0011712,PED005822,2025-10-09,C00608,P002,V008,R04,3,499.9,0.0
S0011713,PED005823,2024-12-10,C00555,P020,V005,R01,4,49.9,0.0
S0011714,PED005823,2024-12-10,C00555,P002,V005,R01,4,499.9,0.0
S0011715,PED005823,2024-12-10,C00555,P049,V005,R01,1,899.9,0.15
S0011716,PED005824,2024-07-09,C00510,P038,V018,R02,3,499.9,0.1
S0011717,PED005824,2024-07-09,C00510,P023,V018,R02,2,899.9,0.0
S0011718,PED005825,2023-06-13,C00479,P010,V009,R01,3,249.9,0.2
S0011719,PED005825,2023-06-13,C00479,P033,V009,R01,2,89.9,0.05
S0011720,PED005825,2023-06-13,C00479,P006,V009,R01,1,499.9,0.0
S0011721,PED005826,2025-10-09,C00663,P034,V023,R01,2,499.9,0.0
S0011722,PED005827,2024-09-16,C00569,P026,V010,R05,2,49.9,0.05
S0011723,PED005827,2024-09-16,C00569,P039,V010,R05,2,249.9,0.1
S0011724,PED005827,2024-09-16,C00569,P023,V010,R05,3,899.9,0.05
S0011725,PED005828,2023-11-21,C00488,P049,V007,R04,3,899.9,0.05
S0011726,PED005829,2025-09-13,C00555,P042,V009,R01,3,499.9,0.0
S0011727,PED005829,2025-09-13,C00555,P052,V009,R01,1,89.9,0.1
S0011728,PED005830,2023-03-12,C00462,P019,V013,R04,3,149.9,0.1
S0011729,PED005830,2023-03-12,C00462,P037,V013,R04,4,149.9,0.0
S0011730,PED005831,2023-12-15,C00653,P018,V023,R01,3,499.9,0.1
S0011731,PED005831,2023-12-15,C00653,P009,V023,R01,4,499.9,0.05
S0011732,PED005832,2024-09-04,C00497,P026,V017,R04,1,49.9,0.0
S0011733,PED005832,2024-09-04,C00497,P012,V017,R04,2,89.9,0.0
S0011734,PED005832,2024-09-04,C00497,P046,V017,R04,1,249.9,0.05
S0011735,PED005833,2024-01-09,C00463,P036,V003,R05,3,49.9,0.15
S0011736,PED005833,2024-01-09,C00463,P001,V003,R05,3,49.9,0.0
S0011737,PED005833,2024-01-09,C00463,P048,V003,R05,1,149.9,0.05
S0011738,PED005834,2024-06-25,C00692,P026,V006,R04,2,49.9,0.05
S0011739,PED005835,2023-11-06,C00516,P028,V016,R02,4,499.9,0.05
S0011740,PED005835,2023-11-06,C00516,P005,V016,R02,4,499.9,0.1
S0011741,PED005835,2023-11-06,C00516,P006,V016,R02,3,499.9,0.05
S0011742,PED005836,2023-06-11,C00579,P015,V013,R03,4,499.9,0.2
S0011743,PED005836,2023-06-11,C00579,P009,V013,R03,4,499.9,0.0
S0011744,PED005837,2023-02-18,C00488,P036,V008,R04,3,49.9,0.05
S0011745,PED005837,2023-02-18,C00488,P008,V008,R04,1,149.9,0.0
S0011746,PED005837,2023-02-18,C00488,P002,V008,R04,3,499.9,0.0
S0011747,PED005838,2023-07-13,C00071,P044,V016,R02,2,499.9,0.0
S0011748,PED005839,2025-11-22,C00553,P056,V023,R05,2,149.9,0.0
S0011749,PED005839,2025-11-22,C00553,P011,V023,R05,2,149.9,0.05
S0011750,PED005839,2025-11-22,C00553,P058,V023,R05,1,49.9,0.15
S0011751,PED005840,2024-10-16,C00685,P038,V007,R02,4,499.9,0.1
S0011752,PED005840,2024-10-16,C00685,P040,V007,R02,1,249.9,0.05
S0011753,PED005841,2024-07-10,C00650,P045,V004,R04,2,49.9,0.05
S0011754,PED005841,2024-07-10,C00650,P033,V004,R04,4,89.9,0.1
S0011755,PED005842,2024-03-07,C00613,P054,V017,R02,1,249.9,0.0
S0011756,PED005843,2025-02-24,C00531,P040,V022,R01,1,249.9,0.05
S0011757,PED005843,2025-02-24,C00531,P001,V022,R01,2,49.9,0.0
S0011758,PED005843,2025-02-24,C00531,P035,V022,R01,3,499.9,0.0
S0011759,PED005844,2023-06-23,C00492,P003,V019,R03,4,49.9,0.1
S0011760,PED005844,2023-06-23,C00492,P001,V019,R03,2,49.9,0.05
S0011761,PED005844,2023-06-23,C00492,P006,V019,R03,1,499.9,0.15
S0011762,PED005845,2023-11-15,C00569,P023,V012,R05,2,899.9,0.0
S0011763,PED005845,2023-11-15,C00569,P018,V012,R05,4,499.9,0.0
S0011764,PED005846,2024-12-22,C00680,P001,V010,R01,3,49.9,0.15
S0011765,PED005847,2024-06-28,C00550,P007,V006,R01,3,899.9,0.0
S0011766,PED005847,2024-06-28,C00550,P047,V006,R01,4,149.9,0.0
S0011767,PED005848,2025-05-10,C00629,P017,V006,R02,1,499.9,0.05
S0011768,PED005849,2025-10-04,C00474,P022,V009,R04,2,499.9,0.0
S0011769,PED005850,2025-07-11,C00272,P015,V023,R03,1,499.9,0.0
S0011770,PED005851,2023-08-14,C00573,P060,V003,R01,1,149.9,0.1
S0011771,PED005851,2023-08-14,C00573,P031,V003,R01,2,149.9,0.15
S0011772,PED005851,2023-08-14,C00573,P032,V003,R01,4,499.9,0.0
S0011773,PED005852,2023-04-26,C00474,P004,V020,R04,4,499.9,0.0
S0011774,PED005853,2023-07-27,C00608,P020,V008,R04,2,49.9,0.0
S0011775,PED005853,2023-07-27,C00608,P008,V008,R04,1,149.9,0.05
S0011776,PED005854,2025-05-26,C00622,P003,V016,R04,3,49.9,0.05
S0011777,PED005854,2025-05-26,C00622,P019,V016,R04,2,149.9,0.2
S0011778,PED005854,2025-05-26,C00622,P044,V016,R04,4,499.9,0.0
S0011779,PED005855,2025-10-21,C00508,P005,V003,R04,1,499.9,0.1
S0011780,PED005856,2025-11-01,C00470,P031,V003,R03,4,149.9,0.0
S0011781,PED005856,2025-11-01,C00470,P055,V003,R03,3,149.9,0.1
S0011782,PED005856,2025-11-01,C00470,P026,V003,R03,1,49.9,0.0
S0011783,PED005857,2023-12-01,C00618,P028,V020,R01,1,499.9,0.05
S0011784,PED005857,2023-12-01,C00618,P017,V020,R01,1,499.9,0.0
S0011785,PED005858,2025-08-01,C00615,P028,V023,R05,2,499.9,0.0
S0011786,PED005858,2025-08-01,C00615,P017,V023,R05,4,499.9,0.0
S0011787,PED005858,2025-08-01,C00615,P058,V023,R05,4,49.9,0.05
S0011788,PED005859,2024-09-04,C00542,P004,V009,R02,4,499.9,0.0
S0011789,PED005859,2024-09-04,C00542,P025,V009,R02,1,149.9,0.0
S0011790,PED005859,2024-09-04,C00542,P012,V009,R02,2,89.9,0.05
S0011791,PED005860,2025-07-11,C00472,P001,V015,R01,3,49.9,0.05
S0011792,PED005860,2025-07-11,C00472,P007,V015,R01,4,899.9,0.0
S0011793,PED005861,2024-09-17,C00570,P011,V016,R03,2,149.9,0.05
S0011794,PED005861,2024-09-17,C00570,P038,V016,R03,1,499.9,0.0
S0011795,PED005861,2024-09-17,C00570,P016,V016,R03,4,149.9,0.05
S0011796,PED005862,2023-06-29,C00694,P013,V002,R03,4,899.9,0.0
S0011797,PED005862,2023-06-29,C00694,P050,V002,R03,4,899.9,0.1
S0011798,PED005863,2023-04-11,C00539,P031,V005,R04,3,149.9,0.1
S0011799,PED005863,2023-04-11,C00539,P010,V005,R04,2,249.9,0.0
S0011800,PED005863,2023-04-11,C00539,P001,V005,R04,3,49.9,0.1
S0011801,PED005864,2025-11-25,C00694,P004,V006,R03,4,499.9,0.0
S0011802,PED005864,2025-11-25,C00694,P028,V006,R03,1,499.9,0.0
S0011803,PED005865,2024-04-27,C00628,P014,V005,R05,3,499.9,0.2
S0011804,PED005865,2024-04-27,C00628,P051,V005,R05,1,899.9,0.0
S0011805,PED005865,2024-04-27,C00628,P037,V005,R05,3,149.9,0.0
S0011806,PED005866,2024-01-23,C00612,P031,V005,R05,3,149.9,0.0
S0011807,PED005867,2024-01-30,C00628,P032,V015,R05,2,499.9,0.0
S0011808,PED005868,2024-03-01,C00487,P058,V004,R05,2,49.9,0.05
S0011809,PED005868,2024-03-01,C00487,P031,V004,R05,2,149.9,0.0
S0011810,PED005868,2024-03-01,C00487,P015,V004,R05,2,499.9,0.1
S0011811,PED005869,2025-11-16,C00494,P003,V004,R05,3,49.9,0.0
S0011812,PED005869,2025-11-16,C00494,P040,V004,R05,1,249.9,0.0
S0011813,PED005870,2023-03-22,C00658,P057,V017,R04,1,149.9,0.0
S0011814,PED005871,2023-05-29,C00481,P009,V013,R03,2,499.9,0.0
S0011815,PED005872,2025-06-02,C00570,P025,V005,R03,3,149.9,0.0
S0011816,PED005873,2024-09-18,C00637,P011,V006,R05,2,149.9,0.15
S0011817,PED005873,2024-09-18,C00637,P046,V006,R05,2,249.9,0.2
S0011818,PED005874,2023-06-09,C00566,P007,V010,R05,4,899.9,0.0
S0011819,PED005874,2023-06-09,C00566,P013,V010,R05,4,899.9,0.15
S0011820,PED005874,2023-06-09,C00566,P031,V010,R05,3,149.9,0.2
S0011821,PED005875,2023-02-14,C00560,P028,V011,R04,3,499.9,0.0
S0011822,PED005875,2023-02-14,C00560,P018,V011,R04,2,499.9,0.0
S0011823,PED005876,2023-09-28,C00666,P005,V016,R05,4,499.9,0.0
S0011824,PED005876,2023-09-28,C00666,P035,V016,R05,3,499.9,0.1
S0011825,PED005877,2023-11-03,C00593,P005,V011,R01,3,499.9,0.15
S0011826,PED005877,2023-11-03,C00593,P007,V011,R01,2,899.9,0.0
S0011827,PED005878,2023-01-19,C00485,P016,V011,R04,1,149.9,0.05
S0011828,PED005878,2023-01-19,C00485,P057,V011,R04,1,149.9,0.0
S0011829,PED005879,2023-09-19,C00575,P006,V003,R03,3,499.9,0.05
S0011830,PED005879,2023-09-19,C00575,P012,V003,R03,1,89.9,0.1
S0011831,PED005879,2023-09-19,C00575,P022,V003,R03,4,499.9,0.0
S0011832,PED005880,2025-04-01,C00658,P010,V003,R04,3,249.9,0.0
S0011833,PED005881,2025-08-19,C00495,P013,V024,R05,3,899.9,0.0
S0011834,PED005882,2025-10-05,C00465,P013,V018,R05,3,899.9,0.05
S0011835,PED005883,2024-03-14,C00677,P036,V021,R03,1,49.9,0.05
S0011836,PED005883,2024-03-14,C00677,P046,V021,R03,2,249.9,0.0
S0011837,PED005884,2023-12-20,C00539,P019,V016,R04,3,149.9,0.0
S0011838,PED005884,2023-12-20,C00539,P016,V016,R04,3,149.9,0.0
S0011839,PED005884,2023-12-20,C00539,P030,V016,R04,2,499.9,0.2
S0011840,PED005885,2025-12-31,C00615,P016,V018,R05,4,149.9,0.1
S0011841,PED005885,2025-12-31,C00615,P049,V018,R05,4,899.9,0.1
S0011842,PED005886,2025-05-09,C00527,P014,V002,R03,1,499.9,0.1
S0011843,PED005886,2025-05-09,C00527,P021,V002,R03,1,899.9,0.0
S0011844,PED005886,2025-05-09,C00527,P035,V002,R03,4,499.9,0.1
S0011845,PED005887,2024-09-05,C00673,P003,V024,R01,1,49.9,0.15
S0011846,PED005888,2023-10-29,C00509,P017,V003,R04,3,499.9,0.0
S0011847,PED005888,2023-10-29,C00509,P015,V003,R04,1,499.9,0.0
S0011848,PED005888,2023-10-29,C00509,P053,V003,R04,2,49.9,0.0
S0011849,PED005889,2023-12-21,C00570,P003,V007,R03,3,49.9,0.1
S0011850,PED005889,2023-12-21,C00570,P015,V007,R03,4,499.9,0.15
S0011851,PED005889,2023-12-21,C00570,P016,V007,R03,2,149.9,0.15
S0011852,PED005890,2024-08-10,C00513,P036,V005,R05,2,49.9,0.2
S0011853,PED005890,2024-08-10,C00513,P011,V005,R05,1,149.9,0.0
S0011854,PED005890,2024-08-10,C00513,P043,V005,R05,3,49.9,0.0
S0011855,PED005891,2024-09-10,C00634,P039,V008,R05,1,249.9,0.05
S0011856,PED005891,2024-09-10,C00634,P021,V008,R05,1,899.9,0.1
S0011857,PED005891,2024-09-10,C00634,P030,V008,R05,1,499.9,0.1
S0011858,PED005892,2023-01-18,C00596,P006,V010,R04,3,499.9,0.15
S0011859,PED005892,2023-01-18,C00596,P031,V010,R04,4,149.9,0.0
S0011860,PED005893,2025-11-27,C00500,P055,V006,R01,3,149.9,0.0
S0011861,PED005893,2025-11-27,C00500,P032,V006,R01,3,499.9,0.15
S0011862,PED005893,2025-11-27,C00500,P014,V006,R01,4,499.9,0.0
S0011863,PED005894,2024-10-16,C00586,P002,V002,R02,3,499.9,0.1
S0011864,PED005894,2024-10-16,C00586,P031,V002,R02,3,149.9,0.0
S0011865,PED005895,2024-10-29,C00643,P028,V018,R03,4,499.9,0.0
S0011866,PED005895,2024-10-29,C00643,P029,V018,R03,3,249.9,0.0
S0011867,PED005896,2023-09-14,C00502,P018,V018,R04,2,499.9,0.05
S0011868,PED005896,2023-09-14,C00502,P004,V018,R04,4,499.9,0.05
S0011869,PED005896,2023-09-14,C00502,P003,V018,R04,1,49.9,0.05
S0011870,PED005897,2025-05-04,C00510,P045,V019,R02,1,49.9,0.05
S0011871,PED005897,2025-05-04,C00510,P037,V019,R02,4,149.9,0.0
S0011872,PED005897,2025-05-04,C00510,P004,V019,R02,3,499.9,0.0
S0011873,PED005898,2025-03-31,C00459,P033,V004,R03,4,89.9,0.15
S0011874,PED005898,2025-03-31,C00459,P030,V004,R03,3,499.9,0.0
S0011875,PED005898,2025-03-31,C00459,P024,V004,R03,3,149.9,0.0
S0011876,PED005899,2023-05-01,C00700,P008,V022,R02,3,149.9,0.1
S0011877,PED005899,2023-05-01,C00700,P016,V022,R02,4,149.9,0.0
S0011878,PED005900,2024-11-03,C00339,P024,V023,R02,1,149.9,0.0
S0011879,PED005901,2024-12-24,C00502,P042,V013,R04,2,499.9,0.0
S0011880,PED005901,2024-12-24,C00502,P026,V013,R04,3,49.9,0.1
S0011881,PED005902,2025-07-26,C00590,P022,V010,R01,1,499.9,0.0
S0011882,PED005902,2025-07-26,C00590,P021,V010,R01,4,899.9,0.0
S0011883,PED005902,2025-07-26,C00590,P025,V010,R01,4,149.9,0.2
S0011884,PED005903,2023-09-08,C00539,P002,V003,R04,1,499.9,0.05
S0011885,PED005903,2023-09-08,C00539,P041,V003,R04,3,149.9,0.0
S0011886,PED005903,2023-09-08,C00539,P057,V003,R04,3,149.9,0.1
S0011887,PED005904,2025-09-13,C00673,P048,V015,R01,3,149.9,0.0
S0011888,PED005904,2025-09-13,C00673,P047,V015,R01,1,149.9,0.15
S0011889,PED005904,2025-09-13,C00673,P004,V015,R01,4,499.9,0.05
S0011890,PED005905,2024-06-08,C00542,P019,V007,R02,4,149.9,0.0
S0011891,PED005905,2024-06-08,C00542,P013,V007,R02,4,899.9,0.1
S0011892,PED005906,2023-05-02,C00661,P008,V003,R01,2,149.9,0.0
S0011893,PED005906,2023-05-02,C00661,P013,V003,R01,4,899.9,0.0
S0011894,PED005906,2023-05-02,C00661,P032,V003,R01,3,499.9,0.2
S0011895,PED005907,2023-05-13,C00632,P046,V001,R05,4,249.9,0.05
S0011896,PED005907,2023-05-13,C00632,P060,V001,R05,4,149.9,0.1
S0011897,PED005907,2023-05-13,C00632,P031,V001,R05,3,149.9,0.15
S0011898,PED005908,2023-08-30,C00532,P056,V011,R04,3,149.9,0.0
S0011899,PED005908,2023-08-30,C00532,P005,V011,R04,4,499.9,0.1
S0011900,PED005908,2023-08-30,C00532,P027,V011,R04,2,249.9,0.0
S0011901,PED005909,2023-11-20,C00540,P010,V002,R03,4,249.9,0.05
S0011902,PED005910,2024-07-19,C00575,P017,V003,R03,4,499.9,0.1
S0011903,PED005911,2025-04-14,C00562,P010,V008,R01,2,249.9,0.15
S0011904,PED005911,2025-04-14,C00562,P018,V008,R01,1,499.9,0.0
S0011905,PED005912,2023-08-17,C00466,P022,V011,R05,4,499.9,0.05
S0011906,PED005912,2023-08-17,C00466,P033,V011,R05,4,89.9,0.15
S0011907,PED005913,2025-12-25,C00515,P016,V014,R04,2,149.9,0.15
S0011908,PED005914,2023-07-17,C00635,P037,V005,R01,1,149.9,0.05
S0011909,PED005915,2024-11-07,C00660,P008,V005,R01,4,149.9,0.1
S0011910,PED005915,2024-11-07,C00660,P036,V005,R01,4,49.9,0.0
S0011911,PED005915,2024-11-07,C00660,P015,V005,R01,4,499.9,0.1
S0011912,PED005916,2025-11-04,C00499,P002,V013,R04,4,499.9,0.1
S0011913,PED005917,2025-07-22,C00585,P051,V024,R04,3,899.9,0.0
S0011914,PED005918,2024-12-15,C00674,P014,V015,R01,3,499.9,0.15
S0011915,PED005918,2024-12-15,C00674,P029,V015,R01,2,249.9,0.15
S0011916,PED005918,2024-12-15,C00674,P016,V015,R01,4,149.9,0.05
S0011917,PED005919,2025-03-05,C00514,P032,V019,R04,2,499.9,0.0
S0011918,PED005919,2025-03-05,C00514,P014,V019,R04,1,499.9,0.05
S0011919,PED005919,2025-03-05,C00514,P028,V019,R04,4,499.9,0.2
S0011920,PED005920,2023-06-15,C00460,P011,V020,R03,3,149.9,0.05
S0011921,PED005921,2023-01-13,C00351,P028,V017,R05,2,499.9,0.05
S0011922,PED005921,2023-01-13,C00351,P047,V017,R05,2,149.9,0.0
S0011923,PED005921,2023-01-13,C00351,P006,V017,R05,4,499.9,0.15
S0011924,PED005922,2024-05-07,C00534,P059,V012,R03,2,499.9,0.0
S0011925,PED005922,2024-05-07,C00534,P007,V012,R03,1,899.9,0.2
S0011926,PED005923,2023-04-24,C00578,P005,V003,R04,3,499.9,0.05
S0011927,PED005924,2024-02-01,C00519,P014,V005,R03,4,499.9,0.05
S0011928,PED005925,2023-09-27,C00672,P029,V012,R04,2,249.9,0.1
S0011929,PED005925,2023-09-27,C00672,P032,V012,R04,4,499.9,0.1
S0011930,PED005926,2025-10-24,C00576,P042,V008,R05,4,499.9,0.05
S0011931,PED005926,2025-10-24,C00576,P027,V008,R05,1,249.9,0.2
S0011932,PED005927,2025-09-16,C00589,P023,V003,R01,2,899.9,0.0
S0011933,PED005928,2025-07-06,C00677,P026,V009,R03,1,49.9,0.05
S0011934,PED005928,2025-07-06,C00677,P001,V009,R03,1,49.9,0.1
S0011935,PED005929,2025-03-03,C00642,P002,V014,R01,4,499.9,0.05
S0011936,PED005930,2023-07-08,C00678,P048,V009,R04,1,149.9,0.0
S0011937,PED005931,2023-03-05,C00587,P019,V010,R04,1,149.9,0.1
S0011938,PED005931,2023-03-05,C00587,P040,V010,R04,3,249.9,0.0
S0011939,PED005932,2024-12-20,C00621,P035,V001,R05,3,499.9,0.0
S0011940,PED005932,2024-12-20,C00621,P005,V001,R05,4,499.9,0.05
S0011941,PED005932,2024-12-20,C00621,P017,V001,R05,1,499.9,0.15
S0011942,PED005933,2024-12-10,C00533,P046,V002,R01,2,249.9,0.2
S0011943,PED005933,2024-12-10,C00533,P022,V002,R01,2,499.9,0.1
S0011944,PED005933,2024-12-10,C00533,P041,V002,R01,2,149.9,0.0
S0011945,PED005934,2024-02-17,C00577,P012,V004,R04,4,89.9,0.05
S0011946,PED005934,2024-02-17,C00577,P020,V004,R04,2,49.9,0.05
S0011947,PED005935,2024-06-21,C00600,P002,V004,R05,2,499.9,0.05
S0011948,PED005935,2024-06-21,C00600,P017,V004,R05,1,499.9,0.0
S0011949,PED005936,2024-07-10,C00618,P022,V005,R01,4,499.9,0.15
S0011950,PED005937,2023-10-14,C00615,P025,V008,R05,2,149.9,0.0
S0011951,PED005937,2023-10-14,C00615,P026,V008,R05,4,49.9,0.05
S0011952,PED005937,2023-10-14,C00615,P015,V008,R05,2,499.9,0.0
S0011953,PED005938,2023-12-15,C00535,P047,V011,R05,2,149.9,0.1
S0011954,PED005938,2023-12-15,C00535,P014,V011,R05,1,499.9,0.0
S0011955,PED005938,2023-12-15,C00535,P056,V011,R05,3,149.9,0.0
S0011956,PED005939,2024-04-18,C00607,P029,V013,R05,3,249.9,0.15
S0011957,PED005939,2024-04-18,C00607,P018,V013,R05,4,499.9,0.1
S0011958,PED005940,2024-11-10,C00512,P014,V016,R05,1,499.9,0.0
S0011959,PED005940,2024-11-10,C00512,P009,V016,R05,4,499.9,0.0
S0011960,PED005941,2025-11-24,C00594,P007,V012,R04,2,899.9,0.1
S0011961,PED005942,2024-09-06,C00538,P021,V005,R04,2,899.9,0.0
S0011962,PED005943,2025-03-24,C00662,P040,V002,R02,4,249.9,0.1
S0011963,PED005943,2025-03-24,C00662,P037,V002,R02,3,149.9,0.0
S0011964,PED005943,2025-03-24,C00662,P029,V002,R02,1,249.9,0.05
S0011965,PED005944,2025-06-22,C00411,P030,V003,R04,1,499.9,0.05
S0011966,PED005945,2023-05-22,C00555,P032,V002,R01,3,499.9,0.0
S0011967,PED005945,2023-05-22,C00555,P046,V002,R01,3,249.9,0.1
S0011968,PED005945,2023-05-22,C00555,P008,V002,R01,2,149.9,0.05
S0011969,PED005946,2024-12-20,C00504,P016,V012,R03,2,149.9,0.15
S0011970,PED005947,2024-07-02,C00471,P015,V007,R01,2,499.9,0.0
S0011971,PED005947,2024-07-02,C00471,P031,V007,R01,2,149.9,0.0
S0011972,PED005947,2024-07-02,C00471,P012,V007,R01,1,89.9,0.0
S0011973,PED005948,2024-10-13,C00608,P052,V002,R04,1,89.9,0.05
S0011974,PED005948,2024-10-13,C00608,P013,V002,R04,1,899.9,0.1
S0011975,PED005949,2023-02-20,C00629,P037,V020,R02,2,149.9,0.05
S0011976,PED005949,2023-02-20,C00629,P024,V020,R02,4,149.9,0.0
S0011977,PED005950,2025-10-13,C00649,P025,V018,R03,2,149.9,0.05
S0011978,PED005950,2025-10-13,C00649,P018,V018,R03,3,499.9,0.1
S0011979,PED005951,2025-11-22,C00644,P026,V003,R02,1,49.9,0.0
S0011980,PED005951,2025-11-22,C00644,P011,V003,R02,2,149.9,0.1
S0011981,PED005952,2023-01-05,C00604,P029,V023,R02,4,249.9,0.1
S0011982,PED005953,2023-09-15,C00610,P014,V018,R01,4,499.9,0.15
S0011983,PED005953,2023-09-15,C00610,P001,V018,R01,4,49.9,0.0
S0011984,PED005953,2023-09-15,C00610,P030,V018,R01,2,499.9,0.0
S0011985,PED005954,2023-08-09,C00580,P045,V011,R01,4,49.9,0.2
S0011986,PED005954,2023-08-09,C00580,P018,V011,R01,1,499.9,0.0
S0011987,PED005954,2023-08-09,C00580,P033,V011,R01,2,89.9,0.0
S0011988,PED005955,2025-05-23,C00593,P012,V001,R01,4,89.9,0.0
S0011989,PED005955,2025-05-23,C00593,P001,V001,R01,1,49.9,0.15
S0011990,PED005956,2024-11-06,C00688,P032,V001,R03,3,499.9,0.1
S0011991,PED005957,2023-08-05,C00454,P005,V007,R01,1,499.9,0.05
S0011992,PED005957,2023-08-05,C00454,P006,V007,R01,2,499.9,0.1
S0011993,PED005958,2025-06-30,C00542,P044,V018,R02,4,499.9,0.0
S0011994,PED005958,2025-06-30,C00542,P007,V018,R02,3,899.9,0.15
S0011995,PED005959,2024-01-27,C00518,P029,V011,R02,3,249.9,0.05
S0011996,PED005960,2024-06-07,C00515,P015,V011,R04,4,499.9,0.0
S0011997,PED005960,2024-06-07,C00515,P039,V011,R04,4,249.9,0.0
S0011998,PED005960,2024-06-07,C00515,P016,V011,R04,2,149.9,0.05
S0011999,PED005961,2024-03-11,C00644,P027,V002,R02,4,249.9,0.0
S0012000,PED005962,2024-08-18,C00456,P003,V014,R05,4,49.9,0.15
S0012001,PED005962,2024-08-18,C00456,P015,V014,R05,2,499.9,0.15
S0012002,PED005963,2024-06-29,C00626,P017,V024,R02,1,499.9,0.2
S0012003,PED005964,2023-11-13,C00474,P014,V002,R04,1,499.9,0.1
S0012004,PED005964,2023-11-13,C00474,P003,V002,R04,3,49.9,0.15
S0012005,PED005965,2024-04-25,C00571,P035,V004,R02,3,499.9,0.0
S0012006,PED005965,2024-04-25,C00571,P012,V004,R02,3,89.9,0.0
S0012007,PED005965,2024-04-25,C00571,P048,V004,R02,1,149.9,0.1
S0012008,PED005966,2025-10-16,C00540,P029,V016,R03,4,249.9,0.15
S0012009,PED005966,2025-10-16,C00540,P051,V016,R03,1,899.9,0.05
S0012010,PED005966,2025-10-16,C00540,P025,V016,R03,4,149.9,0.0
S0012011,PED005967,2024-07-27,C00509,P037,V024,R04,2,149.9,0.0
S0012012,PED005967,2024-07-27,C00509,P020,V024,R04,1,49.9,0.05
S0012013,PED005967,2024-07-27,C00509,P016,V024,R04,2,149.9,0.1
S0012014,PED005968,2025-10-24,C00519,P013,V012,R03,3,899.9,0.0
S0012015,PED005968,2025-10-24,C00519,P021,V012,R03,4,899.9,0.1
S0012016,PED005969,2024-09-19,C00474,P026,V005,R04,3,49.9,0.15
S0012017,PED005969,2024-09-19,C00474,P012,V005,R04,2,89.9,0.1
S0012018,PED005969,2024-09-19,C00474,P058,V005,R04,1,49.9,0.1
S0012019,PED005970,2025-05-09,C00671,P020,V013,R01,2,49.9,0.05
S0012020,PED005970,2025-05-09,C00671,P021,V013,R01,4,899.9,0.05
S0012021,PED005970,2025-05-09,C00671,P001,V013,R01,2,49.9,0.05
S0012022,PED005971,2023-11-28,C00486,P009,V004,R04,3,499.9,0.0
S0012023,PED005972,2025-06-03,C00697,P016,V014,R02,1,149.9,0.0
S0012024,PED005972,2025-06-03,C00697,P035,V014,R02,3,499.9,0.15
S0012025,PED005973,2023-11-06,C00678,P040,V007,R04,3,249.9,0.05
S0012026,PED005973,2023-11-06,C00678,P009,V007,R04,2,499.9,0.0
S0012027,PED005974,2023-01-25,C00404,P039,V005,R02,2,249.9,0.0
S0012028,PED005975,2023-07-17,C00467,P038,V001,R01,1,499.9,0.05
S0012029,PED005976,2023-01-28,C00618,P009,V004,R01,4,499.9,0.1
S0012030,PED005977,2025-11-18,C00696,P052,V014,R01,1,89.9,0.0
S0012031,PED005977,2025-11-18,C00696,P047,V014,R01,1,149.9,0.2
S0012032,PED005977,2025-11-18,C00696,P045,V014,R01,4,49.9,0.05
S0012033,PED005978,2025-12-31,C00662,P036,V010,R02,3,49.9,0.0
S0012034,PED005978,2025-12-31,C00662,P028,V010,R02,1,499.9,0.0
S0012035,PED005979,2025-05-01,C00056,P047,V020,R03,2,149.9,0.15
S0012036,PED005979,2025-05-01,C00056,P026,V020,R03,3,49.9,0.05
S0012037,PED005979,2025-05-01,C00056,P052,V020,R03,2,89.9,0.1
S0012038,PED005980,2023-05-16,C00457,P036,V001,R01,1,49.9,0.0
S0012039,PED005980,2023-05-16,C00457,P051,V001,R01,1,899.9,0.15
S0012040,PED005981,2025-10-06,C00529,P052,V005,R04,3,89.9,0.0
S0012041,PED005981,2025-10-06,C00529,P006,V005,R04,2,499.9,0.0
S0012042,PED005982,2025-04-08,C00465,P009,V005,R05,3,499.9,0.0
S0012043,PED005982,2025-04-08,C00465,P053,V005,R05,2,49.9,0.1
S0012044,PED005983,2023-12-31,C00691,P033,V003,R02,2,89.9,0.05
S0012045,PED005983,2023-12-31,C00691,P005,V003,R02,4,499.9,0.0
S0012046,PED005984,2024-07-26,C00619,P057,V015,R01,1,149.9,0.0
S0012047,PED005984,2024-07-26,C00619,P020,V015,R01,2,49.9,0.1
S0012048,PED005984,2024-07-26,C00619,P017,V015,R01,2,499.9,0.05
S0012049,PED005985,2024-12-27,C00604,P045,V014,R02,1,49.9,0.0
S0012050,PED005985,2024-12-27,C00604,P024,V014,R02,2,149.9,0.1
S0012051,PED005985,2024-12-27,C00604,P010,V014,R02,2,249.9,0.05
S0012052,PED005986,2023-01-31,C00671,P015,V005,R01,3,499.9,0.1
S0012053,PED005986,2023-01-31,C00671,P010,V005,R01,4,249.9,0.05
S0012054,PED005987,2024-07-25,C00699,P003,V016,R03,4,49.9,0.0
S0012055,PED005988,2025-03-25,C00595,P012,V018,R01,3,89.9,0.0
S0012056,PED005988,2025-03-25,C00595,P007,V018,R01,2,899.9,0.05
S0012057,PED005988,2025-03-25,C00595,P006,V018,R01,2,499.9,0.0
S0012058,PED005989,2023-08-18,C00680,P005,V005,R01,1,499.9,0.1
S0012059,PED005989,2023-08-18,C00680,P030,V005,R01,4,499.9,0.1
S0012060,PED005989,2023-08-18,C00680,P029,V005,R01,3,249.9,0.1
S0012061,PED005990,2024-05-18,C00586,P035,V001,R02,4,499.9,0.0
S0012062,PED005991,2024-08-31,C00691,P010,V006,R02,2,249.9,0.05
S0012063,PED005991,2024-08-31,C00691,P042,V006,R02,2,499.9,0.1
S0012064,PED005991,2024-08-31,C00691,P019,V006,R02,1,149.9,0.1
S0012065,PED005992,2025-03-29,C00554,P011,V023,R04,2,149.9,0.0
S0012066,PED005992,2025-03-29,C00554,P009,V023,R04,3,499.9,0.05
S0012067,PED005993,2025-12-01,C00677,P009,V023,R03,2,499.9,0.0
S0012068,PED005993,2025-12-01,C00677,P060,V023,R03,4,149.9,0.0
S0012069,PED005994,2025-08-10,C00509,P004,V002,R04,3,499.9,0.05
S0012070,PED005995,2024-11-23,C00531,P036,V009,R01,4,49.9,0.15
S0012071,PED005996,2024-10-24,C00576,P007,V020,R05,4,899.9,0.0
S0012072,PED005996,2024-10-24,C00576,P002,V020,R05,3,499.9,0.0
S0012073,PED005997,2024-11-10,C00690,P020,V001,R04,2,49.9,0.0
S0012074,PED005997,2024-11-10,C00690,P045,V001,R04,1,49.9,0.05
S0012075,PED005997,2024-11-10,C00690,P031,V001,R04,3,149.9,0.0
S0012076,PED005998,2024-09-14,C00677,P030,V017,R03,2,499.9,0.0
S0012077,PED005998,2024-09-14,C00677,P002,V017,R03,1,499.9,0.1
S0012078,PED005999,2023-03-18,C00566,P054,V006,R05,3,249.9,0.05
S0012079,PED005999,2023-03-18,C00566,P045,V006,R05,3,49.9,0.05
S0012080,PED006000,2025-02-10,C00637,P041,V006,R05,1,149.9,0.05
S0012081,PED006001,2025-03-06,C00681,P001,V019,R02,2,49.9,0.0
S0012082,PED006001,2025-03-06,C00681,P005,V019,R02,3,499.9,0.0
S0012083,PED006002,2024-08-07,C00598,P033,V018,R01,1,89.9,0.0
S0012084,PED006002,2024-08-07,C00598,P014,V018,R01,4,499.9,0.0
S0012085,PED006002,2024-08-07,C00598,P024,V018,R01,2,149.9,0.2
S0012086,PED006003,2025-09-05,C00066,P044,V024,R02,1,499.9,0.05
S0012087,PED006003,2025-09-05,C00066,P017,V024,R02,4,499.9,0.05
S0012088,PED006004,2025-01-08,C00484,P046,V022,R03,1,249.9,0.15
S0012089,PED006004,2025-01-08,C00484,P017,V022,R03,2,499.9,0.0
S0012090,PED006005,2024-02-08,C00560,P005,V017,R04,3,499.9,0.1
S0012091,PED006005,2024-02-08,C00560,P006,V017,R04,1,499.9,0.15
S0012092,PED006006,2023-01-26,C00526,P017,V012,R05,2,499.9,0.0
S0012093,PED006007,2023-03-18,C00679,P008,V001,R03,4,149.9,0.15
S0012094,PED006007,2023-03-18,C00679,P004,V001,R03,3,499.9,0.05
S0012095,PED006007,2023-03-18,C00679,P006,V001,R03,2,499.9,0.0
S0012096,PED006008,2024-01-24,C00073,P003,V011,R02,3,49.9,0.15
S0012097,PED006008,2024-01-24,C00073,P013,V011,R02,1,899.9,0.15
S0012098,PED006008,2024-01-24,C00073,P014,V011,R02,3,499.9,0.0
S0012099,PED006009,2024-06-09,C00683,P012,V012,R04,3,89.9,0.0
S0012100,PED006009,2024-06-09,C00683,P019,V012,R04,4,149.9,0.2
S0012101,PED006009,2024-06-09,C00683,P010,V012,R04,4,249.9,0.1
S0012102,PED006010,2023-07-24,C00602,P008,V004,R01,1,149.9,0.15
S0012103,PED006011,2023-08-20,C00492,P033,V003,R03,1,89.9,0.1
S0012104,PED006011,2023-08-20,C00492,P021,V003,R03,3,899.9,0.05
S0012105,PED006012,2023-10-04,C00473,P009,V020,R03,3,499.9,0.05
S0012106,PED006012,2023-10-04,C00473,P006,V020,R03,2,499.9,0.05
S0012107,PED006013,2025-05-23,C00486,P023,V011,R04,2,899.9,0.15
S0012108,PED006013,2025-05-23,C00486,P052,V011,R04,4,89.9,0.0
S0012109,PED006013,2025-05-23,C00486,P002,V011,R04,3,499.9,0.0
S0012110,PED006014,2025-05-12,C00467,P024,V012,R01,3,149.9,0.0
S0012111,PED006014,2025-05-12,C00467,P020,V012,R01,2,49.9,0.15
S0012112,PED006015,2024-03-06,C00458,P034,V009,R05,3,499.9,0.1
S0012113,PED006015,2024-03-06,C00458,P001,V009,R05,2,49.9,0.1
S0012114,PED006016,2023-07-31,C00602,P006,V011,R01,3,499.9,0.1
S0012115,PED006016,2023-07-31,C00602,P013,V011,R01,3,899.9,0.2
S0012116,PED006016,2023-07-31,C00602,P032,V011,R01,1,499.9,0.2
S0012117,PED006017,2023-05-19,C00158,P015,V004,R01,1,499.9,0.05
S0012118,PED006017,2023-05-19,C00158,P055,V004,R01,3,149.9,0.15
S0012119,PED006018,2023-04-21,C00555,P053,V003,R01,4,49.9,0.0
S0012120,PED006019,2024-03-16,C00645,P038,V018,R01,3,499.9,0.1
S0012121,PED006019,2024-03-16,C00645,P027,V018,R01,3,249.9,0.1
S0012122,PED006019,2024-03-16,C00645,P040,V018,R01,3,249.9,0.1
S0012123,PED006020,2023-03-01,C00683,P008,V022,R04,4,149.9,0.15
S0012124,PED006020,2023-03-01,C00683,P012,V022,R04,1,89.9,0.0
S0012125,PED006020,2023-03-01,C00683,P020,V022,R04,2,49.9,0.05
S0012126,PED006021,2024-01-01,C00698,P011,V020,R05,4,149.9,0.0
S0012127,PED006021,2024-01-01,C00698,P057,V020,R05,2,149.9,0.0
S0012128,PED006022,2025-11-28,C00551,P002,V020,R02,1,499.9,0.0
S0012129,PED006022,2025-11-28,C00551,P012,V020,R02,1,89.9,0.0
S0012130,PED006022,2025-11-28,C00551,P025,V020,R02,1,149.9,0.1
S0012131,PED006023,2024-08-01,C00549,P054,V009,R03,3,249.9,0.0
S0012132,PED006023,2024-08-01,C00549,P037,V009,R03,3,149.9,0.0
S0012133,PED006023,2024-08-01,C00549,P041,V009,R03,3,149.9,0.05
S0012134,PED006024,2025-07-11,C00557,P024,V002,R03,3,149.9,0.0
S0012135,PED006024,2025-07-11,C00557,P027,V002,R03,2,249.9,0.05
S0012136,PED006024,2025-07-11,C00557,P010,V002,R03,2,249.9,0.0
S0012137,PED006025,2023-06-10,C00590,P005,V015,R01,3,499.9,0.05
S0012138,PED006025,2023-06-10,C00590,P010,V015,R01,3,249.9,0.0
S0012139,PED006025,2023-06-10,C00590,P028,V015,R01,2,499.9,0.15
S0012140,PED006026,2023-11-09,C00543,P035,V009,R04,1,499.9,0.15
S0012141,PED006026,2023-11-09,C00543,P011,V009,R04,1,149.9,0.05
S0012142,PED006026,2023-11-09,C00543,P044,V009,R04,2,499.9,0.0
S0012143,PED006027,2025-11-17,C00561,P035,V013,R03,3,499.9,0.0
S0012144,PED006027,2025-11-17,C00561,P002,V013,R03,1,499.9,0.05
S0012145,PED006028,2024-03-06,C00691,P005,V022,R02,2,499.9,0.15
S0012146,PED006028,2024-03-06,C00691,P059,V022,R02,1,499.9,0.05
S0012147,PED006028,2024-03-06,C00691,P006,V022,R02,2,499.9,0.05
S0012148,PED006029,2024-12-15,C00554,P059,V008,R04,1,499.9,0.1
S0012149,PED006030,2025-12-11,C00630,P001,V007,R01,4,49.9,0.05
S0012150,PED006030,2025-12-11,C00630,P041,V007,R01,1,149.9,0.1
S0012151,PED006030,2025-12-11,C00630,P002,V007,R01,4,499.9,0.05
S0012152,PED006031,2024-09-20,C00557,P012,V024,R03,3,89.9,0.05
S0012153,PED006031,2024-09-20,C00557,P002,V024,R03,1,499.9,0.1
S0012154,PED006032,2023-12-07,C00568,P026,V009,R02,3,49.9,0.05
S0012155,PED006033,2024-08-30,C00491,P009,V003,R02,1,499.9,0.0
S0012156,PED006033,2024-08-30,C00491,P012,V003,R02,2,89.9,0.05
S0012157,PED006033,2024-08-30,C00491,P008,V003,R02,3,149.9,0.0
S0012158,PED006034,2023-03-12,C00386,P033,V005,R02,1,89.9,0.1
S0012159,PED006034,2023-03-12,C00386,P021,V005,R02,3,899.9,0.0
S0012160,PED006035,2023-05-21,C00231,P002,V019,R05,1,499.9,0.1
S0012161,PED006035,2023-05-21,C00231,P016,V019,R05,3,149.9,0.05
S0012162,PED006036,2023-01-10,C00541,P044,V018,R01,2,499.9,0.0
S0012163,PED006037,2025-09-20,C00521,P027,V010,R02,1,249.9,0.1
S0012164,PED006037,2025-09-20,C00521,P018,V010,R02,3,499.9,0.05
S0012165,PED006037,2025-09-20,C00521,P033,V010,R02,2,89.9,0.1
S0012166,PED006038,2025-01-06,C00529,P025,V019,R04,1,149.9,0.0
S0012167,PED006038,2025-01-06,C00529,P052,V019,R04,3,89.9,0.0
S0012168,PED006039,2023-12-01,C00630,P037,V018,R01,3,149.9,0.05
S0012169,PED006039,2023-12-01,C00630,P054,V018,R01,3,249.9,0.05
S0012170,PED006040,2023-09-25,C00646,P005,V017,R01,3,499.9,0.0
S0012171,PED006041,2025-01-21,C00691,P031,V015,R02,1,149.9,0.15
S0012172,PED006042,2025-10-27,C00510,P045,V007,R02,1,49.9,0.1
S0012173,PED006042,2025-10-27,C00510,P022,V007,R02,4,499.9,0.0
S0012174,PED006043,2023-12-02,C00675,P020,V001,R02,4,49.9,0.05
S0012175,PED006044,2023-12-21,C00293,P001,V001,R02,4,49.9,0.1
S0012176,PED006044,2023-12-21,C00293,P035,V001,R02,1,499.9,0.0
S0012177,PED006044,2023-12-21,C00293,P004,V001,R02,2,499.9,0.0
S0012178,PED006045,2025-08-17,C00568,P011,V007,R02,4,149.9,0.2
S0012179,PED006045,2025-08-17,C00568,P018,V007,R02,1,499.9,0.0
S0012180,PED006046,2025-09-30,C00645,P011,V016,R01,2,149.9,0.05
S0012181,PED006047,2025-10-21,C00590,P007,V016,R01,1,899.9,0.0
S0012182,PED006047,2025-10-21,C00590,P039,V016,R01,1,249.9,0.0
S0012183,PED006048,2023-11-27,C00628,P029,V018,R05,2,249.9,0.0
S0012184,PED006048,2023-11-27,C00628,P007,V018,R05,4,899.9,0.0
S0012185,PED006048,2023-11-27,C00628,P001,V018,R05,3,49.9,0.0
S0012186,PED006049,2023-05-30,C00697,P021,V011,R02,4,899.9,0.0
S0012187,PED006050,2024-05-14,C00523,P050,V016,R05,1,899.9,0.05
S0012188,PED006050,2024-05-14,C00523,P002,V016,R05,2,499.9,0.0
S0012189,PED006050,2024-05-14,C00523,P037,V016,R05,3,149.9,0.0
S0012190,PED006051,2023-11-29,C00649,P002,V005,R03,1,499.9,0.15
S0012191,PED006052,2025-09-20,C00650,P014,V014,R04,3,499.9,0.1
S0012192,PED006052,2025-09-20,C00650,P054,V014,R04,4,249.9,0.0
S0012193,PED006052,2025-09-20,C00650,P057,V014,R04,1,149.9,0.05
S0012194,PED006053,2023-02-17,C00590,P007,V013,R01,4,899.9,0.1
S0012195,PED006053,2023-02-17,C00590,P001,V013,R01,3,49.9,0.0
S0012196,PED006053,2023-02-17,C00590,P059,V013,R01,4,499.9,0.0
S0012197,PED006054,2024-12-03,C00516,P022,V019,R02,2,499.9,0.0
S0012198,PED006054,2024-12-03,C00516,P017,V019,R02,1,499.9,0.0
S0012199,PED006055,2025-10-13,C00466,P017,V018,R05,4,499.9,0.0
S0012200,PED006055,2025-10-13,C00466,P018,V018,R05,2,499.9,0.0
S0012201,PED006055,2025-10-13,C00466,P057,V018,R05,3,149.9,0.05
S0012202,PED006056,2025-12-11,C00613,P010,V005,R02,1,249.9,0.0
S0012203,PED006056,2025-12-11,C00613,P021,V005,R02,4,899.9,0.05
S0012204,PED006057,2024-12-17,C00474,P019,V001,R04,4,149.9,0.1
S0012205,PED006057,2024-12-17,C00474,P004,V001,R04,1,499.9,0.05
S0012206,PED006057,2024-12-17,C00474,P006,V001,R04,2,499.9,0.05
S0012207,PED006058,2025-11-20,C00541,P035,V004,R01,1,499.9,0.0
S0012208,PED006059,2023-04-07,C00562,P035,V006,R01,2,499.9,0.0
S0012209,PED006059,2023-04-07,C00562,P030,V006,R01,3,499.9,0.1
S0012210,PED006059,2023-04-07,C00562,P043,V006,R01,3,49.9,0.0
S0012211,PED006060,2024-02-03,C00528,P027,V022,R03,3,249.9,0.0
S0012212,PED006061,2023-01-12,C00513,P026,V002,R05,1,49.9,0.1
S0012213,PED006062,2025-12-15,C00536,P028,V017,R05,2,499.9,0.0
S0012214,PED006062,2025-12-15,C00536,P001,V017,R05,1,49.9,0.0
S0012215,PED006062,2025-12-15,C00536,P020,V017,R05,3,49.9,0.0
S0012216,PED006063,2025-10-10,C00673,P047,V009,R01,1,149.9,0.1
S0012217,PED006063,2025-10-10,C00673,P033,V009,R01,2,89.9,0.05
S0012218,PED006063,2025-10-10,C00673,P006,V009,R01,3,499.9,0.05
S0012219,PED006064,2023-02-06,C00561,P023,V008,R03,2,899.9,0.15
S0012220,PED006065,2023-01-24,C00523,P013,V022,R05,4,899.9,0.0
S0012221,PED006066,2024-02-14,C00526,P008,V012,R05,1,149.9,0.15
S0012222,PED006067,2023-11-01,C00652,P010,V004,R04,2,249.9,0.15
S0012223,PED006067,2023-11-01,C00652,P004,V004,R04,2,499.9,0.0
S0012224,PED006068,2025-08-09,C00611,P014,V014,R01,2,499.9,0.1
S0012225,PED006068,2025-08-09,C00611,P007,V014,R01,1,899.9,0.0
S0012226,PED006069,2023-07-16,C00688,P018,V012,R03,4,499.9,0.1
S0012227,PED006069,2023-07-16,C00688,P001,V012,R03,1,49.9,0.05
S0012228,PED006069,2023-07-16,C00688,P013,V012,R03,2,899.9,0.2
S0012229,PED006070,2025-06-03,C00690,P025,V008,R04,2,149.9,0.05
S0012230,PED006070,2025-06-03,C00690,P057,V008,R04,1,149.9,0.05
S0012231,PED006070,2025-06-03,C00690,P007,V008,R04,1,899.9,0.05
S0012232,PED006071,2024-09-24,C00168,P022,V009,R05,3,499.9,0.1
S0012233,PED006071,2024-09-24,C00168,P020,V009,R05,3,49.9,0.0
S0012234,PED006071,2024-09-24,C00168,P049,V009,R05,2,899.9,0.2
S0012235,PED006072,2024-02-28,C00512,P058,V023,R05,1,49.9,0.0
S0012236,PED006072,2024-02-28,C00512,P034,V023,R05,1,499.9,0.1
S0012237,PED006072,2024-02-28,C00512,P032,V023,R05,1,499.9,0.05
S0012238,PED006073,2023-06-29,C00535,P027,V012,R05,2,249.9,0.0
S0012239,PED006073,2023-06-29,C00535,P016,V012,R05,4,149.9,0.1
S0012240,PED006074,2025-12-29,C00624,P038,V001,R05,4,499.9,0.0
S0012241,PED006074,2025-12-29,C00624,P058,V001,R05,3,49.9,0.0
S0012242,PED006075,2024-11-21,C00678,P009,V005,R04,1,499.9,0.0
S0012243,PED006075,2024-11-21,C00678,P035,V005,R04,3,499.9,0.0
S0012244,PED006075,2024-11-21,C00678,P053,V005,R04,3,49.9,0.0
S0012245,PED006076,2024-05-13,C00570,P005,V017,R03,3,499.9,0.05
S0012246,PED006077,2024-02-19,C00506,P013,V002,R04,1,899.9,0.1
S0012247,PED006077,2024-02-19,C00506,P003,V002,R04,3,49.9,0.15
S0012248,PED006078,2025-10-13,C00667,P021,V006,R04,1,899.9,0.1
S0012249,PED006079,2025-07-09,C00539,P004,V012,R04,4,499.9,0.1
S0012250,PED006080,2025-06-27,C00604,P009,V014,R02,1,499.9,0.0
S0012251,PED006080,2025-06-27,C00604,P017,V014,R02,3,499.9,0.0
S0012252,PED006080,2025-06-27,C00604,P014,V014,R02,3,499.9,0.1
S0012253,PED006081,2024-11-19,C00520,P032,V010,R02,1,499.9,0.05
S0012254,PED006081,2024-11-19,C00520,P016,V010,R02,2,149.9,0.0
S0012255,PED006081,2024-11-19,C00520,P006,V010,R02,2,499.9,0.05
S0012256,PED006082,2025-09-24,C00500,P022,V011,R01,3,499.9,0.05
S0012257,PED006082,2025-09-24,C00500,P024,V011,R01,3,149.9,0.0
S0012258,PED006083,2023-12-02,C00571,P002,V014,R02,2,499.9,0.0
S0012259,PED006083,2023-12-02,C00571,P011,V014,R02,2,149.9,0.05
S0012260,PED006083,2023-12-02,C00571,P040,V014,R02,1,249.9,0.15
S0012261,PED006084,2025-02-17,C00514,P012,V022,R04,4,89.9,0.05
S0012262,PED006084,2025-02-17,C00514,P042,V022,R04,3,499.9,0.0
S0012263,PED006085,2024-04-01,C00695,P055,V019,R03,3,149.9,0.15
S0012264,PED006085,2024-04-01,C00695,P040,V019,R03,2,249.9,0.15
S0012265,PED006085,2024-04-01,C00695,P021,V019,R03,2,899.9,0.0
S0012266,PED006086,2024-11-07,C00607,P001,V007,R05,4,49.9,0.1
S0012267,PED006086,2024-11-07,C00607,P046,V007,R05,1,249.9,0.0
S0012268,PED006086,2024-11-07,C00607,P002,V007,R05,3,499.9,0.1
S0012269,PED006087,2025-12-30,C00577,P058,V002,R04,4,49.9,0.1
S0012270,PED006088,2025-12-18,C00687,P058,V022,R03,3,49.9,0.1
S0012271,PED006089,2024-08-07,C00683,P022,V015,R04,4,499.9,0.0
S0012272,PED006089,2024-08-07,C00683,P045,V015,R04,2,49.9,0.05
S0012273,PED006089,2024-08-07,C00683,P032,V015,R04,2,499.9,0.0
S0012274,PED006090,2024-10-14,C00590,P010,V011,R01,1,249.9,0.0
S0012275,PED006090,2024-10-14,C00590,P049,V011,R01,1,899.9,0.05
S0012276,PED006091,2025-10-04,C00512,P036,V022,R05,4,49.9,0.1
S0012277,PED006091,2025-10-04,C00512,P018,V022,R05,4,499.9,0.0
S0012278,PED006091,2025-10-04,C00512,P002,V022,R05,4,499.9,0.05
S0012279,PED006092,2025-12-19,C00625,P013,V001,R05,4,899.9,0.0
S0012280,PED006092,2025-12-19,C00625,P046,V001,R05,4,249.9,0.0
S0012281,PED006092,2025-12-19,C00625,P018,V001,R05,4,499.9,0.15
S0012282,PED006093,2025-05-20,C00615,P053,V004,R05,2,49.9,0.2
S0012283,PED006094,2023-03-25,C00590,P025,V002,R01,4,149.9,0.0
S0012284,PED006095,2023-12-22,C00656,P008,V020,R01,4,149.9,0.05
S0012285,PED006096,2025-10-04,C00638,P016,V016,R04,1,149.9,0.0
S0012286,PED006096,2025-10-04,C00638,P058,V016,R04,4,49.9,0.0
S0012287,PED006096,2025-10-04,C00638,P043,V016,R04,3,49.9,0.1
S0012288,PED006097,2025-05-08,C00660,P021,V008,R01,2,899.9,0.05
S0012289,PED006097,2025-05-08,C00660,P019,V008,R01,2,149.9,0.0
S0012290,PED006097,2025-05-08,C00660,P026,V008,R01,3,49.9,0.0
S0012291,PED006098,2025-04-06,C00479,P033,V004,R01,3,89.9,0.15
S0012292,PED006098,2025-04-06,C00479,P056,V004,R01,1,149.9,0.05
S0012293,PED006099,2025-01-02,C00647,P033,V023,R04,2,89.9,0.0
S0012294,PED006099,2025-01-02,C00647,P025,V023,R04,1,149.9,0.15
S0012295,PED006099,2025-01-02,C00647,P058,V023,R04,1,49.9,0.0
S0012296,PED006100,2024-04-14,C00494,P005,V021,R05,1,499.9,0.05
S0012297,PED006100,2024-04-14,C00494,P014,V021,R05,1,499.9,0.05
S0012298,PED006100,2024-04-14,C00494,P036,V021,R05,4,49.9,0.05
S0012299,PED006101,2024-03-30,C00526,P030,V012,R05,2,499.9,0.2
S0012300,PED006102,2025-06-24,C00549,P020,V023,R03,1,49.9,0.05
S0012301,PED006103,2023-11-28,C00509,P058,V016,R04,2,49.9,0.0
S0012302,PED006104,2025-01-23,C00648,P027,V006,R03,4,249.9,0.15
S0012303,PED006105,2025-03-18,C00618,P054,V002,R01,1,249.9,0.1
S0012304,PED006105,2025-03-18,C00618,P020,V002,R01,4,49.9,0.2
S0012305,PED006105,2025-03-18,C00618,P009,V002,R01,4,499.9,0.2
S0012306,PED006106,2025-08-06,C00524,P005,V003,R01,4,499.9,0.0
S0012307,PED006106,2025-08-06,C00524,P015,V003,R01,1,499.9,0.0
S0012308,PED006107,2023-12-20,C00515,P059,V021,R04,4,499.9,0.0
S0012309,PED006107,2023-12-20,C00515,P007,V021,R04,1,899.9,0.05
S0012310,PED006108,2025-04-06,C00589,P019,V020,R01,3,149.9,0.2
S0012311,PED006109,2023-05-14,C00583,P022,V011,R01,4,499.9,0.1
S0012312,PED006110,2023-06-20,C00571,P029,V008,R02,1,249.9,0.0
S0012313,PED006111,2024-04-16,C00654,P020,V011,R05,3,49.9,0.0
S0012314,PED006111,2024-04-16,C00654,P007,V011,R05,1,899.9,0.0
S0012315,PED006111,2024-04-16,C00654,P041,V011,R05,1,149.9,0.0
S0012316,PED006112,2023-03-13,C00697,P040,V007,R02,4,249.9,0.05
S0012317,PED006113,2025-11-18,C00595,P043,V004,R01,4,49.9,0.05
S0012318,PED006113,2025-11-18,C00595,P001,V004,R01,4,49.9,0.15
S0012319,PED006114,2025-10-09,C00505,P029,V008,R05,3,249.9,0.0
S0012320,PED006114,2025-10-09,C00505,P036,V008,R05,2,49.9,0.1
S0012321,PED006114,2025-10-09,C00505,P054,V008,R05,2,249.9,0.15
S0012322,PED006115,2023-03-05,C00691,P048,V001,R02,2,149.9,0.0
S0012323,PED006115,2023-03-05,C00691,P006,V001,R02,3,499.9,0.0
S0012324,PED006115,2023-03-05,C00691,P058,V001,R02,4,49.9,0.0
S0012325,PED006116,2025-07-29,C00481,P048,V001,R03,1,149.9,0.2
S0012326,PED006117,2024-08-03,C00478,P026,V005,R03,2,49.9,0.0
S0012327,PED006118,2025-02-15,C00583,P039,V009,R01,4,249.9,0.0
S0012328,PED006118,2025-02-15,C00583,P003,V009,R01,4,49.9,0.0
S0012329,PED006118,2025-02-15,C00583,P016,V009,R01,2,149.9,0.1
S0012330,PED006119,2025-09-23,C00539,P010,V023,R04,2,249.9,0.0
S0012331,PED006120,2024-10-17,C00625,P049,V022,R05,1,899.9,0.05
S0012332,PED006120,2024-10-17,C00625,P017,V022,R05,1,499.9,0.05
S0012333,PED006121,2023-05-26,C00601,P001,V013,R05,2,49.9,0.05
S0012334,PED006121,2023-05-26,C00601,P002,V013,R05,4,499.9,0.15
S0012335,PED006121,2023-05-26,C00601,P039,V013,R05,2,249.9,0.15
S0012336,PED006122,2023-01-04,C00671,P029,V018,R01,3,249.9,0.05
S0012337,PED006123,2024-07-19,C00491,P024,V004,R02,3,149.9,0.0
S0012338,PED006123,2024-07-19,C00491,P025,V004,R02,4,149.9,0.0
S0012339,PED006123,2024-07-19,C00491,P033,V004,R02,3,89.9,0.15
S0012340,PED006124,2025-11-19,C00563,P017,V024,R01,3,499.9,0.0
S0012341,PED006125,2024-10-13,C00554,P042,V021,R04,2,499.9,0.0
S0012342,PED006126,2024-02-22,C00614,P027,V020,R04,2,249.9,0.2
S0012343,PED006126,2024-02-22,C00614,P005,V020,R04,1,499.9,0.05
S0012344,PED006127,2023-02-10,C00644,P033,V003,R02,4,89.9,0.05
S0012345,PED006127,2023-02-10,C00644,P019,V003,R02,2,149.9,0.05
S0012346,PED006128,2025-10-22,C00645,P047,V018,R01,2,149.9,0.1
S0012347,PED006128,2025-10-22,C00645,P005,V018,R01,4,499.9,0.0
S0012348,PED006128,2025-10-22,C00645,P024,V018,R01,4,149.9,0.1
S0012349,PED006129,2023-12-26,C00467,P051,V017,R01,4,899.9,0.0
S0012350,PED006130,2025-02-19,C00484,P021,V019,R03,4,899.9,0.0
S0012351,PED006130,2025-02-19,C00484,P033,V019,R03,1,89.9,0.0
S0012352,PED006131,2025-02-05,C00684,P027,V001,R01,3,249.9,0.0
S0012353,PED006132,2023-10-28,C00552,P012,V001,R05,3,89.9,0.0
S0012354,PED006132,2023-10-28,C00552,P039,V001,R05,4,249.9,0.05
S0012355,PED006132,2023-10-28,C00552,P020,V001,R05,3,49.9,0.1
S0012356,PED006133,2023-03-23,C00596,P050,V015,R04,2,899.9,0.2
S0012357,PED006133,2023-03-23,C00596,P005,V015,R04,2,499.9,0.05
S0012358,PED006133,2023-03-23,C00596,P025,V015,R04,4,149.9,0.15
S0012359,PED006134,2024-03-08,C00673,P015,V003,R01,3,499.9,0.0
S0012360,PED006134,2024-03-08,C00673,P014,V003,R01,3,499.9,0.0
S0012361,PED006134,2024-03-08,C00673,P005,V003,R01,1,499.9,0.0
S0012362,PED006135,2023-12-18,C00570,P029,V008,R03,1,249.9,0.15
S0012363,PED006136,2025-02-13,C00512,P012,V004,R05,1,89.9,0.0
S0012364,PED006137,2025-07-07,C00547,P035,V024,R05,2,499.9,0.2
S0012365,PED006138,2023-09-26,C00543,P039,V013,R04,4,249.9,0.0
S0012366,PED006139,2024-08-26,C00532,P018,V009,R04,2,499.9,0.0
S0012367,PED006139,2024-08-26,C00532,P058,V009,R04,1,49.9,0.05
S0012368,PED006140,2023-02-23,C00366,P018,V012,R05,3,499.9,0.0
S0012369,PED006140,2023-02-23,C00366,P016,V012,R05,3,149.9,0.05
S0012370,PED006141,2023-09-17,C00602,P022,V021,R01,2,499.9,0.1
S0012371,PED006141,2023-09-17,C00602,P050,V021,R01,3,899.9,0.0
S0012372,PED006141,2023-09-17,C00602,P052,V021,R01,4,89.9,0.1
S0012373,PED006142,2025-04-30,C00652,P035,V001,R04,3,499.9,0.0
S0012374,PED006143,2025-06-07,C00656,P052,V007,R01,4,89.9,0.1
S0012375,PED006144,2025-05-18,C00562,P043,V017,R01,4,49.9,0.05
S0012376,PED006144,2025-05-18,C00562,P007,V017,R01,2,899.9,0.1
S0012377,PED006144,2025-05-18,C00562,P053,V017,R01,1,49.9,0.05
S0012378,PED006145,2023-06-25,C00647,P018,V011,R04,1,499.9,0.05
S0012379,PED006145,2023-06-25,C00647,P002,V011,R04,3,499.9,0.0
S0012380,PED006145,2023-06-25,C00647,P031,V011,R04,4,149.9,0.0
S0012381,PED006146,2024-09-20,C00660,P041,V009,R01,4,149.9,0.1
S0012382,PED006146,2024-09-20,C00660,P010,V009,R01,4,249.9,0.0
S0012383,PED006147,2024-04-23,C00499,P047,V005,R04,1,149.9,0.1
S0012384,PED006147,2024-04-23,C00499,P003,V005,R04,3,49.9,0.0
S0012385,PED006147,2024-04-23,C00499,P029,V005,R04,2,249.9,0.0
S0012386,PED006148,2025-12-24,C00689,P057,V018,R03,4,149.9,0.0
S0012387,PED006149,2024-12-20,C00604,P052,V015,R02,3,89.9,0.05
S0012388,PED006149,2024-12-20,C00604,P027,V015,R02,1,249.9,0.15
S0012389,PED006150,2025-11-09,C00653,P003,V014,R01,2,49.9,0.0
S0012390,PED006150,2025-11-09,C00653,P053,V014,R01,3,49.9,0.05
S0012391,PED006151,2023-06-28,C00654,P025,V005,R05,3,149.9,0.05
S0012392,PED006151,2023-06-28,C00654,P057,V005,R05,2,149.9,0.0
S0012393,PED006151,2023-06-28,C00654,P003,V005,R05,1,49.9,0.1
S0012394,PED006152,2024-05-27,C00628,P027,V017,R05,4,249.9,0.0
S0012395,PED006153,2025-05-12,C00595,P030,V007,R01,3,499.9,0.0
S0012396,PED006154,2024-02-15,C00487,P041,V021,R05,4,149.9,0.0
S0012397,PED006154,2024-02-15,C00487,P011,V021,R05,2,149.9,0.0
S0012398,PED006155,2024-12-02,C00513,P032,V008,R05,2,499.9,0.0
S0012399,PED006155,2024-12-02,C00513,P002,V008,R05,1,499.9,0.05
S0012400,PED006155,2024-12-02,C00513,P006,V008,R05,3,499.9,0.0
S0012401,PED006156,2024-08-06,C00476,P001,V007,R01,3,49.9,0.15
S0012402,PED006156,2024-08-06,C00476,P021,V007,R01,4,899.9,0.0
S0012403,PED006156,2024-08-06,C00476,P014,V007,R01,1,499.9,0.1
S0012404,PED006157,2025-12-24,C00613,P016,V015,R02,4,149.9,0.05
S0012405,PED006158,2023-08-01,C00489,P048,V022,R03,1,149.9,0.0
S0012406,PED006158,2023-08-01,C00489,P054,V022,R03,2,249.9,0.1
S0012407,PED006158,2023-08-01,C00489,P005,V022,R03,2,499.9,0.0
S0012408,PED006159,2025-11-09,C00546,P013,V007,R04,3,899.9,0.2
S0012409,PED006160,2024-03-28,C00516,P002,V006,R02,1,499.9,0.0
S0012410,PED006160,2024-03-28,C00516,P035,V006,R02,2,499.9,0.05
S0012411,PED006160,2024-03-28,C00516,P021,V006,R02,1,899.9,0.05
S0012412,PED006161,2024-06-15,C00639,P051,V022,R05,2,899.9,0.0
S0012413,PED006162,2024-08-26,C00640,P031,V022,R05,4,149.9,0.1
S0012414,PED006162,2024-08-26,C00640,P023,V022,R05,4,899.9,0.05
S0012415,PED006162,2024-08-26,C00640,P012,V022,R05,4,89.9,0.0
S0012416,PED006163,2023-11-07,C00651,P009,V013,R03,4,499.9,0.0
S0012417,PED006164,2025-11-30,C00461,P017,V018,R03,4,499.9,0.0
S0012418,PED006164,2025-11-30,C00461,P020,V018,R03,4,49.9,0.05
S0012419,PED006165,2025-10-19,C00655,P019,V006,R03,4,149.9,0.05
S0012420,PED006165,2025-10-19,C00655,P022,V006,R03,3,499.9,0.05
S0012421,PED006166,2025-12-08,C00692,P031,V009,R04,2,149.9,0.2
S0012422,PED006166,2025-12-08,C00692,P030,V009,R04,2,499.9,0.05
S0012423,PED006166,2025-12-08,C00692,P035,V009,R04,4,499.9,0.05
S0012424,PED006167,2025-12-29,C00599,P024,V007,R04,3,149.9,0.05
S0012425,PED006167,2025-12-29,C00599,P027,V007,R04,4,249.9,0.1
S0012426,PED006167,2025-12-29,C00599,P013,V007,R04,3,899.9,0.05
S0012427,PED006168,2025-01-04,C00631,P018,V007,R04,4,499.9,0.0
S0012428,PED006169,2024-05-28,C00584,P016,V005,R05,2,149.9,0.0
S0012429,PED006169,2024-05-28,C00584,P012,V005,R05,4,89.9,0.05
S0012430,PED006169,2024-05-28,C00584,P007,V005,R05,1,899.9,0.0
S0012431,PED006170,2025-08-13,C00652,P005,V006,R04,4,499.9,0.1
S0012432,PED006170,2025-08-13,C00652,P004,V006,R04,2,499.9,0.0
S0012433,PED006171,2023-01-31,C00476,P048,V012,R01,1,149.9,0.0
S0012434,PED006172,2025-07-25,C00501,P057,V004,R03,2,149.9,0.0
S0012435,PED006172,2025-07-25,C00501,P030,V004,R03,2,499.9,0.1
S0012436,PED006172,2025-07-25,C00501,P005,V004,R03,4,499.9,0.0
S0012437,PED006173,2024-07-20,C00694,P005,V006,R03,1,499.9,0.0
S0012438,PED006174,2025-01-09,C00563,P035,V009,R01,1,499.9,0.0
S0012439,PED006174,2025-01-09,C00563,P018,V009,R01,4,499.9,0.0
S0012440,PED006175,2024-02-23,C00533,P018,V001,R01,4,499.9,0.05
S0012441,PED006175,2024-02-23,C00533,P021,V001,R01,2,899.9,0.15
S0012442,PED006175,2024-02-23,C00533,P022,V001,R01,4,499.9,0.05
S0012443,PED006176,2024-02-16,C00669,P017,V019,R03,3,499.9,0.05
S0012444,PED006176,2024-02-16,C00669,P006,V019,R03,2,499.9,0.15
S0012445,PED006177,2023-02-11,C00562,P017,V019,R01,4,499.9,0.0
S0012446,PED006177,2023-02-11,C00562,P012,V019,R01,1,89.9,0.0
S0012447,PED006177,2023-02-11,C00562,P020,V019,R01,4,49.9,0.05
S0012448,PED006178,2024-04-24,C00637,P028,V008,R05,4,499.9,0.1
S0012449,PED006178,2024-04-24,C00637,P003,V008,R05,2,49.9,0.05
S0012450,PED006179,2024-04-05,C00480,P023,V002,R03,4,899.9,0.05
S0012451,PED006179,2024-04-05,C00480,P024,V002,R03,1,149.9,0.15
S0012452,PED006180,2023-09-29,C00631,P014,V001,R04,2,499.9,0.1
S0012453,PED006180,2023-09-29,C00631,P025,V001,R04,4,149.9,0.05
S0012454,PED006181,2023-10-21,C00521,P015,V023,R02,2,499.9,0.0
S0012455,PED006181,2023-10-21,C00521,P040,V023,R02,4,249.9,0.0
S0012456,PED006182,2024-10-24,C00612,P032,V024,R05,2,499.9,0.0
S0012457,PED006182,2024-10-24,C00612,P002,V024,R05,1,499.9,0.0
S0012458,PED006182,2024-10-24,C00612,P038,V024,R05,3,499.9,0.0
S0012459,PED006183,2023-12-18,C00554,P039,V019,R04,3,249.9,0.0
S0012460,PED006183,2023-12-18,C00554,P007,V019,R04,4,899.9,0.05
S0012461,PED006184,2025-07-20,C00598,P009,V014,R01,4,499.9,0.0
S0012462,PED006184,2025-07-20,C00598,P025,V014,R01,1,149.9,0.0
S0012463,PED006184,2025-07-20,C00598,P036,V014,R01,3,49.9,0.15
S0012464,PED006185,2023-05-20,C00667,P043,V002,R04,4,49.9,0.0
S0012465,PED006185,2023-05-20,C00667,P025,V002,R04,3,149.9,0.15
S0012466,PED006185,2023-05-20,C00667,P056,V002,R04,4,149.9,0.05
S0012467,PED006186,2024-10-18,C00655,P039,V008,R03,2,249.9,0.0
S0012468,PED006186,2024-10-18,C00655,P004,V008,R03,4,499.9,0.0
S0012469,PED006186,2024-10-18,C00655,P044,V008,R03,3,499.9,0.2
S0012470,PED006187,2023-07-16,C00610,P016,V017,R01,3,149.9,0.15
S0012471,PED006188,2024-08-26,C00554,P023,V021,R04,1,899.9,0.05
S0012472,PED006188,2024-08-26,C00554,P042,V021,R04,1,499.9,0.0
S0012473,PED006188,2024-08-26,C00554,P002,V021,R04,1,499.9,0.0
S0012474,PED006189,2024-09-22,C00647,P022,V009,R04,1,499.9,0.05
S0012475,PED006190,2024-12-10,C00535,P042,V011,R05,1,499.9,0.1
S0012476,PED006190,2024-12-10,C00535,P014,V011,R05,4,499.9,0.0
S0012477,PED006190,2024-12-10,C00535,P035,V011,R05,2,499.9,0.1
S0012478,PED006191,2024-04-29,C00527,P032,V005,R03,2,499.9,0.0
S0012479,PED006191,2024-04-29,C00527,P004,V005,R03,1,499.9,0.0
S0012480,PED006191,2024-04-29,C00527,P012,V005,R03,2,89.9,0.0
S0012481,PED006192,2024-08-03,C00576,P037,V002,R05,1,149.9,0.1
S0012482,PED006192,2024-08-03,C00576,P031,V002,R05,4,149.9,0.1
S0012483,PED006192,2024-08-03,C00576,P030,V002,R05,2,499.9,0.05
S0012484,PED006193,2023-08-10,C00699,P016,V017,R03,2,149.9,0.0
S0012485,PED006193,2023-08-10,C00699,P002,V017,R03,2,499.9,0.0
S0012486,PED006194,2024-06-10,C00658,P007,V015,R04,4,899.9,0.05
S0012487,PED006194,2024-06-10,C00658,P022,V015,R04,3,499.9,0.15
S0012488,PED006194,2024-06-10,C00658,P014,V015,R04,1,499.9,0.0
S0012489,PED006195,2024-02-22,C00464,P039,V019,R04,1,249.9,0.15
S0012490,PED006195,2024-02-22,C00464,P012,V019,R04,3,89.9,0.15
S0012491,PED006195,2024-02-22,C00464,P040,V019,R04,4,249.9,0.05
S0012492,PED006196,2024-12-31,C00515,P048,V009,R04,4,149.9,0.05
S0012493,PED006197,2024-05-08,C00617,P016,V008,R01,1,149.9,0.0
S0012494,PED006197,2024-05-08,C00617,P021,V008,R01,2,899.9,0.0
S0012495,PED006197,2024-05-08,C00617,P043,V008,R01,2,49.9,0.0
S0012496,PED006198,2025-05-21,C00456,P056,V018,R05,1,149.9,0.0
S0012497,PED006198,2025-05-21,C00456,P003,V018,R05,1,49.9,0.1
S0012498,PED006198,2025-05-21,C00456,P041,V018,R05,3,149.9,0.0
S0012499,PED006199,2024-04-27,C00617,P007,V012,R01,4,899.9,0.0
S0012500,PED006199,2024-04-27,C00617,P024,V012,R01,4,149.9,0.2
S0012501,PED006199,2024-04-27,C00617,P039,V012,R01,3,249.9,0.1
S0012502,PED006200,2023-10-10,C00498,P017,V001,R01,1,499.9,0.0
S0012503,PED006200,2023-10-10,C00498,P018,V001,R01,1,499.9,0.15
S0012504,PED006201,2023-11-13,C00527,P006,V018,R03,3,499.9,0.0
S0012505,PED006201,2023-11-13,C00527,P020,V018,R03,3,49.9,0.0
S0012506,PED006202,2023-03-01,C00621,P048,V023,R05,4,149.9,0.1
S0012507,PED006202,2023-03-01,C00621,P040,V023,R05,3,249.9,0.05
S0012508,PED006203,2024-09-08,C00672,P004,V005,R04,2,499.9,0.05
S0012509,PED006203,2024-09-08,C00672,P028,V005,R04,4,499.9,0.2
S0012510,PED006203,2024-09-08,C00672,P009,V005,R04,3,499.9,0.0
S0012511,PED006204,2025-07-20,C00503,P012,V005,R04,3,89.9,0.1
S0012512,PED006204,2025-07-20,C00503,P021,V005,R04,1,899.9,0.0
S0012513,PED006205,2025-05-09,C00408,P020,V021,R04,2,49.9,0.0
S0012514,PED006205,2025-05-09,C00408,P056,V021,R04,2,149.9,0.0
S0012515,PED006205,2025-05-09,C00408,P037,V021,R04,2,149.9,0.05
S0012516,PED006206,2024-05-11,C00456,P012,V014,R05,4,89.9,0.2
S0012517,PED006206,2024-05-11,C00456,P003,V014,R05,2,49.9,0.0
S0012518,PED006206,2024-05-11,C00456,P009,V014,R05,4,499.9,0.05
S0012519,PED006207,2023-08-28,C00611,P055,V019,R01,2,149.9,0.05
S0012520,PED006207,2023-08-28,C00611,P044,V019,R01,2,499.9,0.0
S0012521,PED006207,2023-08-28,C00611,P037,V019,R01,1,149.9,0.15
S0012522,PED006208,2025-08-28,C00638,P045,V005,R04,1,49.9,0.0
S0012523,PED006209,2023-03-15,C00556,P002,V016,R01,3,499.9,0.0
S0012524,PED006210,2024-03-25,C00671,P007,V006,R01,1,899.9,0.0
S0012525,PED006210,2024-03-25,C00671,P045,V006,R01,2,49.9,0.05
S0012526,PED006210,2024-03-25,C00671,P052,V006,R01,3,89.9,0.0
S0012527,PED006211,2025-08-20,C00474,P057,V023,R04,1,149.9,0.05
S0012528,PED006211,2025-08-20,C00474,P014,V023,R04,2,499.9,0.05
S0012529,PED006212,2024-03-18,C00629,P004,V017,R02,1,499.9,0.0
S0012530,PED006212,2024-03-18,C00629,P026,V017,R02,2,49.9,0.05
S0012531,PED006212,2024-03-18,C00629,P013,V017,R02,2,899.9,0.0
S0012532,PED006213,2023-05-28,C00656,P012,V016,R01,3,89.9,0.0
S0012533,PED006213,2023-05-28,C00656,P027,V016,R01,4,249.9,0.05
S0012534,PED006214,2023-11-07,C00601,P058,V020,R05,3,49.9,0.0
S0012535,PED006215,2024-11-07,C00456,P022,V007,R05,3,499.9,0.0
S0012536,PED006215,2024-11-07,C00456,P011,V007,R05,2,149.9,0.1
S0012537,PED006216,2023-07-06,C00599,P048,V013,R04,4,149.9,0.2
S0012538,PED006216,2023-07-06,C00599,P024,V013,R04,1,149.9,0.15
S0012539,PED006216,2023-07-06,C00599,P043,V013,R04,4,49.9,0.15
S0012540,PED006217,2024-12-21,C00516,P004,V019,R02,4,499.9,0.05
S0012541,PED006217,2024-12-21,C00516,P050,V019,R02,4,899.9,0.0
S0012542,PED006217,2024-12-21,C00516,P007,V019,R02,3,899.9,0.0
S0012543,PED006218,2024-05-12,C00555,P036,V016,R01,1,49.9,0.05
S0012544,PED006219,2024-01-02,C00643,P017,V004,R03,2,499.9,0.0
S0012545,PED006219,2024-01-02,C00643,P032,V004,R03,3,499.9,0.1
S0012546,PED006220,2023-10-15,C00573,P001,V024,R01,4,49.9,0.1
S0012547,PED006221,2025-07-11,C00690,P010,V001,R04,1,249.9,0.05
S0012548,PED006222,2024-03-22,C00672,P016,V019,R04,4,149.9,0.05
S0012549,PED006223,2025-04-02,C00595,P012,V004,R01,4,89.9,0.2
S0012550,PED006223,2025-04-02,C00595,P009,V004,R01,4,499.9,0.0
S0012551,PED006224,2024-05-14,C00664,P003,V024,R04,4,49.9,0.05
S0012552,PED006225,2023-04-27,C00591,P047,V006,R04,4,149.9,0.05
S0012553,PED006226,2024-05-14,C00471,P011,V001,R01,2,149.9,0.1
S0012554,PED006226,2024-05-14,C00471,P048,V001,R01,1,149.9,0.15
S0012555,PED006226,2024-05-14,C00471,P002,V001,R01,2,499.9,0.0
S0012556,PED006227,2024-08-01,C00544,P008,V019,R05,4,149.9,0.0
S0012557,PED006228,2024-06-04,C00475,P003,V008,R01,1,49.9,0.0
S0012558,PED006228,2024-06-04,C00475,P044,V008,R01,1,499.9,0.05
S0012559,PED006229,2025-07-03,C00607,P016,V018,R05,3,149.9,0.0
S0012560,PED006230,2025-10-18,C00578,P016,V010,R04,3,149.9,0.05
S0012561,PED006231,2025-05-30,C00573,P042,V018,R01,1,499.9,0.1
S0012562,PED006231,2025-05-30,C00573,P027,V018,R01,2,249.9,0.1
S0012563,PED006231,2025-05-30,C00573,P014,V018,R01,3,499.9,0.0
S0012564,PED006232,2024-10-23,C00536,P016,V012,R05,2,149.9,0.0
S0012565,PED006232,2024-10-23,C00536,P006,V012,R05,2,499.9,0.0
S0012566,PED006232,2024-10-23,C00536,P051,V012,R05,3,899.9,0.1
S0012567,PED006233,2024-09-10,C00641,P006,V010,R03,1,499.9,0.05
S0012568,PED006233,2024-09-10,C00641,P017,V010,R03,4,499.9,0.1
S0012569,PED006234,2024-12-12,C00571,P040,V008,R02,1,249.9,0.0
S0012570,PED006234,2024-12-12,C00571,P010,V008,R02,4,249.9,0.1
S0012571,PED006235,2023-11-23,C00658,P025,V005,R04,3,149.9,0.05
S0012572,PED006236,2025-06-28,C00498,P009,V024,R01,3,499.9,0.0
S0012573,PED006236,2025-06-28,C00498,P018,V024,R01,1,499.9,0.05
S0012574,PED006236,2025-06-28,C00498,P004,V024,R01,2,499.9,0.15
S0012575,PED006237,2025-08-20,C00122,P047,V006,R01,4,149.9,0.1
S0012576,PED006237,2025-08-20,C00122,P030,V006,R01,1,499.9,0.0
S0012577,PED006238,2023-11-08,C00530,P017,V024,R02,4,499.9,0.0
S0012578,PED006238,2023-11-08,C00530,P004,V024,R02,2,499.9,0.0
S0012579,PED006238,2023-11-08,C00530,P036,V024,R02,2,49.9,0.0
S0012580,PED006239,2025-10-10,C00604,P007,V003,R02,3,899.9,0.1
S0012581,PED006239,2025-10-10,C00604,P029,V003,R02,1,249.9,0.1
S0012582,PED006240,2025-08-11,C00616,P027,V016,R01,1,249.9,0.0
S0012583,PED006240,2025-08-11,C00616,P003,V016,R01,1,49.9,0.0
S0012584,PED006240,2025-08-11,C00616,P054,V016,R01,1,249.9,0.2
S0012585,PED006241,2024-04-25,C00456,P004,V001,R05,1,499.9,0.0
S0012586,PED006241,2024-04-25,C00456,P048,V001,R05,3,149.9,0.2
S0012587,PED006242,2025-10-16,C00504,P007,V016,R03,3,899.9,0.05
S0012588,PED006242,2025-10-16,C00504,P057,V016,R03,2,149.9,0.1
S0012589,PED006242,2025-10-16,C00504,P019,V016,R03,4,149.9,0.2
S0012590,PED006243,2023-05-31,C00456,P006,V008,R05,3,499.9,0.0
S0012591,PED006243,2023-05-31,C00456,P051,V008,R05,3,899.9,0.0
S0012592,PED006243,2023-05-31,C00456,P005,V008,R05,4,499.9,0.1
S0012593,PED006244,2023-02-06,C00597,P051,V024,R04,2,899.9,0.05
S0012594,PED006244,2023-02-06,C00597,P024,V024,R04,2,149.9,0.0
S0012595,PED006245,2024-01-19,C00540,P023,V009,R03,4,899.9,0.0
S0012596,PED006245,2024-01-19,C00540,P002,V009,R03,2,499.9,0.1
S0012597,PED006245,2024-01-19,C00540,P033,V009,R03,1,89.9,0.0
S0012598,PED006246,2024-10-06,C00544,P013,V013,R05,4,899.9,0.05
S0012599,PED006247,2024-01-24,C00525,P057,V012,R01,3,149.9,0.15
S0012600,PED006248,2025-11-14,C00522,P007,V004,R01,3,899.9,0.0
S0012601,PED006249,2023-10-29,C00493,P026,V007,R01,2,49.9,0.15
S0012602,PED006249,2023-10-29,C00493,P030,V007,R01,3,499.9,0.1
S0012603,PED006249,2023-10-29,C00493,P017,V007,R01,4,499.9,0.0
S0012604,PED006250,2023-11-18,C00602,P011,V005,R01,1,149.9,0.0
S0012605,PED006250,2023-11-18,C00602,P055,V005,R01,3,149.9,0.05
S0012606,PED006250,2023-11-18,C00602,P018,V005,R01,2,499.9,0.15
S0012607,PED006251,2024-12-04,C00544,P020,V003,R05,4,49.9,0.0
S0012608,PED006252,2023-01-05,C00508,P006,V011,R04,3,499.9,0.0
S0012609,PED006253,2025-03-19,C00624,P029,V013,R05,3,249.9,0.05
S0012610,PED006253,2025-03-19,C00624,P015,V013,R05,4,499.9,0.15
S0012611,PED006254,2024-02-28,C00516,P004,V005,R02,2,499.9,0.0
S0012612,PED006254,2024-02-28,C00516,P031,V005,R02,4,149.9,0.0
S0012613,PED006254,2024-02-28,C00516,P007,V005,R02,2,899.9,0.0
S0012614,PED006255,2025-12-12,C00630,P043,V001,R01,1,49.9,0.0
S0012615,PED006255,2025-12-12,C00630,P004,V001,R01,2,499.9,0.0
S0012616,PED006255,2025-12-12,C00630,P018,V001,R01,2,499.9,0.05
S0012617,PED006256,2025-02-01,C00174,P036,V023,R04,2,49.9,0.1
S0012618,PED006257,2023-03-09,C00540,P024,V017,R03,1,149.9,0.0
S0012619,PED006257,2023-03-09,C00540,P059,V017,R03,3,499.9,0.1
S0012620,PED006257,2023-03-09,C00540,P028,V017,R03,2,499.9,0.1
S0012621,PED006258,2023-04-28,C00642,P001,V019,R01,1,49.9,0.0
S0012622,PED006258,2023-04-28,C00642,P017,V019,R01,4,499.9,0.1
S0012623,PED006259,2023-04-22,C00550,P050,V007,R01,3,899.9,0.1
S0012624,PED006259,2023-04-22,C00550,P030,V007,R01,3,499.9,0.0
S0012625,PED006259,2023-04-22,C00550,P019,V007,R01,1,149.9,0.05
S0012626,PED006260,2025-11-22,C00510,P024,V020,R02,3,149.9,0.0
S0012627,PED006261,2025-01-22,C00579,P056,V002,R03,2,149.9,0.0
S0012628,PED006261,2025-01-22,C00579,P021,V002,R03,3,899.9,0.0
S0012629,PED006261,2025-01-22,C00579,P041,V002,R03,2,149.9,0.2
S0012630,PED006262,2024-04-29,C00644,P007,V004,R02,1,899.9,0.0
S0012631,PED006263,2023-09-02,C00687,P052,V006,R03,4,89.9,0.0
S0012632,PED006263,2023-09-02,C00687,P026,V006,R03,2,49.9,0.0
S0012633,PED006263,2023-09-02,C00687,P043,V006,R03,4,49.9,0.0
S0012634,PED006264,2025-09-09,C00700,P015,V003,R02,4,499.9,0.0
S0012635,PED006265,2023-09-03,C00504,P023,V005,R03,2,899.9,0.1
S0012636,PED006265,2023-09-03,C00504,P032,V005,R03,3,499.9,0.05
S0012637,PED006265,2023-09-03,C00504,P042,V005,R03,2,499.9,0.2
S0012638,PED006266,2025-02-22,C00500,P031,V009,R01,2,149.9,0.1
S0012639,PED006267,2025-05-02,C00544,P023,V022,R05,2,899.9,0.05
S0012640,PED006268,2023-11-28,C00521,P049,V015,R02,1,899.9,0.0
S0012641,PED006268,2023-11-28,C00521,P008,V015,R02,4,149.9,0.0
S0012642,PED006269,2024-07-29,C00547,P054,V003,R05,4,249.9,0.0
S0012643,PED006269,2024-07-29,C00547,P030,V003,R05,1,499.9,0.0
S0012644,PED006269,2024-07-29,C00547,P003,V003,R05,4,49.9,0.2
S0012645,PED006270,2023-09-27,C00462,P036,V007,R04,1,49.9,0.0
S0012646,PED006270,2023-09-27,C00462,P031,V007,R04,1,149.9,0.05
S0012647,PED006271,2024-03-01,C00612,P033,V002,R05,2,89.9,0.0
S0012648,PED006271,2024-03-01,C00612,P015,V002,R05,4,499.9,0.0
S0012649,PED006272,2025-12-01,C00615,P009,V011,R05,3,499.9,0.1
S0012650,PED006272,2025-12-01,C00615,P040,V011,R05,4,249.9,0.05
S0012651,PED006272,2025-12-01,C00615,P028,V011,R05,2,499.9,0.0
S0012652,PED006273,2025-02-03,C00659,P032,V009,R01,1,499.9,0.05
S0012653,PED006273,2025-02-03,C00659,P023,V009,R01,4,899.9,0.0
S0012654,PED006274,2025-08-08,C00597,P050,V003,R04,1,899.9,0.05
S0012655,PED006274,2025-08-08,C00597,P014,V003,R04,4,499.9,0.05
S0012656,PED006274,2025-08-08,C00597,P044,V003,R04,4,499.9,0.15
S0012657,PED006275,2024-09-09,C00624,P027,V014,R05,2,249.9,0.0
S0012658,PED006275,2024-09-09,C00624,P011,V014,R05,2,149.9,0.0
S0012659,PED006276,2023-10-13,C00479,P030,V010,R01,1,499.9,0.05
S0012660,PED006277,2025-03-02,C00656,P022,V017,R01,1,499.9,0.0
S0012661,PED006277,2025-03-02,C00656,P019,V017,R01,4,149.9,0.0
S0012662,PED006277,2025-03-02,C00656,P018,V017,R01,3,499.9,0.0
S0012663,PED006278,2024-07-24,C00410,P009,V001,R02,3,499.9,0.2
S0012664,PED006278,2024-07-24,C00410,P002,V001,R02,2,499.9,0.1
S0012665,PED006278,2024-07-24,C00410,P013,V001,R02,2,899.9,0.0
S0012666,PED006279,2023-08-05,C00562,P032,V024,R01,2,499.9,0.05
S0012667,PED006280,2024-04-10,C00472,P011,V003,R01,2,149.9,0.2
S0012668,PED006280,2024-04-10,C00472,P019,V003,R01,2,149.9,0.0
S0012669,PED006281,2024-12-04,C00551,P047,V001,R02,4,149.9,0.0
S0012670,PED006282,2025-03-29,C00663,P009,V007,R01,3,499.9,0.0
S0012671,PED006282,2025-03-29,C00663,P047,V007,R01,1,149.9,0.1
S0012672,PED006282,2025-03-29,C00663,P012,V007,R01,3,89.9,0.2
S0012673,PED006283,2023-10-17,C00472,P032,V013,R01,1,499.9,0.0
S0012674,PED006283,2023-10-17,C00472,P004,V013,R01,4,499.9,0.0
S0012675,PED006283,2023-10-17,C00472,P008,V013,R01,1,149.9,0.1
S0012676,PED006284,2025-09-11,C00475,P010,V001,R01,2,249.9,0.05
S0012677,PED006284,2025-09-11,C00475,P026,V001,R01,3,49.9,0.15
S0012678,PED006285,2024-03-01,C00608,P059,V010,R04,3,499.9,0.0
S0012679,PED006286,2023-11-11,C00669,P035,V020,R03,2,499.9,0.05
S0012680,PED006286,2023-11-11,C00669,P019,V020,R03,2,149.9,0.0
S0012681,PED006286,2023-11-11,C00669,P042,V020,R03,3,499.9,0.15
S0012682,PED006287,2023-08-26,C00614,P027,V003,R04,1,249.9,0.0
S0012683,PED006287,2023-08-26,C00614,P005,V003,R04,1,499.9,0.1
S0012684,PED006287,2023-08-26,C00614,P048,V003,R04,1,149.9,0.0
S0012685,PED006288,2025-06-19,C00521,P039,V013,R02,2,249.9,0.05
S0012686,PED006288,2025-06-19,C00521,P007,V013,R02,2,899.9,0.05
S0012687,PED006289,2024-01-27,C00635,P032,V013,R01,2,499.9,0.0
S0012688,PED006289,2024-01-27,C00635,P001,V013,R01,3,49.9,0.0
S0012689,PED006290,2024-07-03,C00503,P056,V022,R04,4,149.9,0.0
S0012690,PED006290,2024-07-03,C00503,P016,V022,R04,1,149.9,0.05
S0012691,PED006291,2023-09-26,C00676,P014,V023,R05,1,499.9,0.05
S0012692,PED006291,2023-09-26,C00676,P026,V023,R05,3,49.9,0.1
S0012693,PED006292,2025-01-25,C00494,P022,V018,R05,2,499.9,0.05
S0012694,PED006292,2025-01-25,C00494,P003,V018,R05,3,49.9,0.0
S0012695,PED006293,2025-05-23,C00484,P019,V019,R03,3,149.9,0.2
S0012696,PED006294,2024-01-09,C00644,P036,V015,R02,4,49.9,0.0
S0012697,PED006294,2024-01-09,C00644,P035,V015,R02,3,499.9,0.1
S0012698,PED006294,2024-01-09,C00644,P009,V015,R02,3,499.9,0.15
S0012699,PED006295,2025-11-16,C00574,P011,V002,R02,3,149.9,0.0
S0012700,PED006295,2025-11-16,C00574,P035,V002,R02,3,499.9,0.05
S0012701,PED006296,2023-02-09,C00561,P031,V020,R03,4,149.9,0.05
S0012702,PED006296,2023-02-09,C00561,P010,V020,R03,3,249.9,0.0
S0012703,PED006297,2023-06-14,C00672,P007,V005,R04,4,899.9,0.05
S0012704,PED006297,2023-06-14,C00672,P006,V005,R04,1,499.9,0.05
S0012705,PED006298,2024-10-29,C00515,P016,V005,R04,4,149.9,0.05
S0012706,PED006299,2025-02-14,C00478,P019,V002,R03,4,149.9,0.0
S0012707,PED006299,2025-02-14,C00478,P033,V002,R03,3,89.9,0.05
S0012708,PED006300,2023-10-25,C00563,P019,V008,R01,1,149.9,0.15
S0012709,PED006300,2023-10-25,C00563,P032,V008,R01,4,499.9,0.05
S0012710,PED006301,2024-09-24,C00680,P021,V022,R01,3,899.9,0.1
S0012711,PED006302,2023-12-19,C00629,P038,V020,R02,4,499.9,0.0
S0012712,PED006302,2023-12-19,C00629,P003,V020,R02,3,49.9,0.1
S0012713,PED006302,2023-12-19,C00629,P006,V020,R02,2,499.9,0.0
S0012714,PED006303,2024-09-24,C00588,P016,V002,R05,1,149.9,0.0
S0012715,PED006304,2024-12-25,C00464,P037,V020,R04,2,149.9,0.1
S0012716,PED006305,2025-12-08,C00628,P034,V006,R05,2,499.9,0.1
S0012717,PED006305,2025-12-08,C00628,P024,V006,R05,1,149.9,0.2
S0012718,PED006306,2024-06-01,C00679,P037,V005,R03,1,149.9,0.0
S0012719,PED006306,2024-06-01,C00679,P012,V005,R03,3,89.9,0.1
S0012720,PED006306,2024-06-01,C00679,P018,V005,R03,1,499.9,0.2
S0012721,PED006307,2024-12-15,C00592,P009,V012,R05,4,499.9,0.0
S0012722,PED006308,2024-10-18,C00215,P029,V007,R01,1,249.9,0.15
S0012723,PED006308,2024-10-18,C00215,P055,V007,R01,4,149.9,0.0
S0012724,PED006308,2024-10-18,C00215,P010,V007,R01,3,249.9,0.05
S0012725,PED006309,2023-12-18,C00615,P037,V010,R05,3,149.9,0.05
S0012726,PED006309,2023-12-18,C00615,P030,V010,R05,1,499.9,0.15
S0012727,PED006309,2023-12-18,C00615,P032,V010,R05,1,499.9,0.0
S0012728,PED006310,2023-10-27,C00694,P004,V013,R03,4,499.9,0.05
S0012729,PED006311,2025-12-21,C00644,P030,V001,R02,1,499.9,0.15
S0012730,PED006312,2023-09-09,C00532,P024,V006,R04,4,149.9,0.1
S0012731,PED006313,2025-06-03,C00586,P019,V018,R02,3,149.9,0.05
S0012732,PED006314,2023-06-30,C00508,P025,V015,R04,4,149.9,0.0
S0012733,PED006314,2023-06-30,C00508,P047,V015,R04,2,149.9,0.05
S0012734,PED006315,2025-06-19,C00510,P023,V002,R02,2,899.9,0.1
S0012735,PED006315,2025-06-19,C00510,P038,V002,R02,3,499.9,0.15
S0012736,PED006315,2025-06-19,C00510,P032,V002,R02,4,499.9,0.0
S0012737,PED006316,2023-08-15,C00536,P010,V024,R05,1,249.9,0.05
S0012738,PED006317,2025-12-03,C00524,P036,V008,R01,4,49.9,0.1
S0012739,PED006317,2025-12-03,C00524,P038,V008,R01,1,499.9,0.1
S0012740,PED006317,2025-12-03,C00524,P012,V008,R01,4,89.9,0.0
S0012741,PED006318,2025-01-25,C00684,P028,V014,R01,3,499.9,0.15
S0012742,PED006319,2023-04-25,C00604,P030,V014,R02,2,499.9,0.0
S0012743,PED006319,2023-04-25,C00604,P024,V014,R02,4,149.9,0.05
S0012744,PED006319,2023-04-25,C00604,P026,V014,R02,1,49.9,0.1
S0012745,PED006320,2025-02-03,C00550,P011,V016,R01,1,149.9,0.05
S0012746,PED006321,2024-11-10,C00513,P042,V023,R05,4,499.9,0.1
S0012747,PED006321,2024-11-10,C00513,P039,V023,R05,4,249.9,0.1
S0012748,PED006321,2024-11-10,C00513,P006,V023,R05,1,499.9,0.15
S0012749,PED006322,2024-01-06,C00580,P001,V013,R01,1,49.9,0.0
S0012750,PED006322,2024-01-06,C00580,P021,V013,R01,2,899.9,0.05
S0012751,PED006322,2024-01-06,C00580,P011,V013,R01,3,149.9,0.15
S0012752,PED006323,2023-11-03,C00621,P001,V020,R05,2,49.9,0.0
S0012753,PED006323,2023-11-03,C00621,P038,V020,R05,4,499.9,0.2
S0012754,PED006323,2023-11-03,C00621,P052,V020,R05,3,89.9,0.05
S0012755,PED006324,2025-03-09,C00563,P045,V006,R01,3,49.9,0.0
S0012756,PED006324,2025-03-09,C00563,P047,V006,R01,4,149.9,0.0
S0012757,PED006325,2025-04-05,C00572,P045,V024,R03,4,49.9,0.1
S0012758,PED006326,2023-12-26,C00495,P005,V002,R05,3,499.9,0.0
S0012759,PED006326,2023-12-26,C00495,P019,V002,R05,2,149.9,0.1
S0012760,PED006327,2025-09-11,C00540,P004,V019,R03,4,499.9,0.15
S0012761,PED006327,2025-09-11,C00540,P049,V019,R03,1,899.9,0.05
S0012762,PED006328,2023-11-09,C00530,P002,V001,R02,4,499.9,0.05
S0012763,PED006328,2023-11-09,C00530,P030,V001,R02,1,499.9,0.05
S0012764,PED006328,2023-11-09,C00530,P041,V001,R02,3,149.9,0.0
S0012765,PED006329,2023-03-31,C00621,P015,V015,R05,4,499.9,0.0
S0012766,PED006330,2024-11-07,C00648,P058,V005,R03,3,49.9,0.0
S0012767,PED006330,2024-11-07,C00648,P042,V005,R03,1,499.9,0.0
S0012768,PED006330,2024-11-07,C00648,P040,V005,R03,3,249.9,0.0
S0012769,PED006331,2023-05-15,C00580,P045,V010,R01,3,49.9,0.05
S0012770,PED006331,2023-05-15,C00580,P038,V010,R01,2,499.9,0.0
S0012771,PED006331,2023-05-15,C00580,P020,V010,R01,4,49.9,0.0
S0012772,PED006332,2023-11-15,C00484,P054,V021,R03,4,249.9,0.1
S0012773,PED006332,2023-11-15,C00484,P047,V021,R03,1,149.9,0.05
S0012774,PED006333,2024-08-01,C00589,P017,V008,R01,3,499.9,0.0
S0012775,PED006334,2023-11-22,C00597,P015,V003,R04,2,499.9,0.05
S0012776,PED006334,2023-11-22,C00597,P041,V003,R04,1,149.9,0.0
S0012777,PED006334,2023-11-22,C00597,P023,V003,R04,2,899.9,0.0
S0012778,PED006335,2023-09-18,C00554,P002,V017,R04,4,499.9,0.0
S0012779,PED006336,2025-02-17,C00474,P011,V019,R04,2,149.9,0.0
S0012780,PED006337,2024-09-16,C00627,P011,V018,R02,1,149.9,0.1
S0012781,PED006337,2024-09-16,C00627,P021,V018,R02,2,899.9,0.0
S0012782,PED006338,2025-07-31,C00647,P057,V001,R04,3,149.9,0.1
S0012783,PED006339,2024-10-22,C00508,P026,V024,R04,2,49.9,0.1
S0012784,PED006340,2024-07-03,C00585,P007,V007,R04,1,899.9,0.0
S0012785,PED006340,2024-07-03,C00585,P056,V007,R04,1,149.9,0.1
S0012786,PED006340,2024-07-03,C00585,P040,V007,R04,4,249.9,0.05
S0012787,PED006341,2023-11-03,C00663,P012,V001,R01,3,89.9,0.0
S0012788,PED006341,2023-11-03,C00663,P024,V001,R01,4,149.9,0.0
S0012789,PED006342,2025-06-05,C00681,P019,V018,R02,1,149.9,0.0
S0012790,PED006342,2025-06-05,C00681,P023,V018,R02,1,899.9,0.0
S0012791,PED006342,2025-06-05,C00681,P002,V018,R02,3,499.9,0.05
S0012792,PED006343,2023-08-29,C00628,P041,V013,R05,1,149.9,0.0
S0012793,PED006344,2023-10-16,C00491,P019,V022,R02,3,149.9,0.0
S0012794,PED006344,2023-10-16,C00491,P012,V022,R02,1,89.9,0.1
S0012795,PED006345,2025-08-02,C00639,P002,V004,R05,2,499.9,0.0
S0012796,PED006345,2025-08-02,C00639,P016,V004,R05,3,149.9,0.1
S0012797,PED006345,2025-08-02,C00639,P031,V004,R05,1,149.9,0.1
S0012798,PED006346,2025-04-05,C00593,P033,V024,R01,1,89.9,0.05
S0012799,PED006346,2025-04-05,C00593,P011,V024,R01,2,149.9,0.0
S0012800,PED006347,2024-11-17,C00513,P011,V010,R05,3,149.9,0.05
S0012801,PED006347,2024-11-17,C00513,P007,V010,R05,2,899.9,0.1
S0012802,PED006347,2024-11-17,C00513,P035,V010,R05,4,499.9,0.0
S0012803,PED006348,2023-02-20,C00599,P017,V001,R04,3,499.9,0.05
S0012804,PED006348,2023-02-20,C00599,P059,V001,R04,4,499.9,0.0
S0012805,PED006349,2023-06-07,C00622,P027,V014,R04,4,249.9,0.15
S0012806,PED006349,2023-06-07,C00622,P036,V014,R04,4,49.9,0.05
S0012807,PED006349,2023-06-07,C00622,P001,V014,R04,3,49.9,0.0
S0012808,PED006350,2024-07-23,C00645,P051,V003,R01,2,899.9,0.0
S0012809,PED006350,2024-07-23,C00645,P026,V003,R01,3,49.9,0.0
S0012810,PED006351,2025-04-11,C00550,P055,V013,R01,1,149.9,0.0
S0012811,PED006352,2024-06-11,C00496,P023,V008,R01,2,899.9,0.15
S0012812,PED006352,2024-06-11,C00496,P038,V008,R01,2,499.9,0.05
S0012813,PED006353,2023-01-23,C00621,P025,V003,R05,1,149.9,0.1
S0012814,PED006354,2023-08-14,C00672,P004,V011,R04,4,499.9,0.0
S0012815,PED006354,2023-08-14,C00672,P014,V011,R04,2,499.9,0.05
S0012816,PED006355,2024-10-29,C00615,P020,V022,R05,2,49.9,0.1
S0012817,PED006355,2024-10-29,C00615,P016,V022,R05,3,149.9,0.0
S0012818,PED006356,2025-02-05,C00246,P023,V015,R03,3,899.9,0.1
S0012819,PED006356,2025-02-05,C00246,P058,V015,R03,3,49.9,0.05
S0012820,PED006356,2025-02-05,C00246,P039,V015,R03,4,249.9,0.0
S0012821,PED006357,2023-02-13,C00648,P008,V007,R03,4,149.9,0.0
S0012822,PED006357,2023-02-13,C00648,P055,V007,R03,2,149.9,0.0
S0012823,PED006358,2023-02-26,C00505,P029,V017,R05,2,249.9,0.05
S0012824,PED006358,2023-02-26,C00505,P018,V017,R05,1,499.9,0.0
S0012825,PED006359,2023-11-03,C00607,P045,V004,R05,1,49.9,0.0
S0012826,PED006359,2023-11-03,C00607,P014,V004,R05,4,499.9,0.0
S0012827,PED006359,2023-11-03,C00607,P004,V004,R05,3,499.9,0.0
S0012828,PED006360,2023-04-16,C00520,P036,V001,R02,1,49.9,0.15
S0012829,PED006361,2024-09-10,C00493,P017,V019,R01,3,499.9,0.1
S0012830,PED006361,2024-09-10,C00493,P014,V019,R01,2,499.9,0.15
S0012831,PED006362,2023-06-03,C00688,P034,V024,R03,3,499.9,0.0
S0012832,PED006362,2023-06-03,C00688,P008,V024,R03,1,149.9,0.1
S0012833,PED006362,2023-06-03,C00688,P056,V024,R03,3,149.9,0.0
S0012834,PED006363,2024-12-15,C00665,P039,V011,R03,4,249.9,0.0
S0012835,PED006363,2024-12-15,C00665,P012,V011,R03,3,89.9,0.0
S0012836,PED006364,2025-05-19,C00456,P013,V004,R05,3,899.9,0.0
S0012837,PED006364,2025-05-19,C00456,P023,V004,R05,1,899.9,0.0
S0012838,PED006364,2025-05-19,C00456,P041,V004,R05,3,149.9,0.05
S0012839,PED006365,2025-12-06,C00558,P046,V016,R03,4,249.9,0.15
S0012840,PED006366,2025-11-19,C00699,P041,V001,R03,2,149.9,0.0
S0012841,PED006366,2025-11-19,C00699,P042,V001,R03,3,499.9,0.05
S0012842,PED006367,2023-11-13,C00515,P033,V016,R04,1,89.9,0.0
S0012843,PED006368,2023-02-07,C00509,P020,V021,R04,2,49.9,0.15
S0012844,PED006369,2023-12-28,C00668,P015,V022,R04,4,499.9,0.05
S0012845,PED006369,2023-12-28,C00668,P031,V022,R04,1,149.9,0.05
S0012846,PED006369,2023-12-28,C00668,P028,V022,R04,1,499.9,0.0
S0012847,PED006370,2025-02-24,C00687,P041,V009,R03,3,149.9,0.1
S0012848,PED006371,2023-03-18,C00658,P004,V018,R04,1,499.9,0.1
S0012849,PED006371,2023-03-18,C00658,P026,V018,R04,2,49.9,0.15
S0012850,PED006371,2023-03-18,C00658,P011,V018,R04,3,149.9,0.05
S0012851,PED006372,2024-02-04,C00504,P033,V002,R03,2,89.9,0.0
S0012852,PED006372,2024-02-04,C00504,P010,V002,R03,2,249.9,0.0
S0012853,PED006373,2023-12-01,C00458,P042,V016,R05,3,499.9,0.15
S0012854,PED006374,2023-09-23,C00690,P013,V008,R04,4,899.9,0.15
S0012855,PED006374,2023-09-23,C00690,P019,V008,R04,1,149.9,0.1
S0012856,PED006374,2023-09-23,C00690,P044,V008,R04,2,499.9,0.1
S0012857,PED006375,2025-02-21,C00530,P022,V004,R02,3,499.9,0.05
S0012858,PED006375,2025-02-21,C00530,P003,V004,R02,1,49.9,0.1
S0012859,PED006376,2024-12-25,C00469,P009,V004,R04,2,499.9,0.1
S0012860,PED006376,2024-12-25,C00469,P014,V004,R04,1,499.9,0.05
S0012861,PED006376,2024-12-25,C00469,P001,V004,R04,1,49.9,0.1
S0012862,PED006377,2024-09-03,C00487,P054,V002,R05,4,249.9,0.1
S0012863,PED006377,2024-09-03,C00487,P057,V002,R05,1,149.9,0.05
S0012864,PED006377,2024-09-03,C00487,P002,V002,R05,2,499.9,0.0
S0012865,PED006378,2025-10-18,C00554,P024,V018,R04,4,149.9,0.0
S0012866,PED006378,2025-10-18,C00554,P025,V018,R04,3,149.9,0.0
S0012867,PED006378,2025-10-18,C00554,P009,V018,R04,1,499.9,0.0
S0012868,PED006379,2023-05-10,C00561,P004,V006,R03,2,499.9,0.1
S0012869,PED006379,2023-05-10,C00561,P032,V006,R03,4,499.9,0.15
S0012870,PED006379,2023-05-10,C00561,P012,V006,R03,4,89.9,0.05
S0012871,PED006380,2023-07-03,C00489,P056,V020,R03,2,149.9,0.15
S0012872,PED006381,2024-03-06,C00309,P002,V003,R03,3,499.9,0.15
S0012873,PED006381,2024-03-06,C00309,P021,V003,R03,2,899.9,0.0
S0012874,PED006382,2024-12-22,C00562,P035,V006,R01,2,499.9,0.1
S0012875,PED006382,2024-12-22,C00562,P001,V006,R01,4,49.9,0.05
S0012876,PED006383,2024-10-24,C00464,P002,V002,R04,1,499.9,0.0
S0012877,PED006383,2024-10-24,C00464,P011,V002,R04,3,149.9,0.0
S0012878,PED006383,2024-10-24,C00464,P006,V002,R04,4,499.9,0.05
S0012879,PED006384,2023-04-05,C00456,P033,V013,R05,4,89.9,0.0
S0012880,PED006384,2023-04-05,C00456,P046,V013,R05,1,249.9,0.05
S0012881,PED006384,2023-04-05,C00456,P032,V013,R05,2,499.9,0.15
S0012882,PED006385,2025-11-26,C00578,P039,V005,R04,4,249.9,0.0
S0012883,PED006386,2023-12-07,C00545,P011,V009,R01,2,149.9,0.0
S0012884,PED006386,2023-12-07,C00545,P043,V009,R01,4,49.9,0.1
S0012885,PED006386,2023-12-07,C00545,P041,V009,R01,4,149.9,0.05
S0012886,PED006387,2024-02-03,C00624,P046,V021,R05,2,249.9,0.0
S0012887,PED006387,2024-02-03,C00624,P034,V021,R05,1,499.9,0.0
S0012888,PED006388,2024-11-25,C00458,P014,V005,R05,4,499.9,0.0
S0012889,PED006388,2024-11-25,C00458,P012,V005,R05,1,89.9,0.0
S0012890,PED006389,2025-11-16,C00562,P026,V002,R01,4,49.9,0.0
S0012891,PED006390,2024-12-28,C00489,P017,V010,R03,3,499.9,0.2
S0012892,PED006391,2025-11-23,C00612,P047,V002,R05,3,149.9,0.2
S0012893,PED006392,2023-08-18,C00521,P042,V020,R02,3,499.9,0.05
S0012894,PED006392,2023-08-18,C00521,P010,V020,R02,3,249.9,0.1
S0012895,PED006392,2023-08-18,C00521,P008,V020,R02,2,149.9,0.0
S0012896,PED006393,2024-11-21,C00670,P029,V014,R01,3,249.9,0.0
S0012897,PED006394,2025-07-18,C00509,P043,V020,R04,1,49.9,0.0
S0012898,PED006394,2025-07-18,C00509,P006,V020,R04,3,499.9,0.05
S0012899,PED006395,2024-08-03,C00576,P015,V010,R05,2,499.9,0.05
S0012900,PED006396,2024-02-07,C00577,P027,V015,R04,2,249.9,0.0
S0012901,PED006397,2025-12-18,C00572,P045,V023,R03,3,49.9,0.05
S0012902,PED006398,2023-06-23,C00491,P042,V005,R02,1,499.9,0.1
S0012903,PED006398,2023-06-23,C00491,P034,V005,R02,1,499.9,0.05
S0012904,PED006398,2023-06-23,C00491,P043,V005,R02,1,49.9,0.0
S0012905,PED006399,2024-04-09,C00696,P026,V009,R01,3,49.9,0.05
S0012906,PED006400,2025-09-08,C00469,P010,V004,R04,2,249.9,0.05
S0012907,PED006401,2025-10-08,C00568,P053,V006,R02,1,49.9,0.0
S0012908,PED006402,2025-12-14,C00495,P027,V013,R05,3,249.9,0.1
S0012909,PED006403,2025-09-21,C00691,P001,V013,R02,4,49.9,0.0
S0012910,PED006404,2023-03-08,C00457,P009,V012,R01,2,499.9,0.15
S0012911,PED006404,2023-03-08,C00457,P015,V012,R01,2,499.9,0.0
S0012912,PED006404,2023-03-08,C00457,P031,V012,R01,1,149.9,0.0
S0012913,PED006405,2025-11-05,C00577,P007,V024,R04,1,899.9,0.0
S0012914,PED006405,2025-11-05,C00577,P017,V024,R04,4,499.9,0.0
S0012915,PED006406,2024-04-30,C00502,P008,V011,R04,1,149.9,0.1
S0012916,PED006406,2024-04-30,C00502,P030,V011,R04,1,499.9,0.15
S0012917,PED006406,2024-04-30,C00502,P005,V011,R04,4,499.9,0.05
S0012918,PED006407,2024-12-18,C00505,P038,V014,R05,4,499.9,0.1
S0012919,PED006407,2024-12-18,C00505,P024,V014,R05,3,149.9,0.05
S0012920,PED006408,2024-03-19,C00548,P044,V011,R05,2,499.9,0.05
S0012921,PED006408,2024-03-19,C00548,P020,V011,R05,2,49.9,0.05
S0012922,PED006409,2025-06-30,C00565,P022,V009,R04,2,499.9,0.0
S0012923,PED006409,2025-06-30,C00565,P004,V009,R04,4,499.9,0.2
S0012924,PED006410,2024-10-16,C00112,P003,V023,R05,4,49.9,0.05
S0012925,PED006410,2024-10-16,C00112,P001,V023,R05,1,49.9,0.15
S0012926,PED006411,2025-08-07,C00541,P046,V014,R01,2,249.9,0.15
S0012927,PED006412,2023-08-25,C00046,P058,V002,R05,4,49.9,0.0
S0012928,PED006412,2023-08-25,C00046,P003,V002,R05,3,49.9,0.0
S0012929,PED006412,2023-08-25,C00046,P039,V002,R05,3,249.9,0.05
S0012930,PED006413,2023-08-14,C00629,P006,V015,R02,1,499.9,0.0
S0012931,PED006413,2023-08-14,C00629,P018,V015,R02,3,499.9,0.1
S0012932,PED006414,2024-05-14,C00660,P056,V011,R01,4,149.9,0.05
S0012933,PED006414,2024-05-14,C00660,P033,V011,R01,4,89.9,0.05
S0012934,PED006415,2023-01-07,C00569,P014,V017,R05,2,499.9,0.0
S0012935,PED006415,2023-01-07,C00569,P010,V017,R05,2,249.9,0.1
S0012936,PED006416,2025-02-03,C00554,P012,V006,R04,2,89.9,0.05
S0012937,PED006416,2025-02-03,C00554,P025,V006,R04,1,149.9,0.1
S0012938,PED006416,2025-02-03,C00554,P013,V006,R04,4,899.9,0.0
S0012939,PED006417,2023-11-29,C00636,P031,V012,R04,2,149.9,0.15
S0012940,PED006417,2023-11-29,C00636,P047,V012,R04,1,149.9,0.1
S0012941,PED006417,2023-11-29,C00636,P044,V012,R04,2,499.9,0.0
S0012942,PED006418,2024-09-27,C00631,P028,V002,R04,3,499.9,0.1
S0012943,PED006418,2024-09-27,C00631,P038,V002,R04,3,499.9,0.1
S0012944,PED006419,2023-03-31,C00605,P001,V013,R03,3,49.9,0.15
S0012945,PED006419,2023-03-31,C00605,P005,V013,R03,2,499.9,0.1
S0012946,PED006419,2023-03-31,C00605,P006,V013,R03,1,499.9,0.0
S0012947,PED006420,2023-07-28,C00518,P036,V014,R02,1,49.9,0.1
S0012948,PED006420,2023-07-28,C00518,P013,V014,R02,1,899.9,0.0
S0012949,PED006421,2024-11-24,C00507,P001,V012,R02,4,49.9,0.0
S0012950,PED006422,2023-12-08,C00466,P034,V011,R05,1,499.9,0.0
S0012951,PED006423,2023-09-17,C00649,P042,V004,R03,3,499.9,0.0
S0012952,PED006424,2023-10-03,C00499,P003,V001,R04,2,49.9,0.15
S0012953,PED006424,2023-10-03,C00499,P008,V001,R04,2,149.9,0.1
S0012954,PED006424,2023-10-03,C00499,P021,V001,R04,4,899.9,0.1
S0012955,PED006425,2023-09-18,C00476,P044,V011,R01,4,499.9,0.1
S0012956,PED006425,2023-09-18,C00476,P031,V011,R01,1,149.9,0.05
S0012957,PED006425,2023-09-18,C00476,P010,V011,R01,4,249.9,0.0
S0012958,PED006426,2024-11-24,C00461,P054,V007,R03,4,249.9,0.0
S0012959,PED006426,2024-11-24,C00461,P018,V007,R03,3,499.9,0.1
S0012960,PED006427,2023-07-25,C00469,P043,V006,R04,4,49.9,0.0
S0012961,PED006428,2024-02-08,C00615,P014,V006,R05,3,499.9,0.0
S0012962,PED006429,2025-01-27,C00362,P051,V016,R05,4,899.9,0.1
S0012963,PED006429,2025-01-27,C00362,P040,V016,R05,1,249.9,0.05
S0012964,PED006429,2025-01-27,C00362,P057,V016,R05,3,149.9,0.1
S0012965,PED006430,2024-08-08,C00622,P017,V017,R04,4,499.9,0.0
S0012966,PED006430,2024-08-08,C00622,P033,V017,R04,1,89.9,0.0
S0012967,PED006430,2024-08-08,C00622,P048,V017,R04,3,149.9,0.05
S0012968,PED006431,2024-11-05,C00648,P050,V005,R03,1,899.9,0.05
S0012969,PED006431,2024-11-05,C00648,P002,V005,R03,4,499.9,0.0
S0012970,PED006431,2024-11-05,C00648,P041,V005,R03,3,149.9,0.0
S0012971,PED006432,2023-10-25,C00547,P028,V003,R05,4,499.9,0.05
S0012972,PED006432,2023-10-25,C00547,P008,V003,R05,4,149.9,0.0
S0012973,PED006433,2025-11-07,C00514,P008,V013,R04,2,149.9,0.0
S0012974,PED006433,2025-11-07,C00514,P013,V013,R04,1,899.9,0.0
S0012975,PED006434,2024-04-12,C00573,P042,V001,R01,2,499.9,0.05
S0012976,PED006434,2024-04-12,C00573,P012,V001,R01,2,89.9,0.1
S0012977,PED006435,2023-11-23,C00552,P020,V013,R05,1,49.9,0.0
S0012978,PED006435,2023-11-23,C00552,P038,V013,R05,2,499.9,0.1
S0012979,PED006436,2025-10-11,C00490,P007,V010,R03,4,899.9,0.0
S0012980,PED006437,2024-12-21,C00559,P042,V009,R01,4,499.9,0.15
S0012981,PED006437,2024-12-21,C00559,P008,V009,R01,2,149.9,0.05
S0012982,PED006437,2024-12-21,C00559,P027,V009,R01,4,249.9,0.05
S0012983,PED006438,2024-11-18,C00620,P058,V011,R01,4,49.9,0.2
S0012984,PED006438,2024-11-18,C00620,P037,V011,R01,3,149.9,0.0
S0012985,PED006439,2025-09-23,C00601,P045,V010,R05,4,49.9,0.0
S0012986,PED006439,2025-09-23,C00601,P009,V010,R05,3,499.9,0.05
S0012987,PED006439,2025-09-23,C00601,P019,V010,R05,3,149.9,0.05
S0012988,PED006440,2023-03-17,C00498,P053,V021,R01,1,49.9,0.15
S0012989,PED006440,2023-03-17,C00498,P022,V021,R01,2,499.9,0.15
S0012990,PED006440,2023-03-17,C00498,P002,V021,R01,4,499.9,0.1
S0012991,PED006441,2025-07-29,C00626,P014,V006,R02,2,499.9,0.0
S0012992,PED006442,2025-01-14,C00495,P011,V021,R05,3,149.9,0.0
S0012993,PED006442,2025-01-14,C00495,P039,V021,R05,1,249.9,0.05
S0012994,PED006442,2025-01-14,C00495,P030,V021,R05,4,499.9,0.05
S0012995,PED006443,2024-02-04,C00594,P018,V001,R04,3,499.9,0.1
S0012996,PED006444,2023-10-31,C00592,P003,V001,R05,2,49.9,0.15
S0012997,PED006445,2023-05-12,C00683,P037,V009,R04,1,149.9,0.1
S0012998,PED006445,2023-05-12,C00683,P048,V009,R04,4,149.9,0.1
S0012999,PED006446,2025-11-13,C00612,P016,V024,R05,3,149.9,0.15
S0013000,PED006446,2025-11-13,C00612,P015,V024,R05,4,499.9,0.0
S0013001,PED006446,2025-11-13,C00612,P005,V024,R05,4,499.9,0.0
S0013002,PED006447,2023-06-24,C00693,P001,V020,R05,1,49.9,0.0
S0013003,PED006447,2023-06-24,C00693,P034,V020,R05,3,499.9,0.15
S0013004,PED006448,2023-11-02,C00592,P004,V010,R05,3,499.9,0.0
S0013005,PED006449,2025-01-31,C00559,P027,V003,R01,3,249.9,0.0
S0013006,PED006450,2025-02-26,C00459,P031,V022,R03,2,149.9,0.1
S0013007,PED006450,2025-02-26,C00459,P058,V022,R03,3,49.9,0.0
S0013008,PED006451,2023-07-17,C00477,P038,V011,R01,3,499.9,0.05
S0013009,PED006451,2023-07-17,C00477,P032,V011,R01,4,499.9,0.1
S0013010,PED006451,2023-07-17,C00477,P026,V011,R01,2,49.9,0.1
S0013011,PED006452,2025-06-30,C00614,P039,V003,R04,1,249.9,0.0
S0013012,PED006452,2025-06-30,C00614,P040,V003,R04,2,249.9,0.1
S0013013,PED006452,2025-06-30,C00614,P032,V003,R04,3,499.9,0.15
S0013014,PED006453,2024-08-04,C00301,P012,V007,R05,1,89.9,0.0
S0013015,PED006453,2024-08-04,C00301,P037,V007,R05,2,149.9,0.15
S0013016,PED006453,2024-08-04,C00301,P058,V007,R05,1,49.9,0.0
S0013017,PED006454,2025-08-10,C00675,P041,V024,R02,2,149.9,0.2
S0013018,PED006455,2023-04-21,C00603,P057,V019,R02,4,149.9,0.1
S0013019,PED006456,2023-02-26,C00571,P020,V008,R02,3,49.9,0.0
S0013020,PED006456,2023-02-26,C00571,P032,V008,R02,2,499.9,0.05
S0013021,PED006457,2024-12-06,C00561,P043,V002,R03,4,49.9,0.05
S0013022,PED006458,2023-07-04,C00416,P023,V017,R03,4,899.9,0.1
S0013023,PED006459,2024-08-22,C00522,P007,V002,R01,4,899.9,0.05
S0013024,PED006459,2024-08-22,C00522,P041,V002,R01,2,149.9,0.0
S0013025,PED006459,2024-08-22,C00522,P022,V002,R01,3,499.9,0.2
S0013026,PED006460,2023-01-19,C00599,P049,V006,R04,1,899.9,0.0
S0013027,PED006461,2025-05-22,C00504,P015,V002,R03,1,499.9,0.1
S0013028,PED006461,2025-05-22,C00504,P047,V002,R03,3,149.9,0.05
S0013029,PED006462,2025-10-07,C00583,P042,V013,R01,1,499.9,0.0
S0013030,PED006463,2025-07-30,C00565,P011,V024,R04,2,149.9,0.05
S0013031,PED006463,2025-07-30,C00565,P056,V024,R04,1,149.9,0.0
S0013032,PED006464,2025-11-26,C00592,P048,V021,R05,2,149.9,0.0
S0013033,PED006464,2025-11-26,C00592,P043,V021,R05,3,49.9,0.15
S0013034,PED006465,2025-10-10,C00281,P045,V012,R02,1,49.9,0.1
S0013035,PED006466,2024-05-19,C00130,P036,V010,R05,4,49.9,0.0
S0013036,PED006466,2024-05-19,C00130,P051,V010,R05,4,899.9,0.1
S0013037,PED006466,2024-05-19,C00130,P035,V010,R05,4,499.9,0.0
S0013038,PED006467,2024-03-24,C00612,P030,V014,R05,3,499.9,0.0
S0013039,PED006467,2024-03-24,C00612,P059,V014,R05,3,499.9,0.2
S0013040,PED006468,2025-10-03,C00467,P028,V006,R01,3,499.9,0.1
S0013041,PED006468,2025-10-03,C00467,P015,V006,R01,1,499.9,0.15
S0013042,PED006468,2025-10-03,C00467,P018,V006,R01,4,499.9,0.2
S0013043,PED006469,2025-11-03,C00628,P009,V003,R05,1,499.9,0.2
S0013044,PED006470,2025-12-08,C00594,P055,V002,R04,3,149.9,0.05
S0013045,PED006471,2025-05-08,C00683,P035,V001,R04,1,499.9,0.05
S0013046,PED006471,2025-05-08,C00683,P017,V001,R04,1,499.9,0.15
S0013047,PED006472,2023-09-03,C00597,P028,V021,R04,3,499.9,0.0
S0013048,PED006473,2025-11-16,C00233,P053,V004,R04,4,49.9,0.1
S0013049,PED006473,2025-11-16,C00233,P022,V004,R04,1,499.9,0.2
S0013050,PED006474,2025-11-18,C00618,P060,V006,R01,3,149.9,0.0
S0013051,PED006475,2024-12-31,C00354,P032,V018,R05,2,499.9,0.0
S0013052,PED006476,2025-08-21,C00658,P011,V004,R04,3,149.9,0.0
S0013053,PED006476,2025-08-21,C00658,P028,V004,R04,4,499.9,0.0
S0013054,PED006477,2024-10-01,C00526,P007,V016,R05,3,899.9,0.0
S0013055,PED006477,2024-10-01,C00526,P041,V016,R05,1,149.9,0.1
S0013056,PED006477,2024-10-01,C00526,P001,V016,R05,1,49.9,0.1
S0013057,PED006478,2025-11-15,C00637,P060,V005,R05,4,149.9,0.0
S0013058,PED006479,2023-04-29,C00558,P012,V015,R03,2,89.9,0.1
S0013059,PED006480,2025-08-29,C00567,P009,V018,R03,1,499.9,0.1
S0013060,PED006480,2025-08-29,C00567,P012,V018,R03,2,89.9,0.05
S0013061,PED006481,2023-03-13,C00596,P029,V020,R04,3,249.9,0.0
S0013062,PED006481,2023-03-13,C00596,P024,V020,R04,1,149.9,0.0
S0013063,PED006481,2023-03-13,C00596,P018,V020,R04,1,499.9,0.15
S0013064,PED006482,2024-01-08,C00569,P010,V019,R05,1,249.9,0.05
S0013065,PED006482,2024-01-08,C00569,P041,V019,R05,2,149.9,0.1
S0013066,PED006483,2023-06-17,C00481,P012,V017,R03,3,89.9,0.15
S0013067,PED006484,2024-06-28,C00700,P037,V014,R02,3,149.9,0.05
S0013068,PED006484,2024-06-28,C00700,P002,V014,R02,4,499.9,0.0
S0013069,PED006484,2024-06-28,C00700,P026,V014,R02,3,49.9,0.1
S0013070,PED006485,2023-10-06,C00553,P042,V018,R05,2,499.9,0.05
S0013071,PED006485,2023-10-06,C00553,P034,V018,R05,4,499.9,0.05
S0013072,PED006486,2025-11-21,C00560,P009,V007,R04,1,499.9,0.0
S0013073,PED006487,2024-09-29,C00692,P039,V010,R04,4,249.9,0.15
S0013074,PED006488,2025-10-05,C00644,P001,V004,R02,1,49.9,0.0
S0013075,PED006488,2025-10-05,C00644,P023,V004,R02,3,899.9,0.0
S0013076,PED006489,2023-11-16,C00615,P055,V015,R05,3,149.9,0.0
S0013077,PED006490,2023-02-03,C00586,P030,V007,R02,2,499.9,0.0
S0013078,PED006491,2025-05-17,C00131,P020,V003,R01,2,49.9,0.1
S0013079,PED006491,2025-05-17,C00131,P002,V003,R01,3,499.9,0.2
S0013080,PED006492,2025-02-16,C00274,P023,V007,R04,4,899.9,0.0
S0013081,PED006492,2025-02-16,C00274,P011,V007,R04,4,149.9,0.15
S0013082,PED006493,2024-09-14,C00510,P021,V023,R02,3,899.9,0.1
S0013083,PED006493,2024-09-14,C00510,P039,V023,R02,1,249.9,0.0
S0013084,PED006494,2025-07-02,C00592,P016,V009,R05,4,149.9,0.0
S0013085,PED006494,2025-07-02,C00592,P005,V009,R05,3,499.9,0.0
S0013086,PED006494,2025-07-02,C00592,P057,V009,R05,1,149.9,0.1
S0013087,PED006495,2025-08-01,C00509,P009,V008,R04,4,499.9,0.0
S0013088,PED006495,2025-08-01,C00509,P027,V008,R04,1,249.9,0.0
S0013089,PED006495,2025-08-01,C00509,P005,V008,R04,1,499.9,0.1
S0013090,PED006496,2024-10-28,C00567,P030,V019,R03,4,499.9,0.0
S0013091,PED006496,2024-10-28,C00567,P018,V019,R03,1,499.9,0.05
S0013092,PED006497,2025-12-02,C00546,P025,V013,R04,3,149.9,0.0
S0013093,PED006498,2025-03-10,C00572,P059,V003,R03,4,499.9,0.0
S0013094,PED006498,2025-03-10,C00572,P014,V003,R03,2,499.9,0.05
S0013095,PED006498,2025-03-10,C00572,P057,V003,R03,2,149.9,0.15
S0013096,PED006499,2025-01-13,C00687,P019,V009,R03,4,149.9,0.0
S0013097,PED006500,2024-02-06,C00620,P007,V013,R01,2,899.9,0.15
S0013098,PED006500,2024-02-06,C00620,P030,V013,R01,2,499.9,0.05
S0013099,PED006501,2023-01-03,C00695,P036,V021,R03,1,49.9,0.0
S0013100,PED006501,2023-01-03,C00695,P026,V021,R03,3,49.9,0.1
S0013101,PED006502,2023-10-15,C00573,P003,V008,R01,2,49.9,0.0
S0013102,PED006503,2025-05-03,C00456,P004,V006,R05,4,499.9,0.0
S0013103,PED006503,2025-05-03,C00456,P019,V006,R05,4,149.9,0.0
S0013104,PED006503,2025-05-03,C00456,P050,V006,R05,1,899.9,0.1
S0013105,PED006504,2025-02-26,C00567,P049,V004,R03,2,899.9,0.1
S0013106,PED006504,2025-02-26,C00567,P050,V004,R03,4,899.9,0.15
S0013107,PED006504,2025-02-26,C00567,P015,V004,R03,3,499.9,0.0
S0013108,PED006505,2023-12-30,C00461,P011,V010,R03,1,149.9,0.0
S0013109,PED006505,2023-12-30,C00461,P024,V010,R03,3,149.9,0.15
S0013110,PED006506,2024-11-26,C00510,P024,V002,R02,4,149.9,0.05
S0013111,PED006507,2023-08-27,C00611,P013,V020,R01,2,899.9,0.1
S0013112,PED006507,2023-08-27,C00611,P007,V020,R01,2,899.9,0.05
S0013113,PED006508,2023-11-05,C00572,P053,V006,R03,2,49.9,0.0
S0013114,PED006508,2023-11-05,C00572,P031,V006,R03,4,149.9,0.1
S0013115,PED006508,2023-11-05,C00572,P025,V006,R03,3,149.9,0.0
S0013116,PED006509,2025-11-18,C00515,P048,V005,R04,2,149.9,0.0
S0013117,PED006509,2025-11-18,C00515,P041,V005,R04,1,149.9,0.0
S0013118,PED006510,2024-04-11,C00594,P032,V006,R04,3,499.9,0.05
S0013119,PED006510,2024-04-11,C00594,P005,V006,R04,3,499.9,0.1
S0013120,PED006510,2024-04-11,C00594,P020,V006,R04,2,49.9,0.05
S0013121,PED006511,2023-10-19,C00559,P049,V016,R01,3,899.9,0.1
S0013122,PED006511,2023-10-19,C00559,P032,V016,R01,4,499.9,0.0
S0013123,PED006512,2024-07-08,C00646,P022,V002,R01,3,499.9,0.0
S0013124,PED006512,2024-07-08,C00646,P041,V002,R01,3,149.9,0.0
S0013125,PED006513,2024-03-10,C00536,P034,V009,R05,2,499.9,0.0
S0013126,PED006513,2024-03-10,C00536,P007,V009,R05,1,899.9,0.2
S0013127,PED006514,2025-03-22,C00633,P017,V022,R05,1,499.9,0.15
S0013128,PED006514,2025-03-22,C00633,P014,V022,R05,4,499.9,0.1
S0013129,PED006515,2025-11-29,C00577,P035,V013,R04,3,499.9,0.1
S0013130,PED006515,2025-11-29,C00577,P044,V013,R04,4,499.9,0.15
S0013131,PED006516,2024-11-01,C00463,P018,V022,R05,2,499.9,0.0
S0013132,PED006516,2024-11-01,C00463,P060,V022,R05,2,149.9,0.0
S0013133,PED006517,2024-10-31,C00688,P056,V003,R03,2,149.9,0.15
S0013134,PED006517,2024-10-31,C00688,P014,V003,R03,4,499.9,0.0
S0013135,PED006518,2024-02-11,C00691,P025,V003,R02,4,149.9,0.0
S0013136,PED006519,2024-10-05,C00248,P045,V007,R04,4,49.9,0.1
S0013137,PED006519,2024-10-05,C00248,P024,V007,R04,2,149.9,0.0
S0013138,PED006519,2024-10-05,C00248,P015,V007,R04,1,499.9,0.1
S0013139,PED006520,2023-12-20,C00580,P037,V002,R01,1,149.9,0.0
S0013140,PED006520,2023-12-20,C00580,P054,V002,R01,1,249.9,0.05
S0013141,PED006521,2023-01-02,C00615,P053,V015,R05,2,49.9,0.0
S0013142,PED006521,2023-01-02,C00615,P005,V015,R05,4,499.9,0.1
S0013143,PED006522,2025-08-31,C00486,P028,V002,R04,4,499.9,0.0
S0013144,PED006523,2024-05-01,C00492,P047,V003,R03,1,149.9,0.1
S0013145,PED006523,2024-05-01,C00492,P012,V003,R03,3,89.9,0.0
S0013146,PED006523,2024-05-01,C00492,P019,V003,R03,1,149.9,0.1
S0013147,PED006524,2024-07-14,C00588,P005,V002,R05,2,499.9,0.0
S0013148,PED006524,2024-07-14,C00588,P034,V002,R05,2,499.9,0.1
S0013149,PED006524,2024-07-14,C00588,P021,V002,R05,3,899.9,0.0
S0013150,PED006525,2023-04-16,C00607,P058,V016,R05,3,49.9,0.05
S0013151,PED006526,2025-07-28,C00700,P011,V002,R02,3,149.9,0.1
S0013152,PED006527,2023-07-28,C00634,P048,V009,R05,1,149.9,0.1
S0013153,PED006528,2024-04-08,C00581,P034,V011,R02,4,499.9,0.2
S0013154,PED006529,2025-08-01,C00514,P009,V019,R04,3,499.9,0.0
S0013155,PED006529,2025-08-01,C00514,P038,V019,R04,2,499.9,0.05
S0013156,PED006529,2025-08-01,C00514,P055,V019,R04,3,149.9,0.0
S0013157,PED006530,2024-06-04,C00568,P012,V003,R02,4,89.9,0.05
S0013158,PED006530,2024-06-04,C00568,P031,V003,R02,4,149.9,0.0
S0013159,PED006530,2024-06-04,C00568,P002,V003,R02,4,499.9,0.0
S0013160,PED006531,2025-11-06,C00647,P047,V017,R04,1,149.9,0.05
S0013161,PED006531,2025-11-06,C00647,P023,V017,R04,2,899.9,0.0
S0013162,PED006531,2025-11-06,C00647,P008,V017,R04,2,149.9,0.0
S0013163,PED006532,2023-09-11,C00568,P019,V019,R02,4,149.9,0.05
S0013164,PED006532,2023-09-11,C00568,P027,V019,R02,1,249.9,0.1
S0013165,PED006532,2023-09-11,C00568,P003,V019,R02,1,49.9,0.0
S0013166,PED006533,2025-03-05,C00668,P013,V022,R04,3,899.9,0.1
S0013167,PED006533,2025-03-05,C00668,P058,V022,R04,3,49.9,0.0
S0013168,PED006533,2025-03-05,C00668,P002,V022,R04,1,499.9,0.15
S0013169,PED006534,2025-12-12,C00647,P001,V007,R04,1,49.9,0.0
S0013170,PED006534,2025-12-12,C00647,P007,V007,R04,3,899.9,0.05
S0013171,PED006534,2025-12-12,C00647,P002,V007,R04,1,499.9,0.15
S0013172,PED006535,2024-09-19,C00524,P034,V006,R01,1,499.9,0.0
S0013173,PED006536,2025-02-02,C00544,P005,V017,R05,1,499.9,0.0
S0013174,PED006536,2025-02-02,C00544,P035,V017,R05,1,499.9,0.2
S0013175,PED006537,2024-03-18,C00638,P001,V004,R04,2,49.9,0.1
S0013176,PED006538,2025-04-18,C00477,P023,V017,R01,1,899.9,0.1
S0013177,PED006538,2025-04-18,C00477,P045,V017,R01,3,49.9,0.0
S0013178,PED006539,2025-10-16,C00468,P024,V006,R02,2,149.9,0.1
S0013179,PED006539,2025-10-16,C00468,P023,V006,R02,4,899.9,0.05
S0013180,PED006539,2025-10-16,C00468,P038,V006,R02,2,499.9,0.0
S0013181,PED006540,2025-02-17,C00614,P005,V009,R04,3,499.9,0.2
S0013182,PED006540,2025-02-17,C00614,P036,V009,R04,4,49.9,0.05
S0013183,PED006541,2025-11-09,C00622,P050,V002,R04,1,899.9,0.0
S0013184,PED006541,2025-11-09,C00622,P008,V002,R04,4,149.9,0.0
S0013185,PED006541,2025-11-09,C00622,P016,V002,R04,4,149.9,0.0
S0013186,PED006542,2024-10-29,C00482,P028,V016,R03,3,499.9,0.0
S0013187,PED006542,2024-10-29,C00482,P002,V016,R03,3,499.9,0.0
S0013188,PED006542,2024-10-29,C00482,P009,V016,R03,4,499.9,0.0
S0013189,PED006543,2024-10-17,C00511,P001,V004,R04,2,49.9,0.05
S0013190,PED006543,2024-10-17,C00511,P041,V004,R04,4,149.9,0.0
S0013191,PED006543,2024-10-17,C00511,P048,V004,R04,4,149.9,0.05
S0013192,PED006544,2023-12-07,C00484,P019,V004,R03,2,149.9,0.1
S0013193,PED006545,2025-02-26,C00679,P013,V018,R03,4,899.9,0.0
S0013194,PED006545,2025-02-26,C00679,P033,V018,R03,1,89.9,0.1
S0013195,PED006545,2025-02-26,C00679,P044,V018,R03,3,499.9,0.0
S0013196,PED006546,2025-09-18,C00607,P013,V013,R05,3,899.9,0.2
S0013197,PED006546,2025-09-18,C00607,P060,V013,R05,3,149.9,0.0
S0013198,PED006546,2025-09-18,C00607,P004,V013,R05,3,499.9,0.0
S0013199,PED006547,2024-12-14,C00475,P002,V017,R01,1,499.9,0.0
S0013200,PED006547,2024-12-14,C00475,P025,V017,R01,4,149.9,0.1
S0013201,PED006547,2024-12-14,C00475,P060,V017,R01,2,149.9,0.05
S0013202,PED006548,2023-10-07,C00512,P020,V005,R05,3,49.9,0.05
S0013203,PED006548,2023-10-07,C00512,P001,V005,R05,4,49.9,0.1
S0013204,PED006548,2023-10-07,C00512,P005,V005,R05,1,499.9,0.05
S0013205,PED006549,2024-09-13,C00486,P044,V002,R04,4,499.9,0.1
S0013206,PED006549,2024-09-13,C00486,P030,V002,R04,2,499.9,0.0
S0013207,PED006550,2025-04-23,C00677,P010,V013,R03,4,249.9,0.1
S0013208,PED006550,2025-04-23,C00677,P054,V013,R03,2,249.9,0.0
S0013209,PED006551,2025-11-12,C00600,P018,V010,R05,1,499.9,0.0
S0013210,PED006551,2025-11-12,C00600,P026,V010,R05,1,49.9,0.1
S0013211,PED006551,2025-11-12,C00600,P030,V010,R05,1,499.9,0.0
S0013212,PED006552,2023-07-12,C00697,P039,V018,R02,3,249.9,0.05
S0013213,PED006552,2023-07-12,C00697,P057,V018,R02,2,149.9,0.05
S0013214,PED006552,2023-07-12,C00697,P014,V018,R02,3,499.9,0.05
S0013215,PED006553,2023-06-08,C00574,P046,V022,R02,2,249.9,0.05
S0013216,PED006554,2024-04-11,C00588,P014,V017,R05,2,499.9,0.15
S0013217,PED006555,2023-06-06,C00686,P020,V019,R05,3,49.9,0.0
S0013218,PED006555,2023-06-06,C00686,P011,V019,R05,1,149.9,0.15
S0013219,PED006556,2025-12-15,C00512,P020,V005,R05,1,49.9,0.05
S0013220,PED006557,2024-04-25,C00424,P017,V017,R04,3,499.9,0.2
S0013221,PED006557,2024-04-25,C00424,P014,V017,R04,3,499.9,0.05
S0013222,PED006557,2024-04-25,C00424,P023,V017,R04,3,899.9,0.15
S0013223,PED006558,2024-09-01,C00684,P011,V001,R01,4,149.9,0.05
S0013224,PED006558,2024-09-01,C00684,P001,V001,R01,2,49.9,0.05
S0013225,PED006558,2024-09-01,C00684,P050,V001,R01,3,899.9,0.0
S0013226,PED006559,2023-10-01,C00460,P016,V001,R03,4,149.9,0.0
S0013227,PED006559,2023-10-01,C00460,P021,V001,R03,2,899.9,0.0
S0013228,PED006559,2023-10-01,C00460,P018,V001,R03,2,499.9,0.0
S0013229,PED006560,2024-05-25,C00192,P004,V008,R03,4,499.9,0.0
S0013230,PED006560,2024-05-25,C00192,P005,V008,R03,4,499.9,0.1
S0013231,PED006560,2024-05-25,C00192,P031,V008,R03,2,149.9,0.05
S0013232,PED006561,2025-12-18,C00586,P008,V020,R02,3,149.9,0.0
S0013233,PED006561,2025-12-18,C00586,P003,V020,R02,3,49.9,0.15
S0013234,PED006561,2025-12-18,C00586,P020,V020,R02,3,49.9,0.15
S0013235,PED006562,2024-07-09,C00581,P043,V009,R02,4,49.9,0.05
S0013236,PED006563,2023-01-12,C00482,P021,V015,R03,1,899.9,0.0
S0013237,PED006563,2023-01-12,C00482,P047,V015,R03,3,149.9,0.1
S0013238,PED006564,2023-10-17,C00575,P014,V010,R03,3,499.9,0.2
S0013239,PED006564,2023-10-17,C00575,P034,V010,R03,3,499.9,0.0
S0013240,PED006564,2023-10-17,C00575,P035,V010,R03,2,499.9,0.05
S0013241,PED006565,2025-12-13,C00468,P046,V015,R02,2,249.9,0.2
S0013242,PED006565,2025-12-13,C00468,P056,V015,R02,2,149.9,0.0
S0013243,PED006566,2025-12-22,C00693,P052,V006,R05,1,89.9,0.0
S0013244,PED006567,2023-09-13,C00652,P052,V009,R04,4,89.9,0.0
S0013245,PED006567,2023-09-13,C00652,P009,V009,R04,3,499.9,0.05
S0013246,PED006567,2023-09-13,C00652,P025,V009,R04,2,149.9,0.0
S0013247,PED006568,2024-11-19,C00542,P047,V013,R02,4,149.9,0.0
S0013248,PED006568,2024-11-19,C00542,P019,V013,R02,3,149.9,0.0
S0013249,PED006568,2024-11-19,C00542,P011,V013,R02,4,149.9,0.2
S0013250,PED006569,2023-04-08,C00467,P006,V016,R01,3,499.9,0.15
S0013251,PED006570,2024-10-18,C00505,P015,V019,R05,4,499.9,0.0
S0013252,PED006571,2023-06-06,C00631,P049,V003,R04,1,899.9,0.05
S0013253,PED006571,2023-06-06,C00631,P025,V003,R04,2,149.9,0.2
S0013254,PED006571,2023-06-06,C00631,P006,V003,R04,1,499.9,0.1
S0013255,PED006572,2025-07-06,C00639,P039,V017,R05,1,249.9,0.1
S0013256,PED006573,2025-11-12,C00628,P002,V009,R05,3,499.9,0.0
S0013257,PED006573,2025-11-12,C00628,P056,V009,R05,2,149.9,0.0
S0013258,PED006573,2025-11-12,C00628,P010,V009,R05,3,249.9,0.0
S0013259,PED006574,2023-07-31,C00672,P032,V008,R04,3,499.9,0.05
S0013260,PED006575,2024-06-09,C00665,P003,V024,R03,4,49.9,0.2
S0013261,PED006575,2024-06-09,C00665,P016,V024,R03,3,149.9,0.0
S0013262,PED006575,2024-06-09,C00665,P002,V024,R03,1,499.9,0.1
S0013263,PED006576,2023-05-09,C00677,P019,V002,R03,3,149.9,0.0
S0013264,PED006576,2023-05-09,C00677,P006,V002,R03,4,499.9,0.15
S0013265,PED006576,2023-05-09,C00677,P015,V002,R03,1,499.9,0.0
S0013266,PED006577,2024-01-08,C00570,P029,V009,R03,3,249.9,0.15
S0013267,PED006577,2024-01-08,C00570,P028,V009,R03,2,499.9,0.0
S0013268,PED006577,2024-01-08,C00570,P026,V009,R03,4,49.9,0.0
S0013269,PED006578,2023-03-25,C00591,P008,V012,R04,4,149.9,0.2
S0013270,PED006578,2023-03-25,C00591,P004,V012,R04,1,499.9,0.0
S0013271,PED006579,2023-11-06,C00586,P001,V007,R02,2,49.9,0.0
S0013272,PED006579,2023-11-06,C00586,P052,V007,R02,1,89.9,0.0
S0013273,PED006580,2025-12-23,C00649,P040,V008,R03,2,249.9,0.05
S0013274,PED006580,2025-12-23,C00649,P001,V008,R03,2,49.9,0.0
S0013275,PED006580,2025-12-23,C00649,P042,V008,R03,4,499.9,0.1
S0013276,PED006581,2023-02-28,C00498,P014,V001,R01,3,499.9,0.0
S0013277,PED006582,2025-08-23,C00642,P005,V006,R01,3,499.9,0.05
S0013278,PED006583,2023-04-09,C00001,P052,V012,R03,4,89.9,0.05
S0013279,PED006584,2024-08-27,C00468,P036,V002,R02,3,49.9,0.0
S0013280,PED006584,2024-08-27,C00468,P020,V002,R02,4,49.9,0.05
S0013281,PED006585,2024-05-28,C00584,P021,V016,R05,2,899.9,0.0
S0013282,PED006585,2024-05-28,C00584,P003,V016,R05,4,49.9,0.0
S0013283,PED006586,2025-11-06,C00472,P043,V002,R01,1,49.9,0.15
S0013284,PED006587,2023-08-31,C00597,P026,V023,R04,1,49.9,0.05
S0013285,PED006587,2023-08-31,C00597,P037,V023,R04,4,149.9,0.1
S0013286,PED006587,2023-08-31,C00597,P022,V023,R04,2,499.9,0.1
S0013287,PED006588,2023-08-08,C00500,P011,V012,R01,4,149.9,0.0
S0013288,PED006589,2025-04-14,C00664,P031,V013,R04,2,149.9,0.05
S0013289,PED006589,2025-04-14,C00664,P032,V013,R04,2,499.9,0.15
S0013290,PED006589,2025-04-14,C00664,P033,V013,R04,1,89.9,0.1
S0013291,PED006590,2025-03-17,C00569,P021,V003,R05,2,899.9,0.1
S0013292,PED006591,2025-02-11,C00622,P034,V001,R04,2,499.9,0.0
S0013293,PED006592,2023-02-03,C00509,P013,V023,R04,4,899.9,0.0
S0013294,PED006592,2023-02-03,C00509,P009,V023,R04,2,499.9,0.1
S0013295,PED006593,2023-11-02,C00642,P019,V001,R01,3,149.9,0.1
S0013296,PED006594,2025-07-31,C00623,P038,V007,R05,1,499.9,0.05
S0013297,PED006594,2025-07-31,C00623,P006,V007,R05,4,499.9,0.15
S0013298,PED006595,2024-11-08,C00447,P044,V005,R04,1,499.9,0.0
S0013299,PED006595,2024-11-08,C00447,P039,V005,R04,4,249.9,0.15
S0013300,PED006595,2024-11-08,C00447,P052,V005,R04,4,89.9,0.0
S0013301,PED006596,2024-11-09,C00502,P022,V008,R04,1,499.9,0.0
S0013302,PED006597,2023-11-29,C00658,P030,V019,R04,4,499.9,0.1
S0013303,PED006598,2023-11-03,C00677,P010,V021,R03,2,249.9,0.05
S0013304,PED006598,2023-11-03,C00677,P014,V021,R03,4,499.9,0.0
S0013305,PED006599,2025-11-17,C00684,P024,V003,R01,4,149.9,0.05
S0013306,PED006599,2025-11-17,C00684,P046,V003,R01,3,249.9,0.15
S0013307,PED006600,2025-03-20,C00671,P039,V007,R01,4,249.9,0.05
S0013308,PED006600,2025-03-20,C00671,P020,V007,R01,4,49.9,0.0
S0013309,PED006601,2023-06-07,C00660,P045,V016,R01,4,49.9,0.05
S0013310,PED006602,2025-11-11,C00503,P002,V009,R04,1,499.9,0.05
S0013311,PED006602,2025-11-11,C00503,P052,V009,R04,3,89.9,0.0
S0013312,PED006602,2025-11-11,C00503,P036,V009,R04,3,49.9,0.05
S0013313,PED006603,2024-10-23,C00530,P027,V022,R02,2,249.9,0.0
S0013314,PED006603,2024-10-23,C00530,P016,V022,R02,4,149.9,0.05
S0013315,PED006603,2024-10-23,C00530,P005,V022,R02,1,499.9,0.2
S0013316,PED006604,2024-01-01,C00458,P002,V007,R05,4,499.9,0.1
S0013317,PED006604,2024-01-01,C00458,P023,V007,R05,3,899.9,0.0
S0013318,PED006605,2024-03-23,C00695,P003,V004,R03,3,49.9,0.0
S0013319,PED006606,2025-03-17,C00607,P041,V002,R05,3,149.9,0.15
S0013320,PED006606,2025-03-17,C00607,P013,V002,R05,2,899.9,0.15
S0013321,PED006606,2025-03-17,C00607,P016,V002,R05,2,149.9,0.0
S0013322,PED006607,2024-02-26,C00550,P043,V004,R01,3,49.9,0.0
S0013323,PED006607,2024-02-26,C00550,P045,V004,R01,3,49.9,0.0
S0013324,PED006607,2024-02-26,C00550,P015,V004,R01,1,499.9,0.15
S0013325,PED006608,2024-10-19,C00640,P005,V020,R05,4,499.9,0.0
S0013326,PED006608,2024-10-19,C00640,P013,V020,R05,1,899.9,0.0
S0013327,PED006609,2025-02-27,C00681,P044,V001,R02,4,499.9,0.15
S0013328,PED006610,2023-08-27,C00475,P040,V016,R01,4,249.9,0.0
S0013329,PED006610,2023-08-27,C00475,P032,V016,R01,1,499.9,0.1
S0013330,PED006610,2023-08-27,C00475,P008,V016,R01,3,149.9,0.0
S0013331,PED006611,2025-11-15,C00633,P005,V011,R05,4,499.9,0.0
S0013332,PED006612,2024-01-30,C00523,P002,V024,R05,2,499.9,0.1
S0013333,PED006613,2024-04-19,C00577,P009,V024,R04,1,499.9,0.05
S0013334,PED006614,2025-02-10,C00470,P060,V011,R03,4,149.9,0.1
S0013335,PED006614,2025-02-10,C00470,P042,V011,R03,1,499.9,0.05
S0013336,PED006614,2025-02-10,C00470,P012,V011,R03,3,89.9,0.05
S0013337,PED006615,2024-11-14,C00646,P036,V009,R01,3,49.9,0.0
S0013338,PED006615,2024-11-14,C00646,P001,V009,R01,1,49.9,0.05
S0013339,PED006615,2024-11-14,C00646,P029,V009,R01,2,249.9,0.2
S0013340,PED006616,2024-05-14,C00627,P015,V007,R02,4,499.9,0.0
S0013341,PED006617,2024-12-17,C00566,P042,V009,R05,1,499.9,0.05
S0013342,PED006618,2025-10-10,C00533,P018,V015,R01,4,499.9,0.0
S0013343,PED006618,2025-10-10,C00533,P020,V015,R01,4,49.9,0.1
S0013344,PED006619,2025-06-14,C00509,P002,V012,R04,4,499.9,0.0
S0013345,PED006619,2025-06-14,C00509,P035,V012,R04,2,499.9,0.05
S0013346,PED006619,2025-06-14,C00509,P032,V012,R04,4,499.9,0.1
S0013347,PED006620,2025-07-12,C00634,P041,V011,R05,3,149.9,0.05
S0013348,PED006620,2025-07-12,C00634,P046,V011,R05,1,249.9,0.1
S0013349,PED006620,2025-07-12,C00634,P002,V011,R05,4,499.9,0.15
S0013350,PED006621,2023-11-01,C00688,P034,V003,R03,1,499.9,0.0
S0013351,PED006622,2024-04-19,C00590,P044,V019,R01,4,499.9,0.2
S0013352,PED006622,2024-04-19,C00590,P006,V019,R01,4,499.9,0.05
S0013353,PED006622,2024-04-19,C00590,P009,V019,R01,3,499.9,0.0
S0013354,PED006623,2024-09-23,C00547,P030,V007,R05,1,499.9,0.05
S0013355,PED006624,2023-02-28,C00586,P001,V021,R02,2,49.9,0.1
S0013356,PED006624,2023-02-28,C00586,P017,V021,R02,4,499.9,0.15
S0013357,PED006624,2023-02-28,C00586,P012,V021,R02,3,89.9,0.15
S0013358,PED006625,2025-05-10,C00538,P007,V011,R04,4,899.9,0.0
S0013359,PED006626,2023-12-23,C00537,P024,V017,R02,4,149.9,0.0
S0013360,PED006626,2023-12-23,C00537,P023,V017,R02,3,899.9,0.2
S0013361,PED006626,2023-12-23,C00537,P057,V017,R02,1,149.9,0.05
S0013362,PED006627,2023-11-19,C00623,P004,V019,R05,2,499.9,0.15
S0013363,PED006628,2023-11-02,C00595,P023,V003,R01,3,899.9,0.0
S0013364,PED006629,2023-11-20,C00690,P055,V018,R04,1,149.9,0.0
S0013365,PED006630,2024-01-07,C00488,P018,V002,R04,4,499.9,0.0
S0013366,PED006630,2024-01-07,C00488,P042,V002,R04,4,499.9,0.0
S0013367,PED006631,2024-11-11,C00658,P026,V011,R04,4,49.9,0.1
S0013368,PED006631,2024-11-11,C00658,P025,V011,R04,3,149.9,0.05
S0013369,PED006632,2024-10-24,C00634,P007,V002,R05,3,899.9,0.05
S0013370,PED006633,2023-10-30,C00277,P006,V023,R02,4,499.9,0.15
S0013371,PED006634,2023-09-08,C00484,P019,V019,R03,4,149.9,0.1
S0013372,PED006634,2023-09-08,C00484,P037,V019,R03,1,149.9,0.1
S0013373,PED006635,2025-07-15,C00176,P013,V012,R05,1,899.9,0.0
S0013374,PED006635,2025-07-15,C00176,P007,V012,R05,4,899.9,0.0
S0013375,PED006636,2023-04-28,C00522,P034,V004,R01,2,499.9,0.15
S0013376,PED006636,2023-04-28,C00522,P014,V004,R01,1,499.9,0.2
S0013377,PED006636,2023-04-28,C00522,P018,V004,R01,4,499.9,0.0
S0013378,PED006637,2024-08-07,C00531,P038,V015,R01,4,499.9,0.0
S0013379,PED006637,2024-08-07,C00531,P007,V015,R01,2,899.9,0.0
S0013380,PED006638,2024-08-17,C00507,P021,V010,R02,2,899.9,0.0
S0013381,PED006638,2024-08-17,C00507,P017,V010,R02,1,499.9,0.05
S0013382,PED006638,2024-08-17,C00507,P003,V010,R02,2,49.9,0.0
S0013383,PED006639,2024-10-14,C00542,P049,V013,R02,4,899.9,0.15
S0013384,PED006640,2025-09-22,C00554,P047,V007,R04,4,149.9,0.0
S0013385,PED006641,2024-11-25,C00542,P046,V007,R02,1,249.9,0.1
S0013386,PED006641,2024-11-25,C00542,P024,V007,R02,2,149.9,0.05
S0013387,PED006641,2024-11-25,C00542,P009,V007,R02,4,499.9,0.0
S0013388,PED006642,2025-12-09,C00649,P039,V005,R03,4,249.9,0.1
S0013389,PED006642,2025-12-09,C00649,P023,V005,R03,4,899.9,0.05
S0013390,PED006643,2025-09-06,C00564,P059,V007,R03,2,499.9,0.0
S0013391,PED006644,2023-09-17,C00560,P060,V004,R04,3,149.9,0.1
S0013392,PED006644,2023-09-17,C00560,P040,V004,R04,2,249.9,0.1
S0013393,PED006645,2023-10-15,C00486,P017,V003,R04,1,499.9,0.0
S0013394,PED006646,2024-01-15,C00666,P029,V010,R05,2,249.9,0.0
S0013395,PED006646,2024-01-15,C00666,P038,V010,R05,4,499.9,0.0
S0013396,PED006646,2024-01-15,C00666,P047,V010,R05,2,149.9,0.05
S0013397,PED006647,2024-03-16,C00549,P021,V001,R03,4,899.9,0.0
S0013398,PED006647,2024-03-16,C00549,P028,V001,R03,3,499.9,0.1
S0013399,PED006648,2024-09-22,C00676,P018,V010,R05,2,499.9,0.0
S0013400,PED006649,2023-10-07,C00552,P036,V014,R05,1,49.9,0.05
S0013401,PED006649,2023-10-07,C00552,P058,V014,R05,1,49.9,0.05
S0013402,PED006649,2023-10-07,C00552,P039,V014,R05,3,249.9,0.1
S0013403,PED006650,2023-09-26,C00561,P029,V008,R03,3,249.9,0.0
S0013404,PED006651,2024-03-04,C00603,P009,V008,R02,1,499.9,0.1
S0013405,PED006652,2025-01-07,C00574,P017,V001,R02,1,499.9,0.05
S0013406,PED006652,2025-01-07,C00574,P050,V001,R02,2,899.9,0.0
S0013407,PED006652,2025-01-07,C00574,P028,V001,R02,2,499.9,0.0
S0013408,PED006653,2025-01-28,C00500,P010,V015,R01,4,249.9,0.0
S0013409,PED006653,2025-01-28,C00500,P019,V015,R01,4,149.9,0.0
S0013410,PED006654,2025-12-11,C00525,P036,V009,R01,1,49.9,0.0
S0013411,PED006654,2025-12-11,C00525,P033,V009,R01,4,89.9,0.05
S0013412,PED006655,2023-09-04,C00539,P014,V020,R04,4,499.9,0.0
S0013413,PED006655,2023-09-04,C00539,P027,V020,R04,4,249.9,0.1
S0013414,PED006656,2024-03-18,C00532,P058,V014,R04,1,49.9,0.05
S0013415,PED006656,2024-03-18,C00532,P040,V014,R04,4,249.9,0.0
S0013416,PED006657,2025-12-01,C00512,P049,V005,R05,1,899.9,0.15
S0013417,PED006657,2025-12-01,C00512,P027,V005,R05,2,249.9,0.05
S0013418,PED006658,2025-01-30,C00605,P053,V004,R03,1,49.9,0.0
S0013419,PED006658,2025-01-30,C00605,P017,V004,R03,4,499.9,0.05
S0013420,PED006659,2024-11-01,C00697,P053,V009,R02,4,49.9,0.2
S0013421,PED006659,2024-11-01,C00697,P014,V009,R02,1,499.9,0.0
S0013422,PED006660,2024-09-08,C00570,P039,V022,R03,4,249.9,0.0
S0013423,PED006660,2024-09-08,C00570,P006,V022,R03,2,499.9,0.0
S0013424,PED006661,2023-04-07,C00573,P017,V018,R01,2,499.9,0.0
S0013425,PED006662,2025-09-30,C00623,P002,V009,R05,3,499.9,0.0
S0013426,PED006663,2024-11-26,C00489,P040,V010,R03,3,249.9,0.0
S0013427,PED006663,2024-11-26,C00489,P025,V010,R03,4,149.9,0.0
S0013428,PED006663,2024-11-26,C00489,P048,V010,R03,2,149.9,0.1
S0013429,PED006664,2024-10-12,C00697,P004,V022,R02,4,499.9,0.0
S0013430,PED006664,2024-10-12,C00697,P059,V022,R02,2,499.9,0.0
S0013431,PED006664,2024-10-12,C00697,P058,V022,R02,1,49.9,0.0
S0013432,PED006665,2024-09-07,C00525,P046,V001,R01,4,249.9,0.0
S0013433,PED006665,2024-09-07,C00525,P009,V001,R01,4,499.9,0.1
S0013434,PED006666,2024-03-16,C00612,P043,V006,R05,1,49.9,0.0
S0013435,PED006666,2024-03-16,C00612,P012,V006,R05,3,89.9,0.05
S0013436,PED006666,2024-03-16,C00612,P013,V006,R05,3,899.9,0.0
S0013437,PED006667,2023-10-29,C00690,P044,V023,R04,1,499.9,0.05
S0013438,PED006667,2023-10-29,C00690,P035,V023,R04,3,499.9,0.1
S0013439,PED006667,2023-10-29,C00690,P012,V023,R04,3,89.9,0.1
S0013440,PED006668,2025-04-22,C00622,P008,V011,R04,3,149.9,0.15
S0013441,PED006668,2025-04-22,C00622,P034,V011,R04,1,499.9,0.0
S0013442,PED006668,2025-04-22,C00622,P019,V011,R04,4,149.9,0.1
S0013443,PED006669,2024-08-04,C00539,P011,V013,R04,3,149.9,0.1
S0013444,PED006670,2023-02-14,C00625,P019,V003,R05,4,149.9,0.0
S0013445,PED006670,2023-02-14,C00625,P005,V003,R05,4,499.9,0.1
S0013446,PED006670,2023-02-14,C00625,P034,V003,R05,2,499.9,0.0
S0013447,PED006671,2024-03-25,C00611,P015,V004,R01,3,499.9,0.05
S0013448,PED006671,2024-03-25,C00611,P003,V004,R01,1,49.9,0.05
S0013449,PED006671,2024-03-25,C00611,P010,V004,R01,3,249.9,0.15
S0013450,PED006672,2025-11-04,C00508,P021,V007,R04,4,899.9,0.05
S0013451,PED006672,2025-11-04,C00508,P033,V007,R04,3,89.9,0.05
S0013452,PED006673,2024-02-23,C00690,P012,V014,R04,2,89.9,0.1
S0013453,PED006674,2024-04-11,C00548,P024,V016,R05,2,149.9,0.1
S0013454,PED006675,2024-11-25,C00619,P034,V010,R01,1,499.9,0.05
S0013455,PED006675,2024-11-25,C00619,P001,V010,R01,3,49.9,0.0
S0013456,PED006675,2024-11-25,C00619,P002,V010,R01,1,499.9,0.0
S0013457,PED006676,2025-06-16,C00587,P015,V017,R04,3,499.9,0.05
S0013458,PED006676,2025-06-16,C00587,P026,V017,R04,4,49.9,0.05
S0013459,PED006677,2025-01-02,C00682,P051,V002,R01,1,899.9,0.1
S0013460,PED006677,2025-01-02,C00682,P046,V002,R01,1,249.9,0.0
S0013461,PED006678,2025-08-12,C00665,P005,V017,R03,1,499.9,0.0
S0013462,PED006678,2025-08-12,C00665,P030,V017,R03,3,499.9,0.15
S0013463,PED006678,2025-08-12,C00665,P035,V017,R03,2,499.9,0.15
S0013464,PED006679,2023-05-23,C00690,P015,V009,R04,1,499.9,0.0
S0013465,PED006679,2023-05-23,C00690,P049,V009,R04,4,899.9,0.05
S0013466,PED006680,2025-11-01,C00619,P021,V002,R01,4,899.9,0.0
S0013467,PED006681,2025-10-11,C00490,P016,V002,R03,2,149.9,0.05
S0013468,PED006681,2025-10-11,C00490,P057,V002,R03,4,149.9,0.1
S0013469,PED006681,2025-10-11,C00490,P059,V002,R03,4,499.9,0.1
S0013470,PED006682,2024-08-15,C00667,P059,V005,R04,3,499.9,0.0
S0013471,PED006682,2024-08-15,C00667,P044,V005,R04,3,499.9,0.1
S0013472,PED006682,2024-08-15,C00667,P025,V005,R04,2,149.9,0.0
S0013473,PED006683,2024-11-26,C00496,P048,V008,R01,3,149.9,0.0
S0013474,PED006683,2024-11-26,C00496,P034,V008,R01,4,499.9,0.1
S0013475,PED006683,2024-11-26,C00496,P029,V008,R01,3,249.9,0.05
S0013476,PED006684,2023-09-15,C00494,P030,V021,R05,2,499.9,0.1
S0013477,PED006685,2024-05-23,C00566,P020,V021,R05,2,49.9,0.05
S0013478,PED006685,2024-05-23,C00566,P054,V021,R05,1,249.9,0.05
S0013479,PED006686,2023-09-04,C00628,P037,V013,R05,2,149.9,0.05
S0013480,PED006687,2023-01-29,C00580,P033,V013,R01,3,89.9,0.1
S0013481,PED006688,2025-12-15,C00510,P006,V018,R02,3,499.9,0.05
S0013482,PED006689,2023-11-02,C00473,P039,V009,R03,3,249.9,0.0
S0013483,PED006689,2023-11-02,C00473,P006,V009,R03,4,499.9,0.15
S0013484,PED006689,2023-11-02,C00473,P015,V009,R03,2,499.9,0.0
S0013485,PED006690,2024-11-02,C00577,P003,V003,R04,1,49.9,0.05
S0013486,PED006690,2024-11-02,C00577,P039,V003,R04,2,249.9,0.15
S0013487,PED006691,2023-12-03,C00525,P023,V021,R01,4,899.9,0.0
S0013488,PED006691,2023-12-03,C00525,P006,V021,R01,3,499.9,0.2
S0013489,PED006692,2024-02-18,C00619,P014,V018,R01,3,499.9,0.0
S0013490,PED006692,2024-02-18,C00619,P018,V018,R01,2,499.9,0.0
S0013491,PED006693,2024-03-23,C00186,P028,V019,R01,3,499.9,0.05
S0013492,PED006693,2024-03-23,C00186,P008,V019,R01,1,149.9,0.0
S0013493,PED006694,2024-01-03,C00613,P029,V001,R02,2,249.9,0.15
S0013494,PED006694,2024-01-03,C00613,P026,V001,R02,3,49.9,0.2
S0013495,PED006695,2024-12-06,C00700,P013,V019,R02,1,899.9,0.1
S0013496,PED006696,2025-11-28,C00668,P032,V021,R04,4,499.9,0.1
S0013497,PED006697,2024-04-30,C00557,P004,V003,R03,2,499.9,0.0
S0013498,PED006697,2024-04-30,C00557,P012,V003,R03,3,89.9,0.1
S0013499,PED006697,2024-04-30,C00557,P039,V003,R03,3,249.9,0.15
S0013500,PED006698,2025-12-08,C00499,P032,V023,R04,3,499.9,0.1
S0013501,PED006698,2025-12-08,C00499,P040,V023,R04,3,249.9,0.05
S0013502,PED006698,2025-12-08,C00499,P008,V023,R04,4,149.9,0.0
S0013503,PED006699,2025-01-02,C00227,P029,V007,R03,1,249.9,0.1
S0013504,PED006700,2024-11-12,C00478,P032,V002,R03,2,499.9,0.05
S0013505,PED006700,2024-11-12,C00478,P050,V002,R03,2,899.9,0.0
S0013506,PED006700,2024-11-12,C00478,P009,V002,R03,1,499.9,0.0
S0013507,PED006701,2023-10-11,C00352,P016,V004,R01,1,149.9,0.15
S0013508,PED006701,2023-10-11,C00352,P003,V004,R01,1,49.9,0.15
S0013509,PED006702,2023-03-22,C00479,P015,V001,R01,4,499.9,0.1
S0013510,PED006702,2023-03-22,C00479,P019,V001,R01,4,149.9,0.0
S0013511,PED006702,2023-03-22,C00479,P014,V001,R01,4,499.9,0.05
S0013512,PED006703,2025-08-15,C00682,P030,V019,R01,4,499.9,0.05
S0013513,PED006704,2024-10-14,C00531,P040,V011,R01,4,249.9,0.1
S0013514,PED006705,2024-04-13,C00539,P001,V005,R04,3,49.9,0.2
S0013515,PED006705,2024-04-13,C00539,P039,V005,R04,4,249.9,0.1
S0013516,PED006706,2025-06-28,C00640,P052,V014,R05,2,89.9,0.1
S0013517,PED006706,2025-06-28,C00640,P021,V014,R05,1,899.9,0.15
S0013518,PED006707,2023-12-12,C00464,P013,V015,R04,2,899.9,0.0
S0013519,PED006707,2023-12-12,C00464,P051,V015,R04,1,899.9,0.0
S0013520,PED006708,2025-05-26,C00565,P019,V007,R04,4,149.9,0.0
S0013521,PED006708,2025-05-26,C00565,P047,V007,R04,2,149.9,0.0
S0013522,PED006708,2025-05-26,C00565,P014,V007,R04,4,499.9,0.0
S0013523,PED006709,2023-12-27,C00551,P028,V003,R02,1,499.9,0.1
S0013524,PED006709,2023-12-27,C00551,P002,V003,R02,4,499.9,0.05
S0013525,PED006709,2023-12-27,C00551,P032,V003,R02,3,499.9,0.05
S0013526,PED006710,2025-10-28,C00617,P038,V024,R01,1,499.9,0.05
S0013527,PED006710,2025-10-28,C00617,P017,V024,R01,2,499.9,0.1
S0013528,PED006710,2025-10-28,C00617,P043,V024,R01,1,49.9,0.0
S0013529,PED006711,2023-11-08,C00482,P006,V018,R03,3,499.9,0.0
S0013530,PED006711,2023-11-08,C00482,P028,V018,R03,4,499.9,0.0
S0013531,PED006711,2023-11-08,C00482,P025,V018,R03,4,149.9,0.0
S0013532,PED006712,2023-06-19,C00521,P007,V005,R02,4,899.9,0.1
S0013533,PED006712,2023-06-19,C00521,P041,V005,R02,3,149.9,0.05
S0013534,PED006713,2025-02-10,C00487,P009,V007,R05,2,499.9,0.0
S0013535,PED006713,2025-02-10,C00487,P034,V007,R05,2,499.9,0.0
S0013536,PED006714,2023-07-19,C00627,P019,V003,R02,1,149.9,0.15
S0013537,PED006714,2023-07-19,C00627,P057,V003,R02,3,149.9,0.05
S0013538,PED006715,2025-11-19,C00474,P031,V007,R04,3,149.9,0.05
S0013539,PED006716,2024-12-22,C00669,P026,V009,R03,3,49.9,0.05
S0013540,PED006717,2023-10-05,C00510,P023,V006,R02,1,899.9,0.0
S0013541,PED006718,2023-09-11,C00587,P025,V008,R04,4,149.9,0.1
S0013542,PED006718,2023-09-11,C00587,P018,V008,R04,3,499.9,0.05
S0013543,PED006718,2023-09-11,C00587,P021,V008,R04,1,899.9,0.0
S0013544,PED006719,2025-10-31,C00652,P020,V017,R04,2,49.9,0.1
S0013545,PED006720,2024-11-13,C00463,P020,V010,R05,3,49.9,0.15
S0013546,PED006721,2025-10-01,C00569,P044,V019,R05,1,499.9,0.05
S0013547,PED006722,2023-05-19,C00641,P052,V023,R03,2,89.9,0.0
S0013548,PED006723,2025-11-01,C00548,P009,V011,R05,2,499.9,0.05
S0013549,PED006724,2024-08-16,C00635,P032,V001,R01,2,499.9,0.0
S0013550,PED006725,2025-01-02,C00662,P024,V019,R02,3,149.9,0.05
S0013551,PED006725,2025-01-02,C00662,P051,V019,R02,1,899.9,0.05
S0013552,PED006726,2024-02-22,C00533,P025,V022,R01,1,149.9,0.0
S0013553,PED006727,2023-03-18,C00496,P020,V020,R01,2,49.9,0.1
S0013554,PED006728,2025-11-26,C00569,P020,V005,R05,1,49.9,0.0
S0013555,PED006728,2025-11-26,C00569,P016,V005,R05,3,149.9,0.1
S0013556,PED006729,2025-12-27,C00609,P034,V016,R05,4,499.9,0.05
S0013557,PED006730,2024-02-10,C00676,P055,V014,R05,4,149.9,0.05
S0013558,PED006730,2024-02-10,C00676,P012,V014,R05,3,89.9,0.05
S0013559,PED006731,2025-11-15,C00482,P018,V002,R03,4,499.9,0.0
S0013560,PED006732,2023-07-25,C00477,P031,V009,R01,4,149.9,0.0
S0013561,PED006733,2023-07-09,C00567,P047,V005,R03,3,149.9,0.0
S0013562,PED006733,2023-07-09,C00567,P025,V005,R03,1,149.9,0.05
S0013563,PED006733,2023-07-09,C00567,P027,V005,R03,1,249.9,0.05
S0013564,PED006734,2023-04-04,C00557,P003,V012,R03,1,49.9,0.0
S0013565,PED006735,2024-03-16,C00461,P033,V018,R03,2,89.9,0.0
S0013566,PED006735,2024-03-16,C00461,P011,V018,R03,3,149.9,0.05
S0013567,PED006736,2023-03-09,C00467,P016,V005,R01,4,149.9,0.1
S0013568,PED006737,2024-03-20,C00548,P019,V017,R05,1,149.9,0.05
S0013569,PED006737,2024-03-20,C00548,P013,V017,R05,3,899.9,0.1
S0013570,PED006738,2023-06-20,C00606,P017,V020,R01,2,499.9,0.05
S0013571,PED006738,2023-06-20,C00606,P002,V020,R01,1,499.9,0.15
S0013572,PED006739,2025-03-23,C00624,P019,V008,R05,3,149.9,0.05
S0013573,PED006739,2025-03-23,C00624,P014,V008,R05,1,499.9,0.0
S0013574,PED006740,2025-07-23,C00682,P036,V011,R01,4,49.9,0.0
S0013575,PED006741,2025-01-27,C00524,P001,V009,R01,4,49.9,0.0
S0013576,PED006742,2023-09-02,C00552,P024,V008,R05,3,149.9,0.2
S0013577,PED006742,2023-09-02,C00552,P048,V008,R05,3,149.9,0.0
S0013578,PED006742,2023-09-02,C00552,P037,V008,R05,4,149.9,0.0
S0013579,PED006743,2025-05-06,C00612,P033,V018,R05,4,89.9,0.0
S0013580,PED006743,2025-05-06,C00612,P001,V018,R05,4,49.9,0.0
S0013581,PED006744,2023-10-24,C00665,P016,V021,R03,3,149.9,0.05
S0013582,PED006744,2023-10-24,C00665,P052,V021,R03,4,89.9,0.1
S0013583,PED006744,2023-10-24,C00665,P008,V021,R03,3,149.9,0.0
S0013584,PED006745,2025-04-28,C00577,P037,V005,R04,3,149.9,0.1
S0013585,PED006746,2024-10-08,C00537,P032,V002,R02,3,499.9,0.15
S0013586,PED006747,2024-02-13,C00699,P050,V006,R03,1,899.9,0.0
S0013587,PED006748,2023-04-16,C00463,P013,V019,R05,3,899.9,0.1
S0013588,PED006748,2023-04-16,C00463,P029,V019,R05,3,249.9,0.0
S0013589,PED006749,2025-07-16,C00688,P013,V003,R03,4,899.9,0.15
S0013590,PED006749,2025-07-16,C00688,P029,V003,R03,2,249.9,0.0
S0013591,PED006750,2025-11-12,C00616,P051,V002,R01,1,899.9,0.15
S0013592,PED006751,2024-12-31,C00608,P021,V007,R04,2,899.9,0.0
S0013593,PED006751,2024-12-31,C00608,P051,V007,R04,1,899.9,0.0
S0013594,PED006751,2024-12-31,C00608,P048,V007,R04,2,149.9,0.0
S0013595,PED006752,2025-12-01,C00649,P043,V004,R03,4,49.9,0.15
S0013596,PED006752,2025-12-01,C00649,P015,V004,R03,3,499.9,0.05
S0013597,PED006752,2025-12-01,C00649,P005,V004,R03,3,499.9,0.15
S0013598,PED006753,2025-11-08,C00579,P014,V005,R03,1,499.9,0.1
S0013599,PED006753,2025-11-08,C00579,P008,V005,R03,3,149.9,0.05
S0013600,PED006753,2025-11-08,C00579,P026,V005,R03,2,49.9,0.0
S0013601,PED006754,2023-08-26,C00577,P011,V010,R04,1,149.9,0.15
S0013602,PED006755,2025-03-24,C00606,P028,V011,R01,2,499.9,0.15
S0013603,PED006756,2024-01-21,C00642,P017,V020,R01,3,499.9,0.1
S0013604,PED006757,2024-07-08,C00638,P043,V012,R04,3,49.9,0.15
S0013605,PED006758,2023-07-12,C00663,P015,V016,R01,2,499.9,0.05
S0013606,PED006758,2023-07-12,C00663,P038,V016,R01,2,499.9,0.0
S0013607,PED006759,2025-12-10,C00584,P010,V009,R05,3,249.9,0.05
S0013608,PED006759,2025-12-10,C00584,P014,V009,R05,3,499.9,0.0
S0013609,PED006760,2025-03-18,C00508,P028,V015,R04,4,499.9,0.1
S0013610,PED006761,2023-11-08,C00202,P011,V012,R04,1,149.9,0.0
S0013611,PED006761,2023-11-08,C00202,P008,V012,R04,2,149.9,0.05
S0013612,PED006761,2023-11-08,C00202,P024,V012,R04,3,149.9,0.05
S0013613,PED006762,2024-02-20,C00578,P026,V001,R04,1,49.9,0.1
S0013614,PED006763,2024-04-23,C00616,P032,V015,R01,3,499.9,0.15
S0013615,PED006763,2024-04-23,C00616,P041,V015,R01,1,149.9,0.0
S0013616,PED006764,2025-04-13,C00621,P010,V014,R05,1,249.9,0.0
S0013617,PED006764,2025-04-13,C00621,P052,V014,R05,3,89.9,0.0
S0013618,PED006765,2025-11-02,C00495,P060,V002,R05,2,149.9,0.0
S0013619,PED006765,2025-11-02,C00495,P030,V002,R05,3,499.9,0.0
S0013620,PED006766,2023-12-21,C00460,P012,V013,R03,1,89.9,0.15
S0013621,PED006766,2023-12-21,C00460,P018,V013,R03,1,499.9,0.0
S0013622,PED006766,2023-12-21,C00460,P010,V013,R03,3,249.9,0.05
S0013623,PED006767,2024-06-20,C00665,P047,V012,R03,2,149.9,0.05
S0013624,PED006767,2024-06-20,C00665,P024,V012,R03,2,149.9,0.0
S0013625,PED006767,2024-06-20,C00665,P010,V012,R03,3,249.9,0.15
S0013626,PED006768,2024-11-02,C00664,P052,V002,R04,2,89.9,0.0
S0013627,PED006768,2024-11-02,C00664,P011,V002,R04,1,149.9,0.1
S0013628,PED006769,2024-03-18,C00686,P038,V007,R05,1,499.9,0.1
S0013629,PED006770,2024-07-28,C00466,P042,V022,R05,4,499.9,0.0
S0013630,PED006770,2024-07-28,C00466,P006,V022,R05,4,499.9,0.1
S0013631,PED006771,2023-05-13,C00688,P033,V011,R03,1,89.9,0.15
S0013632,PED006771,2023-05-13,C00688,P032,V011,R03,4,499.9,0.1
S0013633,PED006772,2023-07-25,C00515,P025,V011,R04,1,149.9,0.1
S0013634,PED006772,2023-07-25,C00515,P015,V011,R04,2,499.9,0.05
S0013635,PED006773,2024-03-27,C00459,P033,V015,R03,4,89.9,0.05
S0013636,PED006773,2024-03-27,C00459,P036,V015,R03,1,49.9,0.2
S0013637,PED006773,2024-03-27,C00459,P039,V015,R03,2,249.9,0.05
S0013638,PED006774,2025-10-22,C00619,P009,V008,R01,1,499.9,0.1
S0013639,PED006774,2025-10-22,C00619,P039,V008,R01,2,249.9,0.15
S0013640,PED006774,2025-10-22,C00619,P052,V008,R01,4,89.9,0.05
S0013641,PED006775,2024-01-21,C00562,P050,V003,R01,3,899.9,0.05
S0013642,PED006776,2023-10-24,C00616,P004,V018,R01,4,499.9,0.05
S0013643,PED006777,2025-04-07,C00460,P011,V009,R03,2,149.9,0.1
S0013644,PED006777,2025-04-07,C00460,P022,V009,R03,1,499.9,0.1
S0013645,PED006777,2025-04-07,C00460,P036,V009,R03,4,49.9,0.1
S0013646,PED006778,2025-11-19,C00694,P023,V006,R03,1,899.9,0.0
S0013647,PED006778,2025-11-19,C00694,P039,V006,R03,3,249.9,0.05
S0013648,PED006779,2024-06-05,C00624,P015,V007,R05,2,499.9,0.05
S0013649,PED006779,2024-06-05,C00624,P033,V007,R05,1,89.9,0.0
S0013650,PED006779,2024-06-05,C00624,P027,V007,R05,3,249.9,0.15
S0013651,PED006780,2023-01-11,C00472,P022,V002,R01,3,499.9,0.0
S0013652,PED006780,2023-01-11,C00472,P039,V002,R01,2,249.9,0.05
S0013653,PED006781,2025-01-28,C00662,P012,V020,R02,4,89.9,0.2
S0013654,PED006782,2024-04-14,C00600,P034,V003,R05,1,499.9,0.0
S0013655,PED006782,2024-04-14,C00600,P046,V003,R05,2,249.9,0.0
S0013656,PED006783,2025-01-09,C00463,P023,V009,R05,1,899.9,0.0
S0013657,PED006784,2023-11-16,C00514,P038,V006,R04,4,499.9,0.0
S0013658,PED006784,2023-11-16,C00514,P005,V006,R04,1,499.9,0.05
S0013659,PED006785,2023-01-04,C00676,P014,V021,R05,1,499.9,0.1
S0013660,PED006785,2023-01-04,C00676,P045,V021,R05,3,49.9,0.0
S0013661,PED006786,2024-01-15,C00688,P058,V010,R03,2,49.9,0.05
S0013662,PED006786,2024-01-15,C00688,P032,V010,R03,4,499.9,0.0
S0013663,PED006787,2025-02-19,C00608,P021,V006,R04,4,899.9,0.0
S0013664,PED006788,2024-03-18,C00476,P019,V014,R01,4,149.9,0.0
S0013665,PED006789,2023-09-22,C00244,P027,V014,R05,2,249.9,0.2
S0013666,PED006790,2024-06-11,C00377,P058,V009,R05,2,49.9,0.0
S0013667,PED006790,2024-06-11,C00377,P032,V009,R05,2,499.9,0.05
S0013668,PED006791,2025-04-19,C00691,P039,V007,R02,1,249.9,0.0
S0013669,PED006792,2023-05-29,C00475,P047,V005,R01,2,149.9,0.05
S0013670,PED006793,2025-02-01,C00665,P008,V020,R03,3,149.9,0.1
S0013671,PED006794,2025-01-01,C00617,P058,V005,R01,2,49.9,0.05
S0013672,PED006794,2025-01-01,C00617,P043,V005,R01,4,49.9,0.15
S0013673,PED006794,2025-01-01,C00617,P003,V005,R01,4,49.9,0.1
S0013674,PED006795,2024-02-19,C00513,P041,V019,R05,1,149.9,0.15
S0013675,PED006795,2024-02-19,C00513,P003,V019,R05,3,49.9,0.15
S0013676,PED006796,2025-12-06,C00633,P046,V017,R05,2,249.9,0.1
S0013677,PED006796,2025-12-06,C00633,P001,V017,R05,4,49.9,0.15
S0013678,PED006797,2025-10-02,C00483,P019,V010,R04,1,149.9,0.05
S0013679,PED006797,2025-10-02,C00483,P044,V010,R04,2,499.9,0.1
S0013680,PED006798,2023-12-17,C00498,P043,V001,R01,2,49.9,0.05
S0013681,PED006798,2023-12-17,C00498,P047,V001,R01,4,149.9,0.2
S0013682,PED006798,2023-12-17,C00498,P007,V001,R01,2,899.9,0.05
S0013683,PED006799,2023-02-10,C00636,P035,V008,R04,4,499.9,0.0
S0013684,PED006799,2023-02-10,C00636,P029,V008,R04,4,249.9,0.0
S0013685,PED006799,2023-02-10,C00636,P018,V008,R04,3,499.9,0.05
S0013686,PED006800,2023-12-10,C00583,P040,V022,R01,3,249.9,0.05
S0013687,PED006800,2023-12-10,C00583,P038,V022,R01,3,499.9,0.05
S0013688,PED006801,2023-09-06,C00573,P030,V005,R01,1,499.9,0.2
S0013689,PED006801,2023-09-06,C00573,P016,V005,R01,1,149.9,0.0
S0013690,PED006802,2024-09-16,C00609,P020,V007,R05,3,49.9,0.0
S0013691,PED006802,2024-09-16,C00609,P058,V007,R05,4,49.9,0.0
S0013692,PED006803,2025-10-26,C00607,P007,V004,R05,1,899.9,0.05
S0013693,PED006803,2025-10-26,C00607,P015,V004,R05,1,499.9,0.05
S0013694,PED006803,2025-10-26,C00607,P047,V004,R05,3,149.9,0.05
S0013695,PED006804,2025-09-05,C00462,P034,V019,R04,1,499.9,0.0
S0013696,PED006805,2023-12-08,C00647,P010,V011,R04,2,249.9,0.0
S0013697,PED006805,2023-12-08,C00647,P007,V011,R04,1,899.9,0.2
S0013698,PED006806,2024-04-30,C00626,P027,V007,R02,1,249.9,0.05
S0013699,PED006806,2024-04-30,C00626,P021,V007,R02,1,899.9,0.1
S0013700,PED006806,2024-04-30,C00626,P026,V007,R02,1,49.9,0.0
S0013701,PED006807,2023-02-17,C00649,P022,V024,R03,3,499.9,0.05
S0013702,PED006807,2023-02-17,C00649,P016,V024,R03,4,149.9,0.2
S0013703,PED006807,2023-02-17,C00649,P025,V024,R03,3,149.9,0.0
S0013704,PED006808,2024-09-13,C00528,P003,V006,R03,2,49.9,0.05
S0013705,PED006809,2023-03-23,C00606,P004,V022,R01,1,499.9,0.0
S0013706,PED006810,2025-11-11,C00646,P032,V014,R01,4,499.9,0.1
S0013707,PED006810,2025-11-11,C00646,P030,V014,R01,4,499.9,0.0
S0013708,PED006811,2025-09-01,C00474,P031,V012,R04,3,149.9,0.0
S0013709,PED006811,2025-09-01,C00474,P015,V012,R04,3,499.9,0.0
S0013710,PED006811,2025-09-01,C00474,P030,V012,R04,1,499.9,0.0
S0013711,PED006812,2023-09-17,C00529,P002,V010,R04,4,499.9,0.15
S0013712,PED006812,2023-09-17,C00529,P043,V010,R04,1,49.9,0.0
S0013713,PED006812,2023-09-17,C00529,P025,V010,R04,4,149.9,0.2
S0013714,PED006813,2025-02-12,C00628,P044,V014,R05,3,499.9,0.0
S0013715,PED006813,2025-02-12,C00628,P043,V014,R05,1,49.9,0.0
S0013716,PED006813,2025-02-12,C00628,P020,V014,R05,1,49.9,0.0
S0013717,PED006814,2024-10-08,C00570,P012,V010,R03,4,89.9,0.1
S0013718,PED006814,2024-10-08,C00570,P047,V010,R03,1,149.9,0.0
S0013719,PED006815,2025-06-16,C00575,P025,V011,R03,2,149.9,0.05
S0013720,PED006815,2025-06-16,C00575,P003,V011,R03,2,49.9,0.0
S0013721,PED006815,2025-06-16,C00575,P022,V011,R03,4,499.9,0.0
S0013722,PED006816,2024-06-24,C00041,P035,V024,R04,2,499.9,0.05
S0013723,PED006816,2024-06-24,C00041,P012,V024,R04,4,89.9,0.1
S0013724,PED006817,2023-08-22,C00002,P033,V009,R01,4,89.9,0.0
S0013725,PED006817,2023-08-22,C00002,P014,V009,R01,1,499.9,0.05
S0013726,PED006818,2024-12-08,C00503,P045,V010,R04,3,49.9,0.0
S0013727,PED006819,2023-04-12,C00684,P035,V018,R01,4,499.9,0.1
S0013728,PED006820,2024-10-25,C00465,P016,V022,R05,4,149.9,0.0
S0013729,PED006820,2024-10-25,C00465,P030,V022,R05,4,499.9,0.05
S0013730,PED006820,2024-10-25,C00465,P024,V022,R05,1,149.9,0.05
S0013731,PED006821,2023-09-15,C00682,P041,V012,R01,4,149.9,0.05
S0013732,PED006821,2023-09-15,C00682,P012,V012,R01,4,89.9,0.2
S0013733,PED006821,2023-09-15,C00682,P011,V012,R01,2,149.9,0.05
S0013734,PED006822,2025-01-24,C00579,P036,V005,R03,1,49.9,0.0
S0013735,PED006822,2025-01-24,C00579,P014,V005,R03,4,499.9,0.1
S0013736,PED006823,2025-07-17,C00666,P004,V014,R05,2,499.9,0.05
S0013737,PED006824,2023-05-18,C00556,P004,V018,R01,1,499.9,0.05
S0013738,PED006824,2023-05-18,C00556,P012,V018,R01,4,89.9,0.15
S0013739,PED006825,2024-03-26,C00074,P020,V015,R05,1,49.9,0.0
S0013740,PED006826,2025-03-27,C00699,P048,V017,R03,1,149.9,0.05
S0013741,PED006826,2025-03-27,C00699,P036,V017,R03,3,49.9,0.2
S0013742,PED006827,2023-07-20,C00690,P051,V020,R04,2,899.9,0.0
S0013743,PED006827,2023-07-20,C00690,P043,V020,R04,2,49.9,0.0
S0013744,PED006828,2024-10-07,C00620,P009,V023,R01,4,499.9,0.0
S0013745,PED006829,2025-01-07,C00487,P026,V014,R05,3,49.9,0.15
S0013746,PED006830,2024-01-28,C00573,P032,V012,R01,3,499.9,0.05
S0013747,PED006830,2024-01-28,C00573,P023,V012,R01,1,899.9,0.15
S0013748,PED006831,2025-07-22,C00660,P032,V022,R01,3,499.9,0.0
S0013749,PED006831,2025-07-22,C00660,P011,V022,R01,3,149.9,0.05
S0013750,PED006831,2025-07-22,C00660,P046,V022,R01,3,249.9,0.1
S0013751,PED006832,2024-08-05,C00646,P019,V007,R01,4,149.9,0.05
S0013752,PED006832,2024-08-05,C00646,P040,V007,R01,1,249.9,0.05
S0013753,PED006833,2024-11-27,C00629,P001,V007,R02,1,49.9,0.05
S0013754,PED006833,2024-11-27,C00629,P029,V007,R02,3,249.9,0.0
S0013755,PED006834,2023-06-23,C00562,P021,V001,R01,1,899.9,0.05
S0013756,PED006834,2023-06-23,C00562,P002,V001,R01,3,499.9,0.0
S0013757,PED006834,2023-06-23,C00562,P011,V001,R01,3,149.9,0.0
S0013758,PED006835,2023-01-30,C00505,P012,V003,R05,3,89.9,0.0
S0013759,PED006835,2023-01-30,C00505,P055,V003,R05,2,149.9,0.05
S0013760,PED006835,2023-01-30,C00505,P011,V003,R05,3,149.9,0.0
S0013761,PED006836,2023-03-08,C00574,P038,V012,R02,4,499.9,0.05
S0013762,PED006837,2025-10-11,C00497,P012,V023,R04,3,89.9,0.05
S0013763,PED006837,2025-10-11,C00497,P021,V023,R04,1,899.9,0.05
S0013764,PED006838,2025-09-19,C00530,P006,V017,R02,2,499.9,0.0
S0013765,PED006838,2025-09-19,C00530,P054,V017,R02,4,249.9,0.15
S0013766,PED006839,2025-06-23,C00543,P048,V014,R04,1,149.9,0.0
S0013767,PED006840,2023-09-01,C00668,P010,V009,R04,1,249.9,0.0
S0013768,PED006841,2024-08-22,C00489,P021,V002,R03,3,899.9,0.0
S0013769,PED006841,2024-08-22,C00489,P012,V002,R03,2,89.9,0.05
S0013770,PED006841,2024-08-22,C00489,P011,V002,R03,2,149.9,0.05
S0013771,PED006842,2025-06-10,C00583,P006,V013,R01,1,499.9,0.0
S0013772,PED006842,2025-06-10,C00583,P003,V013,R01,4,49.9,0.1
S0013773,PED006843,2025-01-10,C00374,P028,V002,R04,3,499.9,0.05
S0013774,PED006844,2023-05-25,C00507,P034,V008,R02,4,499.9,0.0
S0013775,PED006844,2023-05-25,C00507,P031,V008,R02,4,149.9,0.2
S0013776,PED006844,2023-05-25,C00507,P052,V008,R02,3,89.9,0.2
S0013777,PED006845,2025-10-03,C00458,P003,V004,R05,4,49.9,0.05
S0013778,PED006845,2025-10-03,C00458,P033,V004,R05,2,89.9,0.0
S0013779,PED006846,2023-07-16,C00692,P015,V005,R04,2,499.9,0.05
S0013780,PED006846,2023-07-16,C00692,P004,V005,R04,2,499.9,0.05
S0013781,PED006847,2023-07-30,C00696,P005,V012,R01,3,499.9,0.0
S0013782,PED006847,2023-07-30,C00696,P045,V012,R01,3,49.9,0.0
S0013783,PED006848,2025-10-08,C00699,P021,V018,R03,4,899.9,0.15
S0013784,PED006849,2024-07-05,C00612,P030,V012,R05,4,499.9,0.0
S0013785,PED006850,2024-02-22,C00497,P010,V006,R04,2,249.9,0.0
S0013786,PED006851,2024-09-23,C00654,P017,V002,R05,1,499.9,0.0
S0013787,PED006851,2024-09-23,C00654,P031,V002,R05,1,149.9,0.1
S0013788,PED006851,2024-09-23,C00654,P014,V002,R05,2,499.9,0.05
S0013789,PED006852,2025-12-15,C00652,P044,V016,R04,1,499.9,0.15
S0013790,PED006852,2025-12-15,C00652,P011,V016,R04,1,149.9,0.05
S0013791,PED006852,2025-12-15,C00652,P040,V016,R04,2,249.9,0.05
S0013792,PED006853,2023-05-30,C00559,P034,V008,R01,3,499.9,0.1
S0013793,PED006853,2023-05-30,C00559,P014,V008,R01,1,499.9,0.0
S0013794,PED006853,2023-05-30,C00559,P028,V008,R01,3,499.9,0.15
S0013795,PED006854,2025-04-24,C00578,P021,V015,R04,1,899.9,0.0
S0013796,PED006854,2025-04-24,C00578,P023,V015,R04,2,899.9,0.1
S0013797,PED006855,2024-01-02,C00592,P049,V023,R05,3,899.9,0.0
S0013798,PED006855,2024-01-02,C00592,P047,V023,R05,2,149.9,0.05
S0013799,PED006856,2023-05-27,C00676,P002,V002,R05,3,499.9,0.05
S0013800,PED006856,2023-05-27,C00676,P001,V002,R05,3,49.9,0.0
S0013801,PED006857,2024-04-22,C00662,P024,V004,R02,3,149.9,0.05
S0013802,PED006857,2024-04-22,C00662,P039,V004,R02,4,249.9,0.2
S0013803,PED006857,2024-04-22,C00662,P009,V004,R02,1,499.9,0.15
S0013804,PED006858,2024-09-18,C00581,P006,V007,R02,1,499.9,0.05
S0013805,PED006858,2024-09-18,C00581,P008,V007,R02,2,149.9,0.0
S0013806,PED006859,2023-09-08,C00507,P040,V008,R02,1,249.9,0.0
S0013807,PED006860,2024-04-02,C00531,P003,V002,R01,1,49.9,0.1
S0013808,PED006861,2024-12-04,C00035,P009,V024,R02,1,499.9,0.0
S0013809,PED006862,2024-10-17,C00623,P044,V001,R05,4,499.9,0.0
S0013810,PED006863,2025-03-14,C00550,P007,V004,R01,3,899.9,0.1
S0013811,PED006863,2025-03-14,C00550,P005,V004,R01,3,499.9,0.0
S0013812,PED006864,2025-07-27,C00468,P024,V004,R02,4,149.9,0.0
S0013813,PED006865,2024-04-06,C00649,P014,V014,R03,4,499.9,0.1
S0013814,PED006865,2024-04-06,C00649,P038,V014,R03,1,499.9,0.15
S0013815,PED006866,2024-04-23,C00018,P005,V008,R01,4,499.9,0.0
S0013816,PED006866,2024-04-23,C00018,P038,V008,R01,1,499.9,0.1
S0013817,PED006867,2024-07-19,C00565,P041,V010,R04,1,149.9,0.0
S0013818,PED006867,2024-07-19,C00565,P001,V010,R04,4,49.9,0.1
S0013819,PED006868,2024-10-07,C00510,P020,V009,R02,2,49.9,0.05
S0013820,PED006868,2024-10-07,C00510,P053,V009,R02,2,49.9,0.05
S0013821,PED006869,2023-05-16,C00647,P005,V022,R04,4,499.9,0.1
S0013822,PED006869,2023-05-16,C00647,P038,V022,R04,4,499.9,0.15
S0013823,PED006869,2023-05-16,C00647,P029,V022,R04,1,249.9,0.1
S0013824,PED006870,2023-12-14,C00599,P004,V019,R04,4,499.9,0.1
S0013825,PED006871,2023-07-30,C00508,P017,V015,R04,3,499.9,0.0
S0013826,PED006872,2024-03-09,C00631,P051,V013,R04,2,899.9,0.05
S0013827,PED006873,2025-12-08,C00469,P007,V007,R04,1,899.9,0.1
S0013828,PED006873,2025-12-08,C00469,P012,V007,R04,3,89.9,0.05
S0013829,PED006873,2025-12-08,C00469,P026,V007,R04,4,49.9,0.05
S0013830,PED006874,2024-10-23,C00505,P014,V005,R05,4,499.9,0.0
S0013831,PED006874,2024-10-23,C00505,P034,V005,R05,2,499.9,0.15
S0013832,PED006874,2024-10-23,C00505,P037,V005,R05,3,149.9,0.1
S0013833,PED006875,2024-05-01,C00471,P006,V010,R01,2,499.9,0.0
S0013834,PED006876,2024-10-06,C00164,P007,V021,R01,2,899.9,0.0
S0013835,PED006876,2024-10-06,C00164,P017,V021,R01,2,499.9,0.0
S0013836,PED006876,2024-10-06,C00164,P019,V021,R01,1,149.9,0.15
S0013837,PED006877,2025-01-03,C00514,P035,V006,R04,2,499.9,0.1
S0013838,PED006877,2025-01-03,C00514,P007,V006,R04,3,899.9,0.05
S0013839,PED006878,2024-05-08,C00634,P003,V003,R05,1,49.9,0.05
S0013840,PED006878,2024-05-08,C00634,P045,V003,R05,1,49.9,0.05
S0013841,PED006879,2024-05-23,C00663,P025,V001,R01,3,149.9,0.0
S0013842,PED006879,2024-05-23,C00663,P050,V001,R01,1,899.9,0.0
S0013843,PED006879,2024-05-23,C00663,P006,V001,R01,2,499.9,0.15
S0013844,PED006880,2025-02-14,C00476,P009,V012,R01,2,499.9,0.0
S0013845,PED006880,2025-02-14,C00476,P024,V012,R01,1,149.9,0.05
S0013846,PED006881,2023-03-20,C00460,P003,V014,R03,3,49.9,0.05
S0013847,PED006882,2024-09-08,C00579,P001,V013,R03,3,49.9,0.0
S0013848,PED006882,2024-09-08,C00579,P040,V013,R03,3,249.9,0.05
S0013849,PED006883,2024-09-16,C00566,P033,V009,R05,4,89.9,0.0
S0013850,PED006884,2025-04-24,C00647,P008,V001,R04,2,149.9,0.05
S0013851,PED006885,2025-12-16,C00463,P046,V014,R05,2,249.9,0.05
S0013852,PED006885,2025-12-16,C00463,P058,V014,R05,4,49.9,0.15
S0013853,PED006885,2025-12-16,C00463,P021,V014,R05,1,899.9,0.0
S0013854,PED006886,2025-06-09,C00051,P015,V013,R01,3,499.9,0.1
S0013855,PED006886,2025-06-09,C00051,P004,V013,R01,4,499.9,0.0
S0013856,PED006887,2024-07-28,C00623,P022,V021,R05,1,499.9,0.0
S0013857,PED006887,2024-07-28,C00623,P034,V021,R05,2,499.9,0.0
S0013858,PED006888,2023-07-27,C00599,P059,V007,R04,1,499.9,0.0
S0013859,PED006889,2024-10-29,C00621,P041,V003,R05,4,149.9,0.0
S0013860,PED006889,2024-10-29,C00621,P060,V003,R05,2,149.9,0.1
S0013861,PED006890,2025-07-25,C00569,P015,V018,R05,2,499.9,0.1
S0013862,PED006891,2025-11-07,C00033,P035,V008,R04,2,499.9,0.0
S0013863,PED006891,2025-11-07,C00033,P001,V008,R04,1,49.9,0.0
S0013864,PED006891,2025-11-07,C00033,P015,V008,R04,3,499.9,0.1
S0013865,PED006892,2025-07-14,C00493,P018,V004,R01,3,499.9,0.0
S0013866,PED006892,2025-07-14,C00493,P028,V004,R01,2,499.9,0.05
S0013867,PED006892,2025-07-14,C00493,P006,V004,R01,2,499.9,0.05
S0013868,PED006893,2023-08-19,C00626,P035,V014,R02,2,499.9,0.0
S0013869,PED006893,2023-08-19,C00626,P059,V014,R02,1,499.9,0.0
S0013870,PED006893,2023-08-19,C00626,P030,V014,R02,1,499.9,0.05
S0013871,PED006894,2025-03-01,C00529,P029,V009,R04,3,249.9,0.1
S0013872,PED006895,2025-09-16,C00491,P033,V002,R02,3,89.9,0.05
S0013873,PED006896,2025-01-19,C00679,P029,V004,R03,3,249.9,0.0
S0013874,PED006896,2025-01-19,C00679,P052,V004,R03,1,89.9,0.1
S0013875,PED006896,2025-01-19,C00679,P041,V004,R03,3,149.9,0.1
S0013876,PED006897,2025-01-25,C00690,P012,V022,R04,2,89.9,0.05
S0013877,PED006898,2024-07-23,C00530,P023,V006,R02,1,899.9,0.05
S0013878,PED006899,2024-12-05,C00598,P007,V003,R01,4,899.9,0.0
S0013879,PED006900,2023-11-28,C00685,P014,V024,R02,2,499.9,0.05
S0013880,PED006900,2023-11-28,C00685,P009,V024,R02,3,499.9,0.2
S0013881,PED006901,2023-04-23,C00534,P010,V001,R03,2,249.9,0.05
S0013882,PED006901,2023-04-23,C00534,P034,V001,R03,1,499.9,0.05
S0013883,PED006902,2025-07-17,C00488,P057,V017,R04,4,149.9,0.0
S0013884,PED006903,2025-11-15,C00668,P013,V012,R04,4,899.9,0.1
S0013885,PED006904,2025-08-20,C00673,P020,V004,R01,2,49.9,0.2
S0013886,PED006904,2025-08-20,C00673,P001,V004,R01,3,49.9,0.0
S0013887,PED006904,2025-08-20,C00673,P036,V004,R01,2,49.9,0.05
S0013888,PED006905,2024-01-02,C00519,P019,V012,R03,4,149.9,0.1
S0013889,PED006905,2024-01-02,C00519,P016,V012,R03,1,149.9,0.1
S0013890,PED006906,2023-04-29,C00039,P014,V014,R03,4,499.9,0.0
S0013891,PED006907,2023-11-18,C00501,P011,V002,R03,1,149.9,0.0
S0013892,PED006907,2023-11-18,C00501,P003,V002,R03,4,49.9,0.0
S0013893,PED006907,2023-11-18,C00501,P054,V002,R03,4,249.9,0.05
S0013894,PED006908,2025-08-04,C00551,P015,V012,R02,2,499.9,0.15
S0013895,PED006908,2025-08-04,C00551,P032,V012,R02,4,499.9,0.05
S0013896,PED006909,2024-12-22,C00479,P030,V017,R01,2,499.9,0.05
S0013897,PED006909,2024-12-22,C00479,P023,V017,R01,3,899.9,0.1
S0013898,PED006909,2024-12-22,C00479,P048,V017,R01,2,149.9,0.0
S0013899,PED006910,2025-12-03,C00618,P053,V011,R01,1,49.9,0.1
S0013900,PED006910,2025-12-03,C00618,P023,V011,R01,4,899.9,0.05
S0013901,PED006911,2024-01-13,C00637,P055,V007,R05,3,149.9,0.0
S0013902,PED006912,2024-09-21,C00464,P023,V004,R04,1,899.9,0.05
S0013903,PED006912,2024-09-21,C00464,P020,V004,R04,3,49.9,0.05
S0013904,PED006912,2024-09-21,C00464,P022,V004,R04,2,499.9,0.05
S0013905,PED006913,2025-06-03,C00573,P031,V011,R01,2,149.9,0.1
S0013906,PED006913,2025-06-03,C00573,P035,V011,R01,3,499.9,0.1
S0013907,PED006913,2025-06-03,C00573,P018,V011,R01,4,499.9,0.1
S0013908,PED006914,2023-10-08,C00621,P055,V016,R05,2,149.9,0.0
S0013909,PED006914,2023-10-08,C00621,P008,V016,R05,3,149.9,0.05
S0013910,PED006915,2025-11-30,C00504,P011,V016,R03,1,149.9,0.1
S0013911,PED006916,2024-11-01,C00512,P028,V022,R05,3,499.9,0.1
S0013912,PED006916,2024-11-01,C00512,P027,V022,R05,4,249.9,0.0
S0013913,PED006916,2024-11-01,C00512,P056,V022,R05,4,149.9,0.0
S0013914,PED006917,2023-01-11,C00698,P025,V003,R05,1,149.9,0.1
S0013915,PED006918,2023-02-02,C00676,P016,V021,R05,2,149.9,0.1
S0013916,PED006918,2023-02-02,C00676,P046,V021,R05,4,249.9,0.1
S0013917,PED006919,2025-09-18,C00637,P023,V022,R05,2,899.9,0.0
S0013918,PED006919,2025-09-18,C00637,P020,V022,R05,1,49.9,0.15
S0013919,PED006919,2025-09-18,C00637,P054,V022,R05,2,249.9,0.1
S0013920,PED006920,2024-12-13,C00512,P001,V006,R05,3,49.9,0.05
S0013921,PED006920,2024-12-13,C00512,P024,V006,R05,2,149.9,0.0
S0013922,PED006920,2024-12-13,C00512,P051,V006,R05,4,899.9,0.05
S0013923,PED006921,2025-05-02,C00491,P046,V015,R02,1,249.9,0.0
S0013924,PED006922,2025-05-27,C00691,P058,V020,R02,2,49.9,0.1
S0013925,PED006922,2025-05-27,C00691,P048,V020,R02,2,149.9,0.05
S0013926,PED006922,2025-05-27,C00691,P045,V020,R02,2,49.9,0.05
S0013927,PED006923,2024-04-20,C00460,P022,V005,R03,2,499.9,0.1
S0013928,PED006923,2024-04-20,C00460,P024,V005,R03,4,149.9,0.05
S0013929,PED006924,2025-06-13,C00496,P047,V014,R01,4,149.9,0.0
S0013930,PED006924,2025-06-13,C00496,P003,V014,R01,1,49.9,0.05
S0013931,PED006924,2025-06-13,C00496,P026,V014,R01,3,49.9,0.1
S0013932,PED006925,2025-11-10,C00647,P040,V018,R04,2,249.9,0.0
S0013933,PED006925,2025-11-10,C00647,P027,V018,R04,1,249.9,0.0
S0013934,PED006926,2023-07-30,C00526,P017,V005,R05,2,499.9,0.0
S0013935,PED006927,2025-05-03,C00476,P003,V002,R01,1,49.9,0.05
S0013936,PED006927,2025-05-03,C00476,P001,V002,R01,1,49.9,0.0
S0013937,PED006927,2025-05-03,C00476,P002,V002,R01,3,499.9,0.0
S0013938,PED006928,2023-12-10,C00517,P035,V013,R04,3,499.9,0.2
S0013939,PED006928,2023-12-10,C00517,P012,V013,R04,3,89.9,0.2
S0013940,PED006929,2023-12-21,C00269,P012,V013,R01,4,89.9,0.0
S0013941,PED006930,2024-04-11,C00634,P055,V014,R05,4,149.9,0.2
S0013942,PED006931,2025-08-28,C00546,P017,V007,R04,4,499.9,0.0
S0013943,PED006931,2025-08-28,C00546,P037,V007,R04,2,149.9,0.0
S0013944,PED006931,2025-08-28,C00546,P011,V007,R04,2,149.9,0.0
S0013945,PED006932,2023-01-29,C00512,P001,V001,R05,4,49.9,0.05
S0013946,PED006932,2023-01-29,C00512,P030,V001,R05,2,499.9,0.0
S0013947,PED006932,2023-01-29,C00512,P016,V001,R05,3,149.9,0.0
S0013948,PED006933,2024-05-07,C00696,P037,V015,R01,3,149.9,0.05
S0013949,PED006933,2024-05-07,C00696,P011,V015,R01,1,149.9,0.1
S0013950,PED006933,2024-05-07,C00696,P035,V015,R01,1,499.9,0.1
S0013951,PED006934,2025-01-17,C00562,P003,V003,R01,2,49.9,0.0
S0013952,PED006935,2023-05-19,C00458,P011,V003,R05,2,149.9,0.15
S0013953,PED006935,2023-05-19,C00458,P038,V003,R05,4,499.9,0.2
S0013954,PED006936,2025-06-05,C00461,P013,V013,R03,3,899.9,0.0
S0013955,PED006936,2025-06-05,C00461,P049,V013,R03,4,899.9,0.1
S0013956,PED006937,2025-11-14,C00685,P002,V024,R02,3,499.9,0.1
S0013957,PED006937,2025-11-14,C00685,P011,V024,R02,4,149.9,0.0
S0013958,PED006937,2025-11-14,C00685,P021,V024,R02,2,899.9,0.0
S0013959,PED006938,2023-04-26,C00619,P048,V020,R01,2,149.9,0.05
S0013960,PED006938,2023-04-26,C00619,P051,V020,R01,4,899.9,0.05
S0013961,PED006938,2023-04-26,C00619,P040,V020,R01,4,249.9,0.05
S0013962,PED006939,2023-07-07,C00599,P014,V004,R04,3,499.9,0.05
S0013963,PED006939,2023-07-07,C00599,P008,V004,R04,3,149.9,0.0
S0013964,PED006940,2025-12-09,C00695,P001,V018,R03,4,49.9,0.0
S0013965,PED006940,2025-12-09,C00695,P047,V018,R03,3,149.9,0.15
S0013966,PED006941,2023-08-30,C00539,P054,V005,R04,1,249.9,0.0
S0013967,PED006941,2023-08-30,C00539,P035,V005,R04,1,499.9,0.1
S0013968,PED006941,2023-08-30,C00539,P058,V005,R04,3,49.9,0.1
S0013969,PED006942,2023-04-11,C00642,P001,V009,R01,2,49.9,0.0
S0013970,PED006942,2023-04-11,C00642,P022,V009,R01,3,499.9,0.05
S0013971,PED006943,2025-11-21,C00471,P010,V013,R01,3,249.9,0.0
S0013972,PED006944,2025-09-30,C00620,P037,V015,R01,2,149.9,0.0
S0013973,PED006944,2025-09-30,C00620,P011,V015,R01,4,149.9,0.0
S0013974,PED006944,2025-09-30,C00620,P038,V015,R01,2,499.9,0.05
S0013975,PED006945,2024-12-22,C00664,P007,V015,R04,3,899.9,0.0
S0013976,PED006945,2024-12-22,C00664,P051,V015,R04,2,899.9,0.1
S0013977,PED006946,2024-09-21,C00608,P046,V021,R04,2,249.9,0.05
S0013978,PED006946,2024-09-21,C00608,P006,V021,R04,1,499.9,0.0
S0013979,PED006946,2024-09-21,C00608,P054,V021,R04,3,249.9,0.1
S0013980,PED006947,2025-10-26,C00494,P014,V022,R05,2,499.9,0.05
S0013981,PED006947,2025-10-26,C00494,P019,V022,R05,4,149.9,0.15
S0013982,PED006948,2024-12-22,C00661,P025,V007,R01,1,149.9,0.05
S0013983,PED006949,2024-12-24,C00691,P002,V020,R02,1,499.9,0.0
S0013984,PED006950,2025-08-05,C00647,P004,V014,R04,2,499.9,0.15
S0013985,PED006950,2025-08-05,C00647,P048,V014,R04,2,149.9,0.0
S0013986,PED006950,2025-08-05,C00647,P038,V014,R04,1,499.9,0.05
S0013987,PED006951,2024-12-20,C00620,P060,V002,R01,4,149.9,0.2
S0013988,PED006951,2024-12-20,C00620,P023,V002,R01,4,899.9,0.05
S0013989,PED006952,2024-07-28,C00631,P005,V002,R04,2,499.9,0.1
S0013990,PED006952,2024-07-28,C00631,P013,V002,R04,3,899.9,0.1
S0013991,PED006952,2024-07-28,C00631,P043,V002,R04,2,49.9,0.0
S0013992,PED006953,2024-03-14,C00494,P004,V015,R05,3,499.9,0.1
S0013993,PED006953,2024-03-14,C00494,P033,V015,R05,2,89.9,0.0
S0013994,PED006953,2024-03-14,C00494,P022,V015,R05,2,499.9,0.05
S0013995,PED006954,2024-07-27,C00646,P024,V009,R01,3,149.9,0.15
S0013996,PED006954,2024-07-27,C00646,P012,V009,R01,1,89.9,0.1
S0013997,PED006954,2024-07-27,C00646,P029,V009,R01,1,249.9,0.1
S0013998,PED006955,2024-08-19,C00504,P024,V002,R03,3,149.9,0.05
S0013999,PED006955,2024-08-19,C00504,P034,V002,R03,3,499.9,0.05
S0014000,PED006955,2024-08-19,C00504,P029,V002,R03,2,249.9,0.0
S0014001,PED006956,2024-02-05,C00491,P021,V012,R02,4,899.9,0.15
S0014002,PED006956,2024-02-05,C00491,P023,V012,R02,1,899.9,0.1
S0014003,PED006957,2024-05-23,C00503,P044,V001,R04,4,499.9,0.1
S0014004,PED006958,2025-06-16,C00523,P005,V022,R05,3,499.9,0.0
S0014005,PED006958,2025-06-16,C00523,P007,V022,R05,1,899.9,0.0
S0014006,PED006959,2024-04-15,C00669,P023,V001,R03,2,899.9,0.1
S0014007,PED006959,2024-04-15,C00669,P013,V001,R03,1,899.9,0.05
S0014008,PED006960,2023-02-02,C00511,P038,V011,R04,2,499.9,0.05
S0014009,PED006960,2023-02-02,C00511,P007,V011,R04,4,899.9,0.1
S0014010,PED006961,2023-11-20,C00593,P059,V004,R01,2,499.9,0.05
S0014011,PED006961,2023-11-20,C00593,P007,V004,R01,2,899.9,0.05
S0014012,PED006962,2023-10-06,C00524,P033,V020,R01,3,89.9,0.0
S0014013,PED006962,2023-10-06,C00524,P048,V020,R01,2,149.9,0.0
S0014014,PED006963,2025-06-07,C00530,P044,V016,R02,1,499.9,0.1
S0014015,PED006963,2025-06-07,C00530,P020,V016,R02,1,49.9,0.1
S0014016,PED006964,2024-05-25,C00530,P006,V006,R02,1,499.9,0.0
S0014017,PED006964,2024-05-25,C00530,P004,V006,R02,3,499.9,0.0
S0014018,PED006965,2023-11-18,C00698,P014,V019,R05,4,499.9,0.0
S0014019,PED006965,2023-11-18,C00698,P034,V019,R05,1,499.9,0.05
S0014020,PED006965,2023-11-18,C00698,P009,V019,R05,3,499.9,0.05
S0014021,PED006966,2025-06-26,C00501,P026,V009,R03,4,49.9,0.0
S0014022,PED006966,2025-06-26,C00501,P053,V009,R03,1,49.9,0.05
S0014023,PED006967,2023-01-25,C00611,P036,V018,R01,4,49.9,0.0
S0014024,PED006968,2023-08-02,C00598,P001,V017,R01,1,49.9,0.2
S0014025,PED006968,2023-08-02,C00598,P007,V017,R01,1,899.9,0.0
S0014026,PED006969,2025-07-16,C00457,P048,V006,R01,2,149.9,0.05
S0014027,PED006969,2025-07-16,C00457,P035,V006,R01,4,499.9,0.05
S0014028,PED006969,2025-07-16,C00457,P010,V006,R01,1,249.9,0.1
S0014029,PED006970,2024-09-20,C00589,P001,V005,R01,1,49.9,0.1
S0014030,PED006970,2024-09-20,C00589,P031,V005,R01,2,149.9,0.15
S0014031,PED006971,2025-05-14,C00481,P030,V013,R03,3,499.9,0.1
S0014032,PED006971,2025-05-14,C00481,P004,V013,R03,1,499.9,0.1
S0014033,PED006971,2025-05-14,C00481,P016,V013,R03,3,149.9,0.0
S0014034,PED006972,2025-07-29,C00603,P032,V014,R02,4,499.9,0.0
S0014035,PED006972,2025-07-29,C00603,P003,V014,R02,2,49.9,0.05
S0014036,PED006972,2025-07-29,C00603,P045,V014,R02,3,49.9,0.0
S0014037,PED006973,2025-11-14,C00506,P026,V009,R04,2,49.9,0.0
S0014038,PED006973,2025-11-14,C00506,P037,V009,R04,2,149.9,0.05
S0014039,PED006974,2023-03-23,C00005,P031,V003,R01,4,149.9,0.0
S0014040,PED006975,2025-06-13,C00668,P021,V024,R04,1,899.9,0.15
S0014041,PED006975,2025-06-13,C00668,P056,V024,R04,1,149.9,0.05
S0014042,PED006976,2025-02-24,C00469,P052,V024,R04,3,89.9,0.0
S0014043,PED006977,2023-09-09,C00644,P027,V013,R02,1,249.9,0.05
S0014044,PED006977,2023-09-09,C00644,P016,V013,R02,3,149.9,0.2
S0014045,PED006977,2023-09-09,C00644,P043,V013,R02,3,49.9,0.15
S0014046,PED006978,2025-11-06,C00365,P047,V022,R02,1,149.9,0.15
S0014047,PED006978,2025-11-06,C00365,P019,V022,R02,1,149.9,0.1
S0014048,PED006979,2024-03-31,C00645,P008,V005,R01,4,149.9,0.05
S0014049,PED006979,2024-03-31,C00645,P026,V005,R01,1,49.9,0.0
S0014050,PED006980,2025-09-24,C00495,P007,V004,R05,2,899.9,0.0
S0014051,PED006980,2025-09-24,C00495,P005,V004,R05,2,499.9,0.0
S0014052,PED006980,2025-09-24,C00495,P038,V004,R05,2,499.9,0.1
S0014053,PED006981,2024-11-11,C00542,P036,V005,R02,4,49.9,0.05
S0014054,PED006981,2024-11-11,C00542,P003,V005,R02,3,49.9,0.0
S0014055,PED006981,2024-11-11,C00542,P050,V005,R02,4,899.9,0.1
S0014056,PED006982,2024-08-24,C00637,P045,V013,R05,2,49.9,0.15
S0014057,PED006982,2024-08-24,C00637,P042,V013,R05,3,499.9,0.1
S0014058,PED006982,2024-08-24,C00637,P032,V013,R05,1,499.9,0.0
S0014059,PED006983,2023-07-15,C00664,P045,V022,R04,3,49.9,0.0
S0014060,PED006984,2025-10-22,C00622,P016,V006,R04,4,149.9,0.0
S0014061,PED006984,2025-10-22,C00622,P004,V006,R04,1,499.9,0.1
S0014062,PED006984,2025-10-22,C00622,P031,V006,R04,3,149.9,0.05
S0014063,PED006985,2024-09-26,C00627,P007,V010,R02,1,899.9,0.0
S0014064,PED006986,2023-01-08,C00583,P046,V018,R01,1,249.9,0.0
S0014065,PED006987,2023-01-24,C00504,P042,V021,R03,1,499.9,0.15
S0014066,PED006988,2025-05-19,C00497,P009,V009,R04,4,499.9,0.0
S0014067,PED006988,2025-05-19,C00497,P005,V009,R04,4,499.9,0.0
S0014068,PED006988,2025-05-19,C00497,P057,V009,R04,1,149.9,0.2
S0014069,PED006989,2023-07-18,C00183,P016,V019,R01,1,149.9,0.05
S0014070,PED006990,2024-11-06,C00518,P004,V018,R02,1,499.9,0.0
S0014071,PED006990,2024-11-06,C00518,P036,V018,R02,4,49.9,0.1
S0014072,PED006991,2025-01-19,C00625,P023,V014,R05,2,899.9,0.1
S0014073,PED006991,2025-01-19,C00625,P040,V014,R05,3,249.9,0.05
S0014074,PED006992,2023-11-17,C00478,P019,V009,R03,3,149.9,0.0
S0014075,PED006993,2024-10-10,C00536,P027,V010,R05,4,249.9,0.05
S0014076,PED006993,2024-10-10,C00536,P036,V010,R05,3,49.9,0.0
S0014077,PED006993,2024-10-10,C00536,P031,V010,R05,2,149.9,0.0
S0014078,PED006994,2023-10-14,C00237,P027,V020,R01,2,249.9,0.0
S0014079,PED006994,2023-10-14,C00237,P021,V020,R01,4,899.9,0.0
S0014080,PED006994,2023-10-14,C00237,P005,V020,R01,4,499.9,0.0
S0014081,PED006995,2025-11-17,C00462,P036,V002,R04,1,49.9,0.0
S0014082,PED006995,2025-11-17,C00462,P048,V002,R04,3,149.9,0.05
S0014083,PED006996,2025-08-24,C00509,P016,V004,R04,2,149.9,0.2
S0014084,PED006996,2025-08-24,C00509,P022,V004,R04,3,499.9,0.05
S0014085,PED006997,2023-11-23,C00529,P005,V005,R04,3,499.9,0.0
S0014086,PED006997,2023-11-23,C00529,P001,V005,R04,4,49.9,0.0
S0014087,PED006997,2023-11-23,C00529,P016,V005,R04,2,149.9,0.15
S0014088,PED006998,2024-08-26,C00507,P030,V004,R02,3,499.9,0.05
S0014089,PED006998,2024-08-26,C00507,P060,V004,R02,3,149.9,0.0
S0014090,PED006999,2024-07-24,C00549,P018,V002,R03,3,499.9,0.0
S0014091,PED006999,2024-07-24,C00549,P032,V002,R03,1,499.9,0.05
S0014092,PED006999,2024-07-24,C00549,P011,V002,R03,1,149.9,0.1
S0014093,PED007000,2025-11-27,C00580,P053,V014,R01,3,49.9,0.0
S0014094,PED007000,2025-11-27,C00580,P058,V014,R01,1,49.9,0.0
